url,type,priority,quality score (1-5),thin,words,messages,empty blocks,title claims,shortfall,FAQs,internal links in,verified errors,assessment,what to add
https://blog.123greetings.com/messages-for-5th-anniversary/,page,high,1,yes,30,1,0,50,49,0,1,1,"This is essentially an empty page: 1 real message (and 2 empty blocks) against a '50+' title and a meta promising wood-themed, funny and romantic wishes.","• Add 50+ messages in sections: For Husband, For Wife, For a Couple, Funny, Wood-Themed ('knock on wood', 'deep roots'), Romantic, Religious/Blessings.
• Add an intro: the 5th anniversary is wood (traditional) and silverware (modern), with gift ideas.
• Add tips and sign-offs such as 'Five years rooted in love'.
• Add FAQs: 'What is the 5th anniversary gift?', 'What do you write in a 5th anniversary card?'
• Link internally to /messages-for-1st-anniversary/, /messages-for-10th-anniversary/, /anniversary-messages-for-husband/, /anniversary-messages-for-wife/, /wedding-anniversary-messages/.
• Add an eCard CTA for anniversary eCards."
https://blog.123greetings.com/easter-messages/,page,high,1,yes,31,2,0,75,73,0,1,2,"Just two pun messages and two empty blocks under a “75+ … Blessed” title. There are no religious wishes, date, sections or FAQ on one of the highest-volume greeting queries.","• Intro: Easter 2027 is Sunday, March 28, 2027. Briefly cover its meaning (the Resurrection) and secular traditions (eggs, the Easter bunny).
• Add “Religious / He Is Risen” (15, including short scripture lines such as Matthew 28:6), “For Family” (10), “For Friends” (10), “For Kids & Grandkids” (10), “For Coworkers” (6), “Funny / Bunny Puns” (12), “Short Texts” (15) and “Easter Card Sign-offs” (10).
• Add Good Friday / Holy Week and Easter Monday lines.
• FAQs: When is Easter 2027? What do you write in an Easter card? When to use religious vs. non-religious wishes? How do you say Happy Easter in Spanish or Italian?
• Link /family-messages/, /friendship-messages/ and /everyday-messages/.
• eCard CTA for both religious and fun Easter eCards."
https://blog.123greetings.com/april-fools-day-messages/,page,high,1,yes,44,2,0,50,48,0,1,2,"Almost empty: 2 messages (44 words) for a high-volume seasonal query, while the title promises 50+ messages, wishes and prank-ready quotes.","• An intro: April 1 origins (the 1582 calendar-change theory, 'poisson d’avril', 'hunting the gowk' in Scotland) and rules for harmless pranks
• A 'Funny April Fools’ Texts' section with 15 prank messages
• A 'For Friends' section with 8, a 'For Family / Kids' section with 8 and a 'For Coworkers (office-safe)' section with 8
• An 'April Fools’ Captions for Social Media' section with 10
• A 'Fake-Out Messages ('Gotcha!' reveals)' section with 8
• An 'Apology After a Prank' section with 5
• A 'Harmless prank ideas' list with 10
• FAQs: When is April Fools’ Day? Is it Fool’s or Fools’? Until what time do pranks count (noon in the UK)?
• Internal links: /funny-friendship-messages/, /cute-messages/, /friendship-messages/, /sorry-messages/
• eCard CTA: 'Send a funny April Fools’ eCard'. Republish before March 2027."
https://blog.123greetings.com/international-yoga-day-messages/,page,high,1,yes,44,2,0,50,48,0,1,2,"Only 2 real messages (plus 2 empty blocks) against a 50+ promise, for a globally popular occasion (June 21). It has no intro, no FAQ, and no quotes, making it the second-thinnest page in this set.","• Add an intro: International Day of Yoga is June 21. The UN declared it in 2014 after India proposed it, and it was first observed in 2015. Mention the annual theme.
• Add 50+ messages in sections: 'Wishes for Friends & Family' (10), 'For Yoga Teachers / Students' (8), 'Health & Wellness Wishes' (8), 'Short WhatsApp / Instagram Captions' (10), 'Yoga Quotes' (Patanjali, B.K.S. Iyengar; 8), 'Funny Yoga Wishes' (6).
• Add a FAQ block: When is International Yoga Day? What is this year’s theme? How can I celebrate at home?
• Link to /inspiration-messages-motivation/, /happiness-happens-day-messages/, and /get-well-soon-messages/.
• Add an eCard CTA for International Yoga Day eCards."
https://blog.123greetings.com/engagement-messages/,page,high,1,yes,45,1,0,100,99,0,1,2,One real message and two empty blocks under a “100+” title. Essentially an empty page for a high-intent query.,"• Add “For a Friend” (12), “For Sister / Brother” (8), “For Son / Daughter” (8), “For a Coworker” (8), “Romantic – for Your Fiancé(e)” (10), “Funny” (12), “Religious Blessings” (8) and “Short Texts & Social Comments” (15).
• Intro plus how-to-write tips: congratulate both partners, mention the proposal story, look ahead to the wedding. Sign-off ideas: “Cheers to forever”, “Can’t wait to celebrate you both”.
• FAQs: What do you write in an engagement card? Do you address the bride, the groom or both? Should you send a gift? What should you comment on an engagement post?
• Link /dating-anniversary-messages/, /first-love-day-messages/ and /friendship-messages-for-best-friends/.
• eCard CTA: engagement congratulations eCards after the intro and after each section."
https://blog.123greetings.com/national-childrens-day-messages/,page,high,1,yes,53,3,0,,,0,1,2,"Only 3 messages. There's no date, country context or FAQ, and 'Children’s Day' means different dates in different countries (US 2nd Sunday of June; India Nov 14; Universal Children’s Day Nov 20).","• Add 30+ messages in sections: From Parents (8), From Grandparents (5), From Teachers (6), For Kids to Read Themselves, simple words (6), Funny (5)
• Add an intro clarifying dates: US National Children’s Day (2nd Sunday in June), India Children’s Day (Nov 14, Nehru’s birthday), Universal Children’s Day (Nov 20)
• Add 10 short captions and a 'what to write for a child' tip list (praise effort, be specific)
• Add FAQs: When is Children’s Day? How to celebrate at school?
• Link to /parents-day-messages/, /birthday-messages-for-son/, /birthday-messages-for-daughter/ and /international-daughters-day-messages/
• Add an eCard CTA to the Children’s Day cards"
https://blog.123greetings.com/messages-for-1st-birthday/,page,high,1,yes,76,4,0,80,76,0,1,3,There are only 4 real messages (and 2 empty blocks) against an '80+' title. This is one of the thinnest pages for a very high-volume query ('1st birthday wishes').,"• Add 75+ messages in sections: From Mom & Dad (to baby), From Grandparents, For Baby Boy, For Baby Girl, For Twins, For Godchild/Niece/Nephew, Funny Cake-Smash Messages, Religious Blessings, Instagram Captions, Baby-Book Notes for the Future.
• Add an intro on why the first birthday is really for the parents too, with messages to congratulate the parents on surviving year one.
• Add tips: write it to the future reader (the child at 18), include a first-year milestone.
• Add FAQs: 'What do you write in a 1st birthday card?', 'What should grandparents write for a first birthday?'
• Link internally to /birthday-messages-for-granddaughter/, /birthday-messages-for-grandson/, /birthday-messages-for-niece/, /birthday-messages-for-nephew/, /birthday-messages-for-son/, /birthday-messages-for-daughter/.
• Add an eCard CTA: 'Save it forever: send a 1st birthday eCard the parents can keep'."
https://blog.123greetings.com/anniversary-messages-for-brother/,page,high,1,yes,84,3,0,100,97,0,1,5,"Only 3 messages on a page titled '100+', with a leaked title placeholder. It is extremely thin for a searchable query.","• Expand to 60+: For Brother & Sister-in-Law (15), Heartfelt (10), Funny/Sibling Roast (12), From Sister (6), From Brother (6), Milestones — 1st, 10th, 25th, 50th (8), Religious Blessings (5), Short Texts (8)
• Intro plus tips on addressing the couple and including the sister-in-law
• FAQs: 'What do you write in an anniversary card for your brother and his wife?'
• Link to /anniversary-messages-for-aunt/, /anniversary-messages-for-dad/, anniversary messages for sister, and Brothers Day (May 24) messages
• eCard CTA: 'Send your brother a free anniversary eCard'"
https://blog.123greetings.com/earth-day-messages/,page,high,1,yes,88,4,0,50,46,0,1,2,"Four one-line messages and two empty blocks under a “50+” title. No intro, date, sections or FAQ.","• Intro: Earth Day is April 22 (Thursday, April 22, 2027). It was founded in 1970 by Sen. Gaylord Nelson. Mention the yearly EARTHDAY.ORG theme.
• Add “Inspirational” (10), “Funny” (10), “For Kids & Students” (8), “For Teachers / Classrooms” (6), “For Coworkers & Green Teams” (6), “Short Captions & Hashtags” (15) and “Eco Pledges to Share” (8).
• Tips: pair a wish with an action such as planting a tree or joining a cleanup. Sign-off ideas: “Green regards”, “For the planet”.
• FAQs: When is Earth Day 2027? How does Earth Day differ from World Environment Day (June 5)? What is a good Earth Day message for kids?
• Link /fall-messages/, /everyday-messages/ and /friendship-messages/.
• eCard CTA with an eco angle: paperless eCards are the planet-friendly way to send wishes."
https://blog.123greetings.com/messages-for-80th-birthday/,page,high,1,yes,92,5,0,60,55,0,1,0,There are 5 real messages (and 2 empty blocks) against a '60+' title. The copy is clean but far too thin for a common milestone query.,"• Add 55+ messages in sections: For Grandma, For Grandpa, For Mom, For Dad, For Friend, Gentle Funny ('20 four times'), Heartfelt, Religious/Blessings, Toasts.
• Add an intro and tips: mention eight decades of history they’ve lived through, and write legibly or large-print.
• Add sign-offs: 'Eighty and extraordinary,' 'With love from all your grandkids'.
• Add FAQs: 'What do you write in an 80th birthday card?', 'Can I request a White House birthday greeting for an 80th? (Yes, for 80+)'
• Link internally to /messages-for-70th-birthday/, /messages-for-90th-birthday/, /birthday-messages-for-grandma/, /birthday-messages-for-grandpa/, /birthday-messages-for-mom/, /birthday-message-for-dad/.
• Add an eCard CTA for 80th birthday eCards."
https://blog.123greetings.com/messages-for-50th-birthday/,page,high,1,yes,92,5,0,60,55,0,1,4,"There are 5 real messages (and 2 empty blocks) against a '60+' title. Several messages have grammar and punctuation errors, and there are no sections for a high-volume milestone.","• Add 55+ messages in sections: Funny 'Half-Century', Heartfelt, For Husband, For Wife, For Mom, For Dad, For Best Friend, For Coworker, Inspirational, Religious/Blessings.
• Add an intro on the 'golden' 50 milestone, with party-toast ideas.
• Add sign-offs: 'Fabulous at fifty,' 'Here’s to the next 50'.
• Add FAQs: 'What do you write in a 50th birthday card?', 'Funny 50th birthday messages for a coworker?'
• Link internally to /messages-for-40th-birthday/, /messages-for-60th-birthday/, /birthday-messages-for-mom/, /birthday-message-for-dad/, /birthday-messages-for-husband/, /birthday-messages-for-wife/.
• Add an eCard CTA for 50th birthday eCards."
https://blog.123greetings.com/birthday-messages-for-boyfriend/,page,high,1,yes,102,5,0,100,95,0,1,5,"A high-intent romantic query with 5 unpunctuated messages against a 100+ claim. It's missing the Romantic/Funny/Cute sections the meta promises, plus long-distance, first-birthday-together, caption and paragraph content.","• Sections: Romantic (20), Funny (15), Cute/Sweet (15), Short texts (15), Instagram captions (10), Long paragraphs to make him cry (5)
• Add 8 'First birthday together' and 8 Long-distance boyfriend wishes
• Add 6 milestone wishes (his 21st, 25th, 30th) and 5 flirty/spicy-but-card-safe lines
• Tips on writing to a boyfriend (a specific memory, an inside joke, future plans) and sign-offs ('Yours always', 'Your biggest fan')
• FAQs: How do I wish my boyfriend happy birthday in a unique way? What do I write in my boyfriend's birthday card? What's a sweet midnight birthday text?
• Internal links: /birthday-messages-for-girlfriend/, /birthday-messages-for-husband/, /anniversary-messages-for-boyfriend/, /belated-birthday-messages-for-him/, /birthday-messages-for-across-the-miles/
• eCard CTA: 'Send him a romantic birthday eCard at midnight'"
https://blog.123greetings.com/heartfelt-belated-birthday-messages/,page,high,1,yes,103,4,0,50,46,0,1,4,"Only 4 real messages (plus 2 empty blocks) against a 50+ promise, and one of them is a joke. There's no intro, no FAQ, and no sections: the thinnest page in this set.","• Add 45+ heartfelt belated wishes in sections: 'Sincere Apologies' (8), 'For Best Friend' (6), 'For Mom' / 'For Dad' (5 each), 'For Husband / Wife' (5 each), 'For Sister / Brother' (4 each), 'For Coworker' (4), 'Short Texts' (8).
• Add an intro on why a late but sincere wish still matters, and how to acknowledge being late without over-apologizing.
• Add tips: one sentence of apology, then shift the focus fully to them; mention something specific from their year.
• Add sign-offs: 'Late, but with all my heart', 'Celebrating you every day of the year'.
• Add FAQs: How do you apologize for missing a birthday? Is a belated card better than nothing?
• Link to /funny-belated-birthday-messages/ and /keep-in-touch-messages/.
• Add an eCard CTA for belated birthday eCards that deliver instantly."
https://blog.123greetings.com/work-anniversary-messages/,page,high,1,yes,105,5,0,,,0,1,0,"Extremely thin: 5 generic messages and 105 words, with no intro, sections or FAQ, for a high-volume evergreen query (work anniversary wishes, boss-to-employee, LinkedIn).","• Add 60+ messages in sections: From Manager to Employee (10), To My Boss (8), To a Coworker (10), For the Team/Group Card (5), Funny (10), 1-Year (5), 5-Year (5), 10-Year (5), 20+ Years / Near Retirement (5)
• LinkedIn comment replies and 'how to respond to work anniversary wishes' (10 thank-you replies)
• Intro plus tips: mention a specific contribution, keep it professional, sign-off ideas
• FAQs: What do you write for a 1-year work anniversary? Is it OK to be funny? What does a manager write?
• Link to /what-to-write-in-a-card/ (Congratulations) and disambiguate from /wedding-anniversary-messages/
• eCard CTA: work anniversary eCards and group cards for teams"
https://blog.123greetings.com/dance-day-messages/,page,high,1,yes,111,6,0,30,24,0,1,6,"Only 6 real messages, all romantic and under a mislabeled “Funny” heading, plus two empty blocks. No intro, date explanation or FAQ. The page misses the dancer and friend audience the title and meta target.","• Intro: International Dance Day falls on April 29 (next: Thursday, April 29, 2027). The ITI Dance Committee created it in 1982, on the birthday of ballet reformer Jean-Georges Noverre.
• Rename the existing block to “For Your Dance Partner” and add 10 more romantic lines.
• New sections: “For Dancers & Dance Students” (10), “For Dance Teachers & Choreographers” (8), “For Your Dance Crew / Friends” (8), a genuinely “Funny” section (10 two-left-feet jokes), “Inspirational” (8) and 15 short Instagram captions with hashtags.
• Build the “Nostalgic” section the nav already promises: first recital, prom, wedding first dance (6–8 messages).
• Tips on what to write for a dancer after a recital, audition or competition. Sign-off ideas: “Keep dancing”, “See you on the floor”, “Break a leg”.
• FAQs: When is International Dance Day? Why April 29? How does it differ from the US National Dance Day and National Tap Dance Day (May 25)? How can non-dancers celebrate?
• Internal links: /first-love-day-messages/, /dating-anniversary-messages/, /friendship-messages-for-best-friends/ and the site’s National Tap Dance Day page.
• eCard CTA after the intro and after each section, e.g. “Send an International Dance Day eCard”."
https://blog.123greetings.com/birthday-messages-for-stepmother/,page,high,1,yes,113,5,0,40,35,0,1,4,"5 real messages plus 2 empty blocks, one vague section, and no intro or FAQ, against a 40+ claim. The messages are good but there are very few.","• Add 35+ messages: Heartfelt/Bonus Mom (8), From a Stepdaughter (6), From a Stepson (6), Funny (8), Short Texts (6), For a Stepmom You're Still Getting to Know (4), Milestone birthdays (3)
• Intro on striking the right tone with a stepmom: gratitude without comparing her to your mom
• Tips: 'What to write when the relationship is new' and 'How to thank her for specific things'
• Sign-offs: 'Love, your bonus kid', 'Grateful for you always'
• FAQs: 'Can I call her my second mom?', 'What to write to a stepmom I'm not close to'
• Link to /birthday-messages-for-mom/, /mothers-day-wishes-for-stepmom-50-heartfelt-card-messages/, /anniversary-messages-for-stepmother/, /stepfamily-day-messages/
• eCard CTA: birthday eCards for Mom/Stepmom"
https://blog.123greetings.com/belated-birthday-messages-for-sorry-i-missed/,page,high,1,yes,117,5,0,50,45,0,1,1,"5 messages against a promise of 50+ sincere and sweet ones, with a placeholder heading. There is no split by recipient and no intro or FAQ.","• An intro on how to apologize for a missed birthday without over-explaining
• A 'Sincere Apology' section with 10 messages and a 'Funny Excuses' section with 10
• Sections for Best Friend (6), Family (6) and Coworker (5)
• A 'Short Texts to Send Right Now' section with 10
• A 'Make-it-up' ideas list
• FAQs: What do I say when I forgot a friend's birthday? Is it better to call or send a card?
• Internal links: /belated-birthday-messages-for-her/, /belated-birthday-messages-for-him/, /funny-belated-birthday-messages/, /heartfelt-belated-birthday-messages/, /sorry-messages/, /birthday-messages-for-best-friend/
• eCard CTA: 'Send a belated birthday eCard'"
https://blog.123greetings.com/dating-anniversary-messages/,page,high,1,yes,119,5,0,,,0,1,1,"5 messages (119 words) with no sections, intro or FAQ. The messages congratulate a couple from the outside, so the main search intent (a message for my boyfriend or girlfriend) is not served at all.","• Add first-person sections: “For Boyfriend” (12), “For Girlfriend” (12) and “Short Texts for Your Partner” (15).
• Milestone sections: 1 month, 6 months, and the 1st, 2nd, 3rd and 5th dating anniversary (6–8 each).
• Add “Funny” (10), “Long-Distance” (8) and “Instagram Captions” (15). Move the current five into a “For a Couple You Know” section.
• Intro explaining how a dating anniversary differs from a wedding anniversary and how couples mark it.
• How-to-write tips: recall a first-date detail, an inside joke or a future plan. Sign-off ideas: “Still choosing you”, “Yours, always”.
• FAQs: What do you write for a dating anniversary? Do people celebrate monthly anniversaries? What’s a cute 1-year dating anniversary message?
• Link /first-love-day-messages/, /engagement-messages/, /friendship-anniversary-messages/ and /dessert-day-messages/.
• eCard CTA: “Send a love / anniversary eCard” after the intro and after the partner sections."
https://blog.123greetings.com/messages-for-40th-anniversary/,page,high,1,yes,119,5,0,,,0,1,2,"There are 5 messages with no sections, FAQ or intro. The ruby theme is mentioned once.","• Add 40+ messages in sections: For Husband, For Wife, For Parents, For Grandparents, For a Couple, Funny, Ruby-Themed, Religious/Blessings.
• Add an intro: the 40th anniversary is ruby (traditional and modern), symbolizing enduring passion.
• Add FAQs: 'What is the 40th anniversary gift?', 'What do you write for parents’ ruby anniversary?' Also mention that US couples can request a White House greeting for 50th-plus anniversaries (as a related tip).
• Link internally to /messages-for-30th-anniversary/, /messages-for-50th-anniversary/, /anniversary-messages-for-parents/, /anniversary-messages-for-grandparents/.
• Add an eCard CTA for anniversary eCards."
https://blog.123greetings.com/messages-for-100th-birthday/,page,high,1,yes,120,5,0,40,35,0,1,1,"There are only 5 real messages (and 2 empty blocks) against a '40+' title. The page has no intro, sections, FAQ or tips for a rare, emotionally significant milestone that people actively search for.","• Add 40+ messages in sections: Heartfelt, Gentle Funny, For Grandma, For Grandpa, For a Great-Grandparent, Religious/Blessings, From the Whole Family, Toasts for the Party.
• Add an intro on becoming a centenarian and 'Century Club' ideas: mention historic events they’ve lived through, and read the card aloud if eyesight is limited.
• Add 'what to write' tips: large readable font, short sentences, one favorite memory, thank them for their legacy.
• Add FAQs: 'Can I get a birthday greeting from the President (White House Greetings Office) or the King for a 100th?', 'What do you write in a 100th birthday card?'
• Link internally to /messages-for-90th-birthday/, /messages-for-80th-birthday/, /birthday-messages-for-grandma/, /birthday-messages-for-grandpa/, /birthday-messages/.
• Add an eCard CTA: 'Gather the family: send a 100th birthday eCard everyone can sign'."
https://blog.123greetings.com/relationship-anniversary-messages/,page,high,1,yes,121,5,0,,,0,1,0,"Only 5 unsectioned messages and 121 words: no intro, FAQ, sections or CTA. It also competes with /dating-anniversary-messages/ for the same query.","• Add 30+ messages in named sections: For Boyfriend, For Girlfriend, First Relationship Anniversary (1 year together), 6-Month/'Monthsary', Long-Distance, Funny, Short Text Messages, and For a Couple (friends/family)
• Add a 60–80 word intro explaining what a relationship (dating) anniversary is and how it differs from a wedding anniversary
• Add 'what to write' tips (name a shared memory, a small inside joke, one hope for the next year) and sign-off ideas (“Still choosing you,” “Yours, always”)
• Add FAQs: What do you write for a 1-year relationship anniversary? Do you celebrate a 6-month anniversary? What's a cute short anniversary text for a boyfriend or girlfriend?
• Consolidate with or interlink /dating-anniversary-messages/ to avoid cannibalization; link /anniversary-messages-for-boyfriend/, /anniversary-messages-for-girlfriend/, /messages-for-1st-anniversary/, /love-messages/
• Add an eCard CTA to 123Greetings' anniversary/love cards, plus a note on scheduling the card to land on the exact date"
https://blog.123greetings.com/messages-for-90th-birthday/,page,high,1,yes,122,5,0,60,55,0,1,1,There are 5 real messages (and 2 empty blocks) against a '60+' title. It is a thin page for an emotionally significant milestone that is often searched by grandchildren.,"• Add 55+ messages in sections: For Grandma, For Grandpa, For Great-Grandparent, For Mom/Dad, Heartfelt, Gentle Funny, Religious/Blessings, From the Whole Family, Toasts.
• Add an intro and tips on honoring nine decades: mention the eras they’ve lived through, and ask others to add memories.
• Add sign-offs: 'Ninety and inspiring,' 'Your loving family'.
• Add FAQs: 'What do you write in a 90th birthday card?', 'How do I get a White House or King’s greeting for a 90th/100th?'
• Link internally to /messages-for-80th-birthday/, /messages-for-100th-birthday/, /birthday-messages-for-grandma/, /birthday-messages-for-grandpa/.
• Add an eCard CTA: 'Send a 90th birthday eCard the whole family can sign'."
https://blog.123greetings.com/birthday-messages-for-uncle/,page,high,1,yes,123,6,0,60,54,0,1,7,"6 real messages and 2 empty blocks against a 60+ claim, all in the 'cool uncle' vein. No sections, intro or FAQ.","• Add 55+ messages in sections: Funny (12), Heartfelt (10), From Niece (6), From Nephew (6), Cool Uncle (6), Short Texts (8), Religious/Blessings (4), Milestones (50th/60th) (4)
• Intro on the uncle role: mentor, fun relative, godfather
• Tips: reference a shared memory, a skill he taught you, or his signature joke
• Sign-offs: 'Your favorite niece (obviously)', 'From your partner in crime'
• FAQs: 'Funny birthday wishes for an uncle', 'Short birthday text for an uncle', 'What to write to an uncle far away'
• Link to /birthday-messages-for-aunt/, /birthday-messages-for-nephew/, /birthday-messages-for-niece/, /anniversary-messages-for-uncle/
• eCard CTA: funny birthday eCards for Uncle"
https://blog.123greetings.com/birthday-messages-for-girlfriend/,page,high,1,yes,124,6,0,120,114,0,1,6,"6 messages against a 120+ claim for a top romantic query. The Romantic, Cute and Funny sections and Instagram captions promised in the meta are missing, and there's no intro or FAQ.","• Sections: Romantic (20), Cute (15), Funny (15), Short texts (15), Instagram captions (15), Long paragraphs (5)
• Add 8 'First birthday together', 8 Long-distance, and 5 'Midnight text' wishes
• Add 6 milestone wishes (her 21st, 25th, 30th) and 5 poem-style wishes
• Tips: be specific about what you love, reference a shared memory, handwrite the card; sign-offs ('Forever yours', 'Your lucky guy')
• FAQs: How do I make my girlfriend feel special on her birthday? What's a romantic birthday paragraph for my girlfriend?
• Internal links: /birthday-messages-for-boyfriend/, /birthday-messages-for-wife/, /anniversary-messages-for-girlfriend/, /belated-birthday-messages-for-her/, /birthday-messages-for-across-the-miles/
• eCard CTA: 'Send her a romantic animated birthday eCard'"
https://blog.123greetings.com/birthday-messages-for-sweet-16/,page,high,1,yes,125,5,0,75,70,0,1,6,"Only 5 real messages and 2 empty blocks for a high-volume milestone query, while the title claims 75+. No sections by sender, no intro, no FAQ.","• Add 60+ messages in sections: From Mom/Dad (10), From Grandparents (6), For Daughter/For Son (8), For a Best Friend (8), Funny/Driving Jokes (10), Short Instagram Captions (10), Religious/Blessing wishes (5), Inspirational advice for turning 16 (6)
• Intro explaining Sweet 16 traditions (party, first car/permit, candle-lighting ceremony, quinceañera comparison)
• 'What to write in a Sweet 16 card' tips, plus ideas for tucking in a letter or money
• FAQs: 'What do you write in a Sweet 16 card from parents?', 'Is Sweet 16 only for girls?', 'Sweet 16 caption ideas'
• Link to /messages-for-13th-birthday/, /messages-for-18th-birthday/, /birthday-messages-for-daughter/, /birthday-messages-for-granddaughter/, /birthday-messages-for-niece/
• eCard CTA: Sweet 16 / teen birthday eCards"
https://blog.123greetings.com/anniversary-messages-for-employee/,page,high,1,yes,128,7,0,,,0,1,1,"Only 7 messages, one off-topic, for 'work anniversary messages for employees', a high-volume HR query.","• Expand to 50+: By Milestone — 1, 3, 5, 10, 15, 20, 25 years (21), Formal/HR (8), From Manager (8), Funny (6), Short Slack/Teams (6), LinkedIn Shout-outs (5), Remote Employee (4)
• Add a 'how to recognize a work anniversary' tip box (name a specific contribution, mention the year count, what to include in a company-wide post)
• FAQs: 'What do you say to an employee on their 5-year anniversary?', 'Should I send a work anniversary card?'
• Link to /anniversary-messages-for-boss/, /anniversary-messages-for-co-worker/, /anniversary-messages-for-customers/
• eCard CTA: corporate eCards with the multiple-recipient feature"
https://blog.123greetings.com/messages-for-50th-anniversary/,page,high,1,yes,133,4,0,50,46,0,1,0,"There are only 4 real messages (and 2 empty blocks) against a '50+' title. It is a high-value golden anniversary query with no golden theme, no sections, no FAQ and most senders (children and grandchildren) unserved.","• Add 50+ messages in sections: For Parents, For Grandparents, For Husband, For Wife, From Friends, Golden-Themed, Religious/Blessings, Toasts & Speech Lines, Funny (gentle).
• Add an intro: the 50th anniversary is gold, with party, vow-renewal and family-tribute ideas.
• Add tips: include a family memory, and read it aloud at the party.
• Add FAQs: 'What is the 50th anniversary gift?', 'How can I get a White House or royal greeting for a 50th anniversary?', 'What do grandchildren write?'
• Link internally to /messages-for-40th-anniversary/, /messages-for-60th-anniversary/, /anniversary-messages-for-parents/, /anniversary-messages-for-grandparents/, /anniversary-messages-for-grandma/, /anniversary-messages-for-grandpa/.
• Add an eCard CTA: 'Send a golden anniversary eCard from the whole family'."
https://blog.123greetings.com/birthday-messages-for-wife/,page,high,1,yes,140,4,0,150,146,0,2,6,"Only 4 real messages (2 empty blocks) for one of the highest-volume birthday queries, while the title claims 150+. No sections, intro or FAQ.","• Add 140+ messages in sections: Romantic (25), Heart-Touching/Emotional (20), Funny (20), Short Texts (20), From Husband After Many Years (10), For a New Wife/First Birthday Married (8), For a Pregnant Wife / Mom of Our Kids (8), Religious/Blessings (8), Instagram Captions (15), Long Love Letters (6)
• Intro on making it personal (inside jokes, what she does that no one sees, specific memories)
• 'How to write a birthday love letter to your wife' mini-guide with a template
• Sign-offs: 'Forever yours', 'Your biggest fan', 'All my love, always'
• FAQs: 'What's the most romantic thing to write?', 'Funny but sweet wishes', 'What to write with flowers or a gift'
• Link to /anniversary-messages-for-wife/, /wife-appreciation-day-messages/, /love-messages/, /birthday-messages-for-husband/, /mothers-day-messages-for-wife-what-she-actually-wants/
• eCard CTA: romantic birthday eCards for Wife"
https://blog.123greetings.com/birthday-messages-for-best-friend/,page,high,1,yes,143,5,0,100,95,0,1,2,"A high-volume query served by just 5 messages against a 100+ claim. The meta promises Instagram captions but there are none, and there's no intro, sections or FAQ.","• Add sections: Funny (20), Heartfelt/Emotional (20), Short text messages (15), Instagram captions (15), Long-distance best friend (8), Milestone (21st/30th/40th, 10)
• Add a 'For Her' and 'For Him' best-friend section (8 each), plus a 'Best friend since childhood' set
• Add 5 long paragraph-style messages for a card or a surprise video
• Tips: how to write a best-friend birthday message (inside jokes, a shared memory, what they mean to you) plus sign-offs like 'Your partner in crime' and 'Ride-or-die forever'
• FAQs: What is a unique way to wish my best friend happy birthday? What should I write in my best friend's birthday card? What’s a good birthday caption for my best friend?
• Internal links: /friendship-messages-for-best-friends/, /birthday-messages-for-across-the-miles/, /belated-birthday-messages-for-her/, /belated-birthday-messages-for-him/, /birthday-messages-for-sister/, /friendship-day-messages/
• eCard CTA: 'Send your bestie a funny birthday eCard'"
https://blog.123greetings.com/birthday-messages-for-boss/,page,high,1,yes,143,6,0,50,44,0,1,5,"6 messages against a 50+ claim. The title promises 'Professional' wishes, but there are no professional/formal, from-the-team or email-ready sections, and most messages lack punctuation.","• Intro on workplace etiquette: keep it respectful, short and non-personal, and use a group card for teams
• Add sections: Professional/Formal (15), From the Team (10), Funny but safe (10), Short Slack/Teams/email wishes (10), For a female boss (5), For a mentor (5)
• Add 5 wishes for a boss's milestone birthday (50th, 60th) and 5 for a retiring boss
• Add 'What to write on a group card for your boss' tips and sign-off ideas ('With appreciation, the Marketing Team', 'Warm regards')
• FAQs: Is it appropriate to wish your boss happy birthday? What do you write in your boss’s birthday card? How do you wish a boss happy birthday by email?
• Internal links: /birthday-messages-for-co-worker/, /colleagues-thankyou-messages/, /anniversary-messages-for-boss/, /birthday-messages-for-teacher/, /birthday-messages/
• eCard CTA: 'Send a group birthday eCard from the whole team'"
https://blog.123greetings.com/birthday-messages-for-scorpio/,page,high,1,yes,143,5,0,50,45,0,1,2,"5 messages against a 50+ claim, and the last one is visibly truncated. Scorpio season (Oct 23–Nov 21) starts in about three weeks, so it should be fixed and expanded now.","• Fix the truncated message #7 first
• Intro: Scorpio birthdays fall Oct 23–Nov 21. It's a water sign ruled by Pluto (traditionally Mars), with the Scorpion symbol. Traits: intense, loyal, private, magnetic
• Add 12 Funny wishes (the stare, secrets, grudges, mysterious vibes) and 12 Heartfelt wishes about loyalty and depth
• Add 6 'Halloween-adjacent' spooky-fun wishes for late-October Scorpios and 10 short texts/captions
• Add 5 each for a Scorpio partner and best friend
• Tips: be sincere, not gushy; one deep line beats ten compliments. Sign-offs like 'Your secret’s safe with me'
• FAQs: What are Scorpio dates? What does a Scorpio want for their birthday?
• Internal links: /birthday-messages-for-cancer/ and /birthday-messages-for-pisces/ (water signs), /birthday-messages-for-libra/ and /birthday-messages-for-sagittarius/ (neighboring signs), /birthday-messages/
• eCard CTA: 'Send a mysterious Scorpio birthday eCard'"
https://blog.123greetings.com/messages-for-30th-anniversary/,page,high,1,yes,144,5,0,,,0,1,2,"There are only 5 messages (effectively 4 distinct), with no sections, no FAQ, no side nav and no intro. The pearl theme appears once.","• Add 40+ messages in sections: For Husband, For Wife, For Parents, For a Couple, Funny, Pearl-Themed, Religious/Blessings.
• Add an intro: the 30th anniversary is pearl (traditional) and diamond (modern).
• Add tips and sign-offs such as 'Three decades, one love'.
• Add FAQs: 'What is the 30th anniversary gift?', 'What do you write in a 30th anniversary card for parents?'
• Link internally to /messages-for-25th-anniversary/, /messages-for-40th-anniversary/, /anniversary-messages-for-parents/, /anniversary-messages-for-husband/, /anniversary-messages-for-wife/.
• Add an eCard CTA for anniversary eCards."
https://blog.123greetings.com/birthday-messages-for-stepfather/,page,high,1,yes,145,6,0,40,34,0,1,5,"Only 6 real messages plus 2 empty blocks, under one vague 'for Stepfather' heading. The page claims 40+ and has no intro, no tips and no FAQ. The messages are warm but there are far too few for a common query.","• Add 35+ messages in named sections: Heartfelt/Thank You for Choosing Us (8), From a Stepdaughter (6), From a Stepson (6), Funny/Dad Jokes (8), Short Text Wishes (8), For a New Stepdad (4), Milestone 50th/60th (4)
• Short intro on writing to a stepdad: acknowledging that he chose the role, not comparing him to a biological father, what to call him in the card
• Add a 'What to write' tips box with 3-4 fill-in templates (e.g. 'Thank you for ___ when you didn't have to.')
• Sign-off ideas: 'Love, your bonus kid', 'From the kid you inherited', 'With gratitude'
• FAQs: 'Should I call my stepdad Dad in a card?', 'What do I write if we're not close?', 'Birthday wishes for a stepdad from a young child'
• Internal links: /birthday-message-for-dad/, /birthday-messages-for-father-in-law/, /stepfamily-day-messages/, /fathers-day-messages/, /birthday-messages-for-stepmother/
• eCard CTA under each section linking to the 123Greetings birthday-for-dad/stepdad eCards"
https://blog.123greetings.com/birthday-messages-for-libra/,page,high,1,yes,149,5,0,50,45,0,1,3,"5 messages against a 50+ claim, with a misleading 'Funny' heading. It's Libra season right now (Sep 23–Oct 22), so this page has timely search demand and should be expanded first among the zodiac pages.","• Intro: Libra birthdays fall Sep 23–Oct 22. It's an air sign ruled by Venus, with the Scales symbol. Traits: charming, fair, social, aesthetic, famously indecisive
• Add a real Funny section (12: indecision, aesthetics, conflict-avoidance) and a Heartfelt section (12: fairness, kindness, peacemaking)
• Add 10 short texts/captions and 5 'Happy Libra season' posts
• Add 5 each for a Libra partner, best friend and mom
• Tips: make it beautiful (a nice card and handwriting matter to a Libra), praise their balance; sign-offs like 'Perfectly balanced, as all things should be'
• FAQs: What are Libra dates? What gifts do Libras like? How do you wish a Libra happy birthday?
• Internal links: /birthday-messages-for-gemini/ and /birthday-messages-for-aquarius/ (air signs), /birthday-messages-for-virgo/ and /birthday-messages-for-scorpio/ (neighboring signs), /birthday-messages-for-best-friend/
• eCard CTA: 'Send an elegant Libra birthday eCard'"
https://blog.123greetings.com/messages-for-25th-anniversary/,page,high,1,yes,150,5,0,75,70,0,1,0,"There are only 5 real messages (and 2 empty blocks) against a '75+' title. The 25th/silver anniversary is a high-volume query, yet there is no silver theme, no sections and no FAQ.","• Add 70+ messages in sections: For Husband, For Wife, For Parents (from kids), For Friends/Couple, Funny, Silver-Themed, Religious/Blessings, Toasts for a Silver Jubilee party.
• Add an intro: the 25th anniversary is silver (traditional and modern), with party and vow-renewal ideas.
• Add tips: reference 25 years of shared history, and sign-offs like 'Here’s to our golden next chapter'.
• Add FAQs: 'What is the 25th anniversary gift?', 'What do children write for parents’ 25th anniversary?'
• Link internally to /messages-for-20th-anniversary/, /messages-for-30th-anniversary/, /anniversary-messages-for-parents/, /anniversary-messages-for-husband/, /anniversary-messages-for-wife/, /wedding-anniversary-messages/.
• Add an eCard CTA: 'Send a silver anniversary eCard the whole family can sign'."
https://blog.123greetings.com/anniversary-messages-for-wife/,page,high,1,yes,154,6,0,100,94,0,1,1,"Only 6 messages on one of the highest-volume anniversary queries, while the title claims 100+. The writing is good, but there are no sections, no intro and no FAQ.","• An intro on romantic vs. funny tone, plus the 'one specific memory' tip
• A 'Romantic' section with 20 messages and a 'Funny' section with 15
• A 'Short & Sweet Texts' section with 15
• A 'Long Love-Letter Style' section with 6
• A '1st Anniversary for Wife' section with 8 and a 'Milestone (10th, 25th, 50th)' section with 10
• A 'Long-Distance' section with 6, a 'Religious Blessings' section with 6 and an 'After a Tough Year' section with 6
• 'Instagram captions' with 10
• Sign-offs and a gift-by-year table (paper, wood, tin, crystal, china, silver, pearl, ruby, gold)
• FAQs: What do I write in my wife's anniversary card? How do I make it personal?
• Internal links: /anniversary-messages-for-husband/, /belated-anniversary-messages-for-her/, /messages-for-1st-anniversary/, /birthday-messages-for-wife/, /wife-appreciation-day-messages/, /love-messages/
• eCard CTA: 'Send her a romantic anniversary eCard'"
https://blog.123greetings.com/anniversary-messages-for-friends/,page,high,1,yes,154,5,0,50,45,0,1,5,"Five messages on a '50+' page with only a Funny section, despite a broad, searchable query (anniversary wishes for friends/couple).","• Expand to 60+: Heartfelt (12), Funny (12), For Best Friend & Their Spouse (8), First Anniversary (6), Milestones — 10th, 25th, 50th (8), Religious Blessings (5), Short Texts (6), Group-Card Lines (5)
• Tips: address both partners, use a shared memory, sign off from both of you
• FAQs: 'What do you write in an anniversary card for a couple?'
• Link to /anniversary-messages-for-brother/, /anniversary-messages-for-aunt/, and friendship message pages
• eCard CTA: 'Send the happy couple a free eCard'"
https://blog.123greetings.com/birthday-messages-for-co-worker/,page,high,1,yes,155,5,0,50,45,0,1,4,"5 messages against a 50+ claim for a high-volume workplace query. There are no professional, group-card, Slack/email or funny sections, and no etiquette guidance.","• Intro and etiquette tips: keep it inclusive and non-personal, and use a group card
• Sections: Professional (12), Funny office humor (12), Short Slack/Teams messages (12), Group card sign-ins (10), For a work bestie (8), For a new coworker (5)
• Add 5 remote-team/virtual birthday wishes and 5 for a coworker who is leaving soon
• Add a 'What to write if you don't know them well' mini-list of 10 safe one-liners
• FAQs: What do you write in a coworker’s birthday card? How do you wish a colleague happy birthday professionally?
• Internal links: /birthday-messages-for-boss/, /colleagues-thankyou-messages/, /anniversary-messages-for-co-worker/, /anniversary-messages-for-employee/, /birthday-messages-for-best-friend/
• eCard CTA: 'Send a group birthday eCard that everyone can sign'"
https://blog.123greetings.com/anniversary-messages-for-parents/,page,high,1,yes,158,5,0,75,70,0,1,4,"Only 5 messages on a high-volume query that claims 75+. There is no daughter/son split, no milestone section, no intro and no FAQ.","• An intro on what to write for your parents' anniversary, plus a gift-by-year table
• A 'From Daughter' section with 10 messages and a 'From Son' section with 10
• A 'Funny' section with 10 and an 'Emotional / Thank You for Raising Us' section with 10
• A 'Milestone (25th Silver, 30th Pearl, 40th Ruby, 50th Golden)' section with 12
• A 'Long-Distance' section with 6 and a 'Short Texts' section with 10
• An 'Anniversary Party Toast' section with 3 speech examples
• Sign-offs: 'Your grateful kids', 'Love, all of us'
• FAQs: What do you write in a card for your parents' anniversary? What gift suits each year? How can siblings sign one card?
• Internal links: /anniversary-messages-for-mom/, /anniversary-messages-for-dad/, /messages-for-25th-anniversary/, /messages-for-50th-anniversary/, /parents-day-messages/, /anniversary-messages-for-grandparents/
• eCard CTA: 'Send Mom & Dad an anniversary eCard'"
https://blog.123greetings.com/wedding-anniversary-messages/,page,high,1,yes,158,5,0,,,0,1,1,"Very thin: 5 generic couple wishes and 158 words, with no intro, sections or FAQ, for one of the highest-volume greeting-card queries.","• Add 60+ messages in named sections: For My Husband (10), For My Wife (10), For Parents (10), For Grandparents (5), For a Couple/Friends (10), Funny (10), Religious/Blessings (5), Short Texts (10), Belated Anniversary (5)
• Milestone sections: 1st, 5th, 10th, 25th (silver), 40th (ruby), 50th (golden), 60th (diamond), each with 3–5 wishes
• Traditional gift chart (1st paper, 5th wood, 10th tin, 15th crystal, 20th china, 25th silver, 30th pearl, 40th ruby, 50th gold, 60th diamond)
• Intro on how to personalize by year together and relationship, plus a 'what to write' formula (memory, wish, sign-off)
• Sign-off ideas ('Forever yours', 'With love on our day', 'Cheers to many more')
• FAQs: What do you write in an anniversary card for parents? For a couple you don't know well? How do you sign it?
• Link to /wedding-messages/, /wife-appreciation-day-messages/ and /what-to-write-in-a-card/; clarify that /work-anniversary-messages/ is the separate work page
• eCard CTA: anniversary eCards with a 'schedule it for the date' prompt"
https://blog.123greetings.com/belated-birthday-messages-for-him/,page,high,1,yes,165,5,0,50,45,0,1,0,"5 clean messages against a promise of 50+ funny and heartfelt wishes. There are no sections, no funny content and no intro or FAQ.","• A 'Funny Belated Wishes for Him' section with 12 messages
• Sections for Husband (8), Boyfriend (6), Dad (6), Brother (6), Best Friend (6) and Boss/Coworker (4)
• A 'Short Texts' section with 10
• A 'Sincere Apology' section with 6
• An intro plus make-it-up ideas
• FAQs: Is a belated birthday card rude? What do I say to a guy friend whose birthday I missed?
• Internal links: /belated-birthday-messages-for-her/, /belated-birthday-messages-for-sorry-i-missed/, /funny-belated-birthday-messages/, /heartfelt-belated-birthday-messages/, /birthday-messages-for-husband/, /birthday-message-for-dad/, /birthday-messages-for-brother/
• eCard CTA: 'Send him a belated birthday eCard'"
https://blog.123greetings.com/birthday-messages-for-brother/,page,high,1,yes,167,5,0,100,95,0,1,0,"The copy is clean and well written, but there are only 5 messages against a 100+ claim, and the 'funny' angle in the title/meta barely appears. No sections, intro or FAQ.","• Sections: Funny (20), Heartfelt/Emotional (15), For Big Brother (10), For Little Brother (10), Short texts (10), Instagram captions (10)
• Add 8 From-Sister and 8 From-Brother messages, 5 for a twin brother, and 5 for a brother-in-law
• Add 6 milestone wishes (his 18th, 21st, 30th, 40th) and 5 long-distance/estranged-brother wishes
• Tips: sibling-roast etiquette, and pairing a joke with one sincere line; sign-offs like 'Your favorite sibling (obviously)'
• FAQs: How do I wish my brother happy birthday in a funny way? What's an emotional birthday message for a brother?
• Internal links: /birthday-messages-for-sister/, /anniversary-messages-for-brother/, /birthday-card-messages-when-my-brother-and-i-stopped-talking-about-things-that-mattered/, /anniversary-messages-for-siblings/, /birthday-messages-for-best-friend/
• eCard CTA: 'Send your brother a funny birthday eCard'"
https://blog.123greetings.com/funny-belated-birthday-messages/,page,high,1,yes,168,6,0,50,44,0,1,4,"There are only 6 real messages (plus 2 empty quote blocks), but the page promises 50+. It has no intro, no tips, no FAQ, and one of the 6 messages isn't funny.","• Add 40+ funny belated wishes in named sections: 'Blame It on the Calendar' (10), 'Age Jokes' (8), 'One-Liners for Text/WhatsApp' (10), 'For Your Best Friend' (6), 'For Brother/Sister' (5), 'For Coworkers' (5).
• Add short relationship sections: 'Funny Belated Wishes for Mom', 'for Dad', and 'for Husband/Wife' (4–5 each).
• Add a 60–80 word intro on how late is 'too late' and why owning the mistake with humor works.
• Add a 'How to write a funny belated wish' tips box: make yourself the punchline, not their age; keep it short; follow up with a plan to celebrate ('Lunch is on me').
• Add sign-off ideas: 'Fashionably late but forever yours', 'Your chronically late (but loyal) friend', 'Still celebrating you, a few days behind'.
• Add FAQs: Is it rude to send a belated birthday wish? How late is too late? What do I say when I completely forgot a birthday?
• Link internally to /heartfelt-belated-birthday-messages/, /funny-friendship-messages/, and /keep-in-touch-messages/.
• Add an eCard CTA: 'Late already? Send a belated birthday eCard. It arrives instantly, no postage delay.' linking to 123Greetings belated birthday eCards."
https://blog.123greetings.com/belated-birthday-messages-for-her/,page,high,1,yes,168,5,0,50,45,0,1,0,"Only 5 messages (clean copy) on a high-volume query that promises 50+ sweet and funny wishes. There is no funny section, no recipient split and no intro.","• An intro on how to own a missed birthday gracefully
• A 'Funny Belated Wishes for Her' section with 10 messages
• Sections for Wife (8), Girlfriend (6), Mom (6), Sister (6), Best Friend (6) and Coworker (4)
• A 'Short Texts' section with 10
• A 'Heartfelt Apology' section with 6
• Make-it-up ideas (belated brunch, a surprise delivery)
• FAQs: How late can you send a belated birthday wish? What should I say instead of 'sorry I forgot'?
• Internal links: /belated-birthday-messages-for-him/, /belated-birthday-messages-for-sorry-i-missed/, /funny-belated-birthday-messages/, /heartfelt-belated-birthday-messages/, /birthday-messages-for-wife/, /birthday-messages-for-girlfriend/, /birthday-messages-for-sister/
• eCard CTA: 'Send a belated birthday eCard now'"
https://blog.123greetings.com/birthday-messages-for-husband/,page,high,1,yes,171,6,0,120,114,0,2,5,"6 messages against a 120+ claim for a high-volume query. There are no Romantic/Funny/Deeply-loving sections as the meta promises, and no intro, tips or FAQ.","• Sections: Romantic (20), Funny (15), Deeply loving/long paragraphs (8), Short texts (15), Instagram captions (10), Religious/blessings (6)
• Add milestone wishes (his 30th, 40th, 50th, 60th, 10) and 5 'first birthday as husband' wishes
• Add 5 long-distance/deployed-husband wishes and 5 'from wife and kids' wishes
• Tips on writing to a husband (a shared milestone, gratitude, the future) and sign-offs ('Forever your wife', 'Still choosing you')
• FAQs: What's a romantic birthday message for my husband? How do I write a heartfelt birthday paragraph for my husband?
• Internal links: /birthday-messages-for-wife/, /birthday-messages-for-boyfriend/, /anniversary-messages-for-husband/, /belated-birthday-messages-for-him/, /birthday-message-for-dad/
• eCard CTA: 'Send your husband a romantic birthday eCard'"
https://blog.123greetings.com/birthday-messages-for-daughter/,page,high,1,yes,185,6,0,100,94,0,2,4,"6 messages against a 100+ claim. The meta promises wishes 'from mom and dad', but there are no From Mom or From Dad sections, no age-based sections, and no intro or FAQ.","• Sections: From Mom (15), From Dad (15), Heartfelt/Proud (15), Funny (10), Short texts (10), Instagram captions (10)
• Age sections: little girl (1st–10th, 10), teen/Sweet 16 (8), 18th/21st (8), adult daughter (10)
• Add 5 religious/blessing wishes and 5 wishes for a daughter living far away
• Add 5 daughter-in-law and 5 stepdaughter wishes, or link out to them
• Tips for writing to a daughter (a proud moment, a childhood memory, a wish for her future) and sign-offs ('Love you to the moon, Mom', 'Always your biggest fan, Dad')
• FAQs: What is a heartfelt message for my daughter's birthday? What should a dad write to his daughter?
• Internal links: /birthday-messages-for-son/, /birthday-messages-for-sweet-16/, /birthday-messages-for-granddaughter/, /anniversary-messages-for-daughter/, /birthday-messages-for-niece/
• eCard CTA: 'Send your daughter a birthday eCard she’ll screenshot'"
https://blog.123greetings.com/birthday-messages-for-son/,page,high,1,yes,187,8,0,100,92,0,2,5,"8 message blocks, but one is a within-page duplicate and one is shared with the daughter page, against a 100+ claim. The meta promises wishes 'from mom and dad' and 'for sons of every age', but neither is delivered, and punctuation is broken in several messages.","• Sections: From Mom (15), From Dad (15), Proud/Heartfelt (12), Funny (10), Short texts (10), Instagram captions (8)
• Age sections: little boy 1–10 (10), teen son (8), 18th/21st (8), adult/married son (8)
• Add 5 religious blessings, 5 long-distance/away-at-college wishes and 5 stepson wishes
• Replace the duplicated #8 and the cross-page duplicate #3 with son-specific messages
• Tips (name a trait you admire, a proud moment, advice for the year ahead) and sign-offs ('Proud of you always, Dad', 'Love you forever, Mom')
• FAQs: What is a heartfelt birthday message for my son? What should a mother write to her son on his birthday?
• Internal links: /birthday-messages-for-daughter/, /birthday-messages-for-grandson/, /birthday-messages-for-nephew/, /anniversary-messages-for-son/, /birthday-messages-for-stepfather/
• eCard CTA: 'Send your son a birthday eCard'"
https://blog.123greetings.com/at-work-messages/,page,high,1,yes,188,6,0,50,44,0,0,2,"6 retirement messages on a page positioned as a broad workplace hub. There is no intro and no other occasions. Boss's Day (Oct 16, 2026) is only two weeks away and not covered.","• An intro on professional vs. warm tone at work
• Sections of 8–10 messages each: Farewell / Leaving the Company, Promotion, Welcome New Employee, Work Anniversary, New Job Congratulations, Thank You Colleague, Good Luck, Get Well (coworker), Sympathy (coworker), Boss’s Day
• Expand Retirement to 15, including 'From the Team' and 'For Boss'
• Group-card tips: what to write when 30 people sign one card
• FAQs: What do you write in a coworker’s farewell card? How formal should a message to my boss be?
• Internal links: /work-anniversary-messages/, /bosss-day-messages/, /colleagues-thankyou-messages/, /anniversary-messages-for-co-worker/, /birthday-messages-for-co-worker/, /birthday-messages-for-boss/, /congratulations-messages/
• eCard CTA: 'Send a group eCard to a colleague'"
https://blog.123greetings.com/birthday-messages-for-sister/,page,high,1,yes,202,6,0,100,94,0,1,0,"6 well-written messages, but far short of the 100+ claim for a high-volume query. Only one message is funny despite the title, and there are no sections, intro or FAQ.","• Sections: Funny (20), Heartfelt/Emotional (15), For Big Sister (10), For Little Sister (10), Short texts (10), Instagram captions (10)
• Add 8 From-Brother and 8 From-Sister messages, 5 for a twin sister and 5 for a sister-in-law
• Add milestone wishes (her 18th, 21st, 30th, 40th, 8) and 5 long-distance sister wishes
• Tips (mix one roast with one sincere line) and sign-offs ('Your favorite sibling', 'Partner in crime forever')
• FAQs: What is a heartfelt birthday message for my sister? What’s a funny birthday caption for my sister?
• Internal links: /birthday-messages-for-brother/, /birthday-messages-for-best-friend/, /anniversary-messages-for-sister/, /anniversary-messages-for-siblings/, /belated-birthday-messages-for-her/
• eCard CTA: 'Send your sister a funny birthday eCard'"
https://blog.123greetings.com/invitation-messages/,page,high,1,yes,205,6,0,,,3,1,7,"Only 6 unpunctuated messages across 2 occasions for a high-volume, practical query (invitation wording). It has no wording templates, no etiquette, and no other event types.","• Add sections with 6–8 messages each: 'Wedding', 'Baby Shower', 'Bridal Shower', 'Graduation Party', 'Retirement', 'Housewarming', 'Kids’ Birthday', 'Dinner Party', 'Holiday Party (Halloween, Christmas)', 'Formal / Corporate', 'Funny Invitations'.
• Add a fill-in invitation template box: event, host, date/time, venue, dress code, RSVP by/contact.
• Add etiquette tips: when to send (4–6 weeks ahead for weddings, 2–3 for parties), how to word an RSVP deadline, and plus-ones.
• Add FAQs: How do you word a casual invitation? How far in advance should invitations go out? How do you politely say 'adults only'?
• Link to /invitation-thankyou-messages/, /halloween-messages/, /graduation-messages/, and /guy-fawkes-day-messages/.
• Add an eCard CTA for 123Greetings invitation eCards (RSVP-friendly, instant delivery)."
https://blog.123greetings.com/birthday-message-for-dad/,page,high,1,yes,226,6,0,100,94,0,2,2,"Only 6 messages on one of the site's highest-volume birthday queries, while the title claims 100+. Two messages repeat the 'anchor' image, and there are no sections, no intro and no FAQ.","• An intro on writing to Dad (men of few words, specific memories)
• A 'From Daughter' section with 12 messages and a 'From Son' section with 12
• A 'Funny Dad' section with 15 (dad jokes, thermostat, grilling, naps)
• A 'Heartfelt / Emotional' section with 10 and a 'Short Texts' section with 12
• A 'Milestone Birthdays (50th, 60th, 70th)' section with 9
• A 'Religious Blessings' section with 6 and a 'Long-Distance Dad' section with 5
• A 'For Dad in Heaven' section with 6
• Sign-offs: 'Your favorite kid', 'Love you, Pop'
• FAQs: What do I write in my dad's birthday card? What if we're not close?
• Internal links: /fathers-day-messages/, /birthday-messages-for-stepfather/, /birthday-messages-for-father-in-law/, /messages-for-50th-birthday/, /messages-for-60th-birthday/, /birthday-messages-for-grandpa/, /anniversary-messages-for-dad/
• eCard CTA: 'Send Dad a birthday eCard'"
https://blog.123greetings.com/cute-messages/,page,high,1,yes,249,7,0,,,3,1,8,"7 real messages (2 empty blocks), a mislabeled 'Funny' section and a broken nav link, for a high-volume evergreen query ('cute messages for boyfriend/girlfriend').","• Add 60+ messages in sections: Good Morning (10), Good Night (10), For Him (10), For Her (10), Flirty (8), Long-Distance (8), Actually Funny/Cute (8), One-Liners with Emoji (10)
• Short intro: when to send a cute text 'just because'
• Tips: personalize with pet names, inside jokes, and a callback to your first date
• Expand the FAQ: 'Cute messages to make her smile', 'Cute texts for a crush', 'How often should you send cute messages?'
• Link to /love-messages/, /national-i-love-you-day-messages/, /romance-day-messages/, /sweetest-day-messages/, /love-thankyou-messages/
• eCard CTA: love / thinking-of-you eCards"
https://blog.123greetings.com/birthday-messages-for-mom/,page,high,1,yes,300,7,0,115,108,0,2,1,"Probably the highest-volume query in this set, but it has only 7 messages against a 115+ claim, one of which carries leaked editor text. None of the Heartfelt/Funny/Emotional sections promised in the meta exist, and there's no intro, tips or FAQ.","• Remove the leaked note in #4 and rewrite that message so it addresses Mom
• Sections: Heartfelt (20), Funny (15), Emotional/make-her-cry (10), From Daughter (12), From Son (12), Short texts (15), Instagram captions (10)
• Add a labelled Religious/Blessings section (8), a Long-distance mom section (6), and a 'Mom who is also Grandma' set (5)
• Add milestone wishes for Mom’s 50th, 60th, 70th and 80th (12)
• Tips: 'What to write in Mom’s birthday card' (thank her for something specific, share a memory, tell her what you learned) plus sign-offs ('Your favorite child', 'Love you more than cake')
• FAQs: What do I write in my mom's birthday card? What's a short birthday message for mom? How do I make my mom cry happy tears on her birthday?
• Internal links: /birthday-messages-for-mother-in-law/, /birthday-messages-for-stepmother/, /birthday-messages-for-grandma/, /birthday-message-for-dad/, /anniversary-messages-for-mom/, /belated-birthday-messages-for-her/, /birthday-messages-for-across-the-miles/
• eCard CTA after every section: 'Send Mom a birthday eCard' (flowers, musical, photo eCards)"
https://blog.123greetings.com/thanksgiving-day-messages/,page,high,1,yes,312,5,0,,,5,1,2,"Published today with only 5 messages, no sections and no date, for one of the biggest card occasions. Canadian Thanksgiving is Oct 12 and US Thanksgiving is Nov 26, 2026.","• Add an intro with the dates: US Thanksgiving Thursday Nov 26, 2026; Canadian Thanksgiving Monday Oct 12, 2026
• Add 50+ messages in sections: For Family, For Friends/Friendsgiving, For Coworkers & Clients (business), For Your Partner, Religious/Blessing, Funny (turkey, leftovers, football), For Someone Far Away, For Someone Grieving This Holiday, Short Texts, Table-Card Gratitude Lines
• Add 'what to write' tips and host thank-you messages for after dinner
• Add FAQs: When is Thanksgiving 2026? What do you write in a business Thanksgiving card?
• Link /canadian-thanksgiving-messages/, /fall-messages/, /pumpkin-day-messages/, /thank-you-messages/, /family-messages/
• Add an eCard CTA to Thanksgiving eCards with scheduling for Thanksgiving morning"
https://blog.123greetings.com/national-best-friends-day-messages/,page,high,1,yes,968,5,0,50,45,17,1,15,"Only 5 messages, most with broken punctuation, under a huge FAQ that repeats a myth and leaks internal text. The page is FAQ-heavy and message-thin for a popular query.","• Add 50+ messages in sections: Funny (12), Sentimental (10), Long-Distance (8), For a Girl Bestie (6), For a Guy Bestie (6), Childhood Friend (5), Short Captions for Instagram (10)
• Add 10 best-friend quotes with correct attributions
• Add an intro: June 8, unofficial origin, how to celebrate
• Trim the FAQ to about 8 accurate questions and drop marketing claims (view counts, 'millions')
• Add 'What to write' tips: an inside joke, a memory, a promise
• Link to /friendship-messages-for-best-friends/, /funny-friendship-messages/, /friendship-day-messages/, /girlfriends-day-messages/ and /birthday-messages-for-best-friend/
• Add an eCard CTA to Best Friends Day and Hugs cards"
https://blog.123greetings.com/messages-for-20th-anniversary/,page,high,2,yes,114,7,0,50,43,0,1,4,"There are 7 real messages (and 2 empty blocks) against a '50+' title. The nav link is broken, the gift material in the title/meta is wrong, one message has a confused voice, and there are no recipient sections.","• Add 40+ messages in sections: For Husband, For Wife, For Parents (from kids), For a Couple (friends), Funny, Heartfelt, Nostalgic (to match the nav), China/Platinum-Themed.
• Add an intro: the 20th anniversary gift is china (traditional) and platinum (modern), with the emerald gemstone.
• Add tips: reference 20 years of milestones (kids, homes, careers), and sign-offs like 'Two decades down, forever to go'.
• Add FAQs: 'What is the 20th anniversary gift?', 'What do kids write for their parents’ 20th anniversary?'
• Link internally to /messages-for-15th-anniversary/, /messages-for-25th-anniversary/, /anniversary-messages-for-parents/, /anniversary-messages-for-husband/, /anniversary-messages-for-wife/.
• Add an eCard CTA for anniversary eCards."
https://blog.123greetings.com/anniversary-messages/,page,high,2,yes,135,0,0,250,250,0,2,1,"A head-term hub page with good link coverage (relationships, milestones, work, belated, special). But it has zero messages, no intro, no gift guide and no FAQ, although the title promises '250+ Anniversary Messages'.","• An intro paragraph on choosing the right message by relationship and tone
• A 'Top 20 Anniversary Messages' teaser block pulling the best from the husband, wife, parents and friends pages
• An anniversary gift-by-year table: 1st paper, 5th wood, 10th tin/aluminum, 15th crystal, 20th china, 25th silver, 30th pearl, 40th ruby, 50th gold, 60th diamond, with links to each milestone page
• A 'How to write an anniversary card' section: opening, memory, wish, sign-off, with examples
• A sign-off ideas list (15)
• FAQs: What do you write in an anniversary card? What is the gift for each year? What is a belated anniversary message?
• Add the missing relationship links: Friend/Best Friend, Nephew, Cousin, Father-in-Law, Stepdad, Brother-in-Law/Sister-in-Law (create these pages)
• Add 45th (sapphire) and 55th (emerald) milestone entries
• A funny/romantic/religious tone filter row linking to themed anchors
• eCard CTA banner: 'Send a free anniversary eCard' after the first section"
https://blog.123greetings.com/messages-for-13th-birthday/,page,high,2,yes,158,6,0,50,44,0,1,3,"There are 6 real messages (and 2 empty blocks) against a '50+' title. Tone and voice are good, but there are no recipient sections for a query usually searched by parents, grandparents, aunts and uncles.","• Add 40+ messages in sections: For Son, For Daughter, For Grandchild, For Niece/Nephew, Funny Official-Teenager Messages, Heartfelt From Parents, Encouragement for the Teen Years, Short Texts/Captions.
• Add an intro on why 13 matters (first teen year; Bar Mitzvah age for boys) and tips: don’t be cringe, be encouraging, keep it short.
• Add sign-offs: 'Proud of you already,' 'Your biggest fan (even when you roll your eyes)'.
• Add FAQs: 'What do you write in a 13th birthday card?', 'What’s a funny message for a new teenager?'
• Link internally to /birthday-messages-for-son/, /birthday-messages-for-daughter/, /birthday-messages-for-nephew/, /birthday-messages-for-niece/, /birthday-messages-for-grandson/, /birthday-messages-for-granddaughter/, /birthday-messages-for-sweet-16/.
• Add an eCard CTA: 'Send a fun animated birthday eCard they’ll actually open'."
https://blog.123greetings.com/messages-for-70th-birthday/,page,high,2,yes,178,6,0,60,54,0,1,0,There are 6 real messages (and 2 empty blocks) against a '60+' title. It has good heartfelt content but no sections for the most common senders (children and grandchildren).,"• Add 55+ messages in sections: For Mom, For Dad, For Grandma, For Grandpa, For Friend, Gentle Funny, Heartfelt, Religious/Blessings, Toasts.
• Add an intro and tips: share a favorite memory, and thank them for their influence.
• Add sign-offs: 'Seventy and still our favorite,' 'With love from all of us'.
• Add FAQs: 'What do you write in a 70th birthday card?', 'What do grandkids write for a 70th?'
• Link internally to /messages-for-60th-birthday/, /messages-for-80th-birthday/, /birthday-messages-for-grandma/, /birthday-messages-for-grandpa/, /birthday-messages-for-mom/, /birthday-message-for-dad/.
• Add an eCard CTA for 70th birthday eCards."
https://blog.123greetings.com/messages-for-1st-anniversary/,page,high,2,yes,181,8,0,50,42,0,1,4,"There are 8 real messages (and 2 empty blocks) against a '50+' title. It mixes spouse and friend-to-couple voices unsectioned, with only a passing 'Paper' reference.","• Add 40+ messages in sections: For Husband, For Wife, For the Newlyweds (friends/family), From Parents to the Couple, Funny First-Year Messages, Paper-Themed, Religious/Blessings.
• Add an intro: the 1st anniversary gift is paper (traditional) and clocks (modern), plus paper gift ideas such as love letters and framed vows.
• Add tips: reference a first-year moment (moving in, first holiday), and sign-offs like 'Year one of forever'.
• Add FAQs: 'What is the 1st anniversary gift?', 'What do you write in a first anniversary card for a couple?'
• Link internally to /anniversary-messages-for-husband/, /anniversary-messages-for-wife/, /wedding-messages-when-just-married/, /dating-anniversary-messages/, /messages-for-5th-anniversary/.
• Add an eCard CTA: 'A paper anniversary? Make it a digital card they’ll keep'."
https://blog.123greetings.com/messages-for-60th-birthday/,page,high,2,yes,183,6,0,60,54,0,1,1,"There are 6 real messages (and 2 empty blocks) against a '60+' title. The messages are warm but generic, with no funny messages despite the meta, and no sections or FAQ.","• Add 55+ messages in sections: For Mom, For Dad, For Husband, For Wife, For Friend, Funny (retirement-adjacent, gentle), Heartfelt, Religious/Blessings, Toasts.
• Add an intro on the 60th milestone and tips for balancing humor and honor.
• Add sign-offs: 'Sixty and sensational,' 'Here’s to the best decade yet'.
• Add FAQs: 'What do you write in a 60th birthday card for Mom/Dad?', 'Funny 60th messages that aren’t mean?'
• Link internally to /messages-for-50th-birthday/, /messages-for-70th-birthday/, /birthday-messages-for-mom/, /birthday-message-for-dad/, /birthday-messages-for-grandma/, /birthday-messages-for-grandpa/.
• Add an eCard CTA for 60th birthday eCards."
https://blog.123greetings.com/birthday-messages/,page,high,2,yes,189,0,0,500,500,0,3,0,"A navigation hub with good coverage: recipients, milestones, zodiac (date ranges correct) and belated. But it has no messages, no intro and no FAQ for a very high-volume head term, and the title claims 500+.","• Add a 150-word intro and 20-30 'best of' sample messages on the hub itself (5 each: Heartfelt, Funny, Short, Religious, For Coworkers, Belated)
• Add a 'What to write in a birthday card' tips block with templates, and link to /what-to-write-in-a-card/
• Add a FAQ: 'What do you write in a birthday card?', 'Short birthday wishes', 'Funny birthday messages', 'Belated birthday wishes'
• Show 60th, 70th, 80th, 90th and 100th visibly in By Milestone (/messages-for-60th-birthday/ … /messages-for-100th-birthday/)
• Add missing recipient tiles: Girlfriend's/Boyfriend's parents, Neighbor, Pastor, Twins, Kids (generic), Pet
• Add 'Birthday Thank-You' link (/birthday-thankyou-messages/) for replying to wishes
• eCard CTA banner: 'Send a free birthday eCard' / schedule-in-advance feature"
https://blog.123greetings.com/anniversary-messages-for-boyfriend/,page,high,2,yes,201,11,0,100,89,0,1,2,"Eleven good, modern messages, but the page is very thin for a high-volume romantic query and has a single vague section.","• Expand to 100: Romantic (20), Funny (15), First Anniversary (10), Long-Distance (10), Short Texts (15), Instagram Captions (10), Milestones — 6 Months, 2, 3, 5 Years (10), Deep/Emotional Letters (10)
• Add 'How to write an anniversary message for your boyfriend' tips (a shared memory, an inside joke, a future plan) and 10 sign-off ideas
• FAQs: 'What should I write in a 1-year anniversary card for my boyfriend?', 'How do you celebrate a dating anniversary long-distance?'
• Link to /anniversary-messages-for-girlfriend/, /anniversary-messages-for-fiance/, and love/birthday-for-boyfriend pages
• eCard CTA: 'Send a romantic anniversary eCard' after the first two sections"
https://blog.123greetings.com/messages-for-10th-anniversary/,page,high,2,yes,205,8,0,50,42,0,1,3,"There are 8 real messages (and 2 empty blocks) against a '50+' title. The messages mix spouse-to-spouse and friend-to-couple voices with no sections, and there is nothing on the traditional tin/aluminum theme.","• Add 40+ messages in sections: For Husband, For Wife, For a Couple (friends/family), For Parents, Funny, Tin/Aluminum-Themed Puns, Religious/Blessings.
• Add an intro: the 10th anniversary gift is tin or aluminum (traditional) and diamond jewelry (modern), with the symbolism of durability.
• Add tips on referencing 10 years of shared milestones (kids, homes, moves), plus sign-offs like 'Here’s to decade two'.
• Add FAQs: 'What is the 10th anniversary gift?', 'What do you write in a 10th anniversary card for a couple?'
• Link internally to /messages-for-5th-anniversary/, /messages-for-15th-anniversary/, /anniversary-messages-for-husband/, /anniversary-messages-for-wife/, /anniversary-messages-for-parents/, /wedding-anniversary-messages/.
• Add an eCard CTA: '10 years deserves more than a text: send an anniversary eCard'."
https://blog.123greetings.com/messages-for-21st-birthday/,page,high,2,yes,206,9,0,60,51,0,1,4,"There are 9 real messages (and 2 empty blocks) against a '60+' title. The mix of funny and heartfelt is good, but there are no sections, recipient targeting or tips.","• Add 50+ messages in sections: Funny 21st (responsible-drinking jokes), Heartfelt, For Son, For Daughter, For Best Friend, For Grandchild, Toasts, Instagram Captions.
• Add an intro on 21 as the US legal drinking age and 'key to the door' milestone, with a note to keep humor responsible.
• Add sign-offs: 'Cheers to you,' 'Proud of you, 21 and all'.
• Add FAQs: 'What do you write in a 21st birthday card?', 'What’s a good 21st birthday toast?'
• Link internally to /messages-for-18th-birthday/, /messages-for-30th-birthday/, /birthday-messages-for-best-friend/, /birthday-messages-for-son/, /birthday-messages-for-daughter/.
• Add an eCard CTA for a 21st birthday eCard."
https://blog.123greetings.com/anniversary-messages-for-husband/,page,high,2,yes,207,8,0,100,92,0,1,5,"Only 8 messages on one of the highest-volume anniversary queries, while the title claims 100+. There is no romantic/funny/milestone split, no intro and no FAQ.","• An intro on tone (romantic, funny, sentimental), plus a tip to add one specific memory from the year
• A 'Romantic' section with 20 messages
• A 'Funny' section with 15 messages (snoring, the thermostat, his cooking experiments)
• A 'Short & Sweet / Text Messages' section with 15 one-liners
• A 'Deep & Emotional (long letter-style)' section with 8 messages
• A '1st Anniversary for Husband' section with 8, and a 'Milestone Years (10th, 25th, 50th)' section with 10
• A 'Long-Distance / Deployed Husband' section with 6
• A 'Religious Blessings' section with 6, and an 'After a Hard Year' section with 6
• 'Instagram captions for your anniversary post' with 10
• Sign-off ideas ('Forever yours', 'Your partner in crime') and a gift-by-year table (paper, wood, tin, crystal, china, silver, pearl, ruby, gold)
• FAQs: What do I write in my husband’s anniversary card? How long should it be? What is the gift for each year?
• Internal links: /anniversary-messages-for-wife/, /messages-for-1st-anniversary/, /messages-for-25th-anniversary/, /belated-anniversary-messages-for-him/, /birthday-messages-for-husband/, /love-messages/, /wedding-anniversary-messages/
• eCard CTA between sections: 'Send him a romantic anniversary eCard'"
https://blog.123greetings.com/messages-for-30th-birthday/,page,high,2,yes,210,9,0,60,51,0,1,5,"There are 9 real messages (and 2 empty blocks) against a '60+' title. Tone is good, but there are no sections, recipient targeting or tips for a popular milestone query.","• Add 50+ messages in sections: Funny 'Dirty Thirty', Heartfelt, For Husband, For Wife, For Best Friend, For Sister/Brother, Inspirational, Captions.
• Add an intro on turning 30 and tips for joking about age without stinging.
• Add sign-offs: 'Thirty and thriving,' 'Still younger than your playlist'.
• Add FAQs: 'What do you write in a 30th birthday card?', 'What’s a funny 30th birthday message?'
• Link internally to /messages-for-21st-birthday/, /messages-for-40th-birthday/, /birthday-messages-for-best-friend/, /birthday-messages-for-husband/, /birthday-messages-for-wife/.
• Add an eCard CTA for 30th birthday eCards."
https://blog.123greetings.com/anniversary-messages-for-co-worker/,page,high,2,yes,214,9,0,,,0,1,8,"Nine messages, only one of which is a real work-anniversary wish, on a page targeting 'work anniversary messages for coworker'.","• Add 30+ work-anniversary messages: Professional (8), Funny/Office Humor (8), By Milestone — 1, 5, 10, 20 years (8), From the Team (5), Short Slack/Teams (6), LinkedIn Comments (5)
• Keep and label a separate 'Wedding Anniversary for a Coworker' section (15)
• Tips: keep it inclusive (avoid assuming a spouse's gender), and sign off for a group card
• FAQs: 'What do you write for a coworker’s 5-year work anniversary?'
• Link to /anniversary-messages-for-boss/, /anniversary-messages-for-employee/, and farewell/retirement message pages
• eCard CTA: multiple-recipient office eCards"
https://blog.123greetings.com/messages-for-40th-birthday/,page,high,2,yes,230,11,0,60,49,0,1,6,"There are 11 real messages (and 2 empty blocks) against a '60+' title. The humor is decent, but punctuation is missing at line breaks and there are no sections or recipient targeting for a popular query.","• Add 50+ messages in sections: Funny Over-the-Hill, Heartfelt, For Husband, For Wife, For Best Friend, For Sister/Brother, For Coworker, Inspirational 'Life Begins at 40', Captions.
• Add an intro and tips on 40th humor that lands (nap jokes yes, health jokes careful).
• Add sign-offs: 'Forty and fabulous,' 'Aged like fine wine'.
• Add FAQs: 'What do you write in a 40th birthday card?', 'Funny but kind 40th messages?'
• Link internally to /messages-for-30th-birthday/, /messages-for-50th-birthday/, /birthday-messages-for-husband/, /birthday-messages-for-wife/, /birthday-messages-for-co-worker/.
• Add an eCard CTA for 40th birthday eCards."
https://blog.123greetings.com/anniversary-messages-for-dad/,page,high,2,yes,239,12,0,50,38,0,1,5,"Twelve warm messages, but every one addresses Dad alone. There is no 'Mom & Dad' angle, which is how most people search for parents' anniversary messages.","• Add 'For Mom & Dad Together' (15) — the biggest gap
• Add From Son (8), From Daughter (8), Funny Dad-Joke Wishes (8), Milestones — 25th Silver, 40th Ruby, 50th Golden (9), Religious Blessings (5), For Stepdad (5), Remembering Mom on Their Anniversary (5, gentle)
• Intro plus 'what to write in your parents’ anniversary card' tips
• FAQs: 'What do you write in a card for your parents’ 50th anniversary?'
• Link to /anniversary-messages-for-daughter/, anniversary messages for mom/parents, and Father’s Day messages
• eCard CTA: 'Send Mom & Dad a free anniversary eCard'"
https://blog.123greetings.com/birthday-messages-for-teacher/,page,high,2,yes,245,11,0,50,39,0,1,5,"The section structure is good (10 teacher types, working anchors), but most sections hold only one message: 11 messages against a 50+ claim. No intro or FAQ.","• Bring each of the 10 sections to 5-6 messages (+45), adding sections for Preschool/Kindergarten Teacher, Coach, Professor, Music/Art Teacher, and From Parents
• Add short text/email wishes and 'Sign from the whole class' group-card messages
• Intro with etiquette on birthday cards for teachers (appropriate tone, class cards, gift-card notes)
• Sign-off ideas: 'Your grateful student', 'From the whole of Grade 3'
• FAQs: 'What should a student write in a teacher's birthday card?', 'Can parents send a card?', 'Funny but respectful wishes'
• Link to /teachers-day-messages/, /birthday-messages-for-boss/, /birthday-messages-for-co-worker/, /thank-you-messages/
• eCard CTA: teacher birthday / thank-you teacher eCards"
https://blog.123greetings.com/national-cat-day-messages/,page,high,2,yes,276,5,0,,,5,1,1,Five good messages and a basic FAQ. National Cat Day (Oct 29) is four weeks away and the query has strong volume.,"• Add 30+ messages in sections: Funny Cat (10), For a Cat Mom/Dad (8), From the Cat (6), Rescue/Adopted Cat (5), Short Captions (8)
• Add a separate, gently worded 'In Memory of a Beloved Cat' section (5)
• Add an intro with the date (Oct 29), founding (2005) and the adoption message
• Add FAQs: When is National Cat Day? How is it different from International Cat Day (Aug 8)?
• Link to /international-cat-day-messages/ and /national-dog-day-messages/
• Add an eCard CTA to the National Cat Day cards"
https://blog.123greetings.com/national-coffee-day-messages/,page,high,2,yes,280,6,0,,,5,1,7,"Six romantic-only messages with punctuation gaps. National Coffee Day (Sept 29) just passed, but International Coffee Day (Oct 1) is tomorrow and the query recurs yearly.","• Add 30+ messages in sections: For a Partner (keep the current ones and fix them), For Friends (8), For Coworkers (8), Funny Caffeine Puns (8), Short Captions (8)
• Add an International Coffee Day (Oct 1) note and messages
• Add an intro: Sept 29 in the US, free-coffee deals, coffee-date ideas
• Add sign-off ideas ('Brewed with love', 'Latte love')
• Link to /national-oatmeal-day-messages/, /everyday-messages/ and /love-messages/
• Add an eCard CTA to the National Coffee Day cards (a direct event page instead of search results)"
https://blog.123greetings.com/grandparents-day-messages/,page,high,2,yes,281,5,0,,,5,1,3,"There are only 5 messages (plus 2 empty blocks). The page has no date or history intro, and its headings and nav are mismatched. The FAQ is serviceable.","• Add an intro: National Grandparents Day is the first Sunday after Labor Day (Sept 12, 2027). Marian McQuade founded it, President Carter proclaimed it in 1978, and its flower is the forget-me-not.
• Add 40+ messages in sections: 'For Grandma' (8), 'For Grandpa' (8), 'From Young Grandkids' (6, simple wording kids can copy), 'Funny' (8), 'Long-Distance' (5), 'In Memory of Grandparents' (5), 'Religious Blessings' (5).
• Add tips: include a memory, and use large print or handwriting for older readers.
• Add sign-offs: 'Your favorite grandchild (don’t tell the others)', 'With all my love, always'.
• Add FAQs: When is Grandparents Day 2027? What is the official flower of Grandparents Day?
• Link to /heartfelt-mothers-day-messages-that-prove-you-were-paying-attention/ (grandma section), /keep-in-touch-messages/, and /just-because-day/.
• Add an eCard CTA for 123Greetings Grandparents Day eCards, with a note on how easy an eCard is for grandparents to open."
https://blog.123greetings.com/messages-for-18th-birthday/,page,high,2,yes,283,10,0,60,50,0,1,4,"There are 10 real messages (and 2 empty blocks) against a '60+' title. The heartfelt messages are strong, but there are no recipient sections and no tips for a high-intent milestone query.","• Add 45+ messages in sections: For Son, For Daughter, For Grandchild, For Best Friend, Funny Welcome-to-Adulthood, Heartfelt From Parents, Advice for Adulthood, Short Captions.
• Add an intro on 18 as the coming-of-age milestone (voting, legal adulthood), with tips on balancing pride and advice without lecturing.
• Add sign-offs: 'Proud of the adult you’re becoming,' 'Still your #1 fan'.
• Add FAQs: 'What do you write in an 18th birthday card from a parent?', 'What’s a funny 18th birthday message?'
• Link internally to /messages-for-21st-birthday/, /birthday-messages-for-sweet-16/, /graduation-messages/, /birthday-messages-for-son/, /birthday-messages-for-daughter/, /birthday-messages-for-grandson/.
• Add an eCard CTA for 18th birthday eCards."
https://blog.123greetings.com/anniversary-messages-for-grandparents/,page,high,2,yes,294,16,0,100,84,0,1,6,"16 short messages under a single generic 'Grandparents' section. There is no intro, no milestone angle and no FAQ, although the page targets a popular query and promises 100+ messages.","• An intro explaining that grandparents’ anniversaries are often 40th/50th/60th milestones, with the gift material for each (ruby, gold, diamond)
• A 'Golden 50th Anniversary for Grandparents' section with 10 messages, and a '60th Diamond' section with 6
• A 'From the Grandkids' section with 10 messages written in a child’s voice for young kids to copy
• A 'Funny' section with 10 messages (bickering over the thermostat, 'still holding hands at the mall')
• A 'Religious / Blessings' section with 8 messages
• A 'Short Texts & Social Captions' section with 12 one-liners for family group chats and Instagram posts
• A 'Toasts for the Anniversary Party' section with 5 longer speech-style messages
• Tips: mention how they met, add a family photo, and have every grandchild sign. Sign-offs such as 'With all our love, your grandkids'
• FAQs: What do you write in a 50th anniversary card for grandparents? What gift suits each milestone? Can kids write their own message?
• Internal links: /anniversary-messages-for-grandpa/, /anniversary-messages-for-grandma/, /messages-for-50th-anniversary/, /messages-for-60th-anniversary/, /messages-for-75th-anniversary/, /grandparents-day-messages/
• eCard CTA: a 'Send a golden anniversary eCard' block after the milestone section"
https://blog.123greetings.com/all-saints-day-messages/,page,high,2,yes,301,5,0,,,4,1,6,"Only 5 messages and no intro for an observance that is one month away (Sunday, Nov 1, 2026). It is thin but has good seasonal search potential.","• Add an intro: the Nov 1 date (Sunday in 2026), origins (Pope Gregory III/IV, 8th–9th century), and how it relates to Halloween (All Hallows’ Eve) and All Souls’ Day (Nov 2)
• Expand to 30+ messages in sections: Catholic & Christian Blessings, Short Prayers, For Family, For Friends, For Your Parish/Priest, Remembering Loved Ones (soft link to All Souls’), Patron Saint Wishes, Short Text Wishes, Social Captions
• Add 5 scripture-inspired lines (e.g. Hebrews 12:1 'so great a cloud of witnesses')
• FAQs: 'When is All Saints’ Day 2026?', 'Is All Saints’ Day a holy day of obligation?', 'What’s the difference between All Saints’ and All Souls’ Day?'
• Internal links: /halloween-messages/, All Souls’ Day messages, /guardian-angel-day-messages/, /st-francis-day-messages/, /clergy-appreciation-day-messages/
• eCard CTA: 'Send a free All Saints’ Day eCard' linking to the 123Greetings category"
https://blog.123greetings.com/bosss-day-messages/,page,high,2,yes,309,5,0,,,5,1,3,"Only 5 messages. The FAQ is decent but gives no date. Boss's Day is October 16, 16 days away, so the page should be expanded now.","• Add 40+ messages in sections: Professional (8), Funny (8), From the Whole Team (6), For a Female Boss (5), For a Mentor/Former Boss (5), For a Remote Manager (4), Short Texts/Slack-appropriate (8)
• Intro: date (Oct 16), origin (Patricia Bays Haroski registered it in 1958 in honor of her father/boss), etiquette (appreciation goes up, keep gifts modest, group cards)
• 'What to write when you don't know your boss well' tips
• FAQ: 'When is Boss's Day 2026?', 'Is it appropriate to give a gift?', 'Group card message ideas'
• Link to /birthday-messages-for-boss/, /anniversary-messages-for-boss/, /colleagues-thankyou-messages/, /at-work-messages/
• eCard CTA: Boss's Day eCards, including group-signed cards"
https://blog.123greetings.com/anniversary-messages-for-mom/,page,high,2,yes,313,16,0,50,34,0,1,4,"16 decent messages sit in one generic section, against a 50+ claim. There is no daughter/son split, no milestone or memorial angle, no intro and no FAQ.","• An intro: whether to write to Mom alone or to both parents, and how to make it personal
• A 'From Daughter' section with 8 messages and a 'From Son' section with 8
• A 'Funny' section with 10 (Dad’s thermostat, 'still putting up with him')
• A 'Milestone (25th, 40th, 50th)' section with 8 that name the year
• A 'For Mom After Dad Has Passed' section with 6 gentle messages
• A 'For Mom & Stepdad' section with 5
• A 'Short Text Messages' section with 10
• Sign-offs: 'Your forever kid', 'Love you both'
• FAQs: Should an anniversary card be addressed to Mom or to both parents? What if I can’t be there?
• Internal links: /anniversary-messages-for-dad/, /anniversary-messages-for-parents/, /birthday-messages-for-mom/, /mothers-day-messages/, /messages-for-25th-anniversary/, /messages-for-50th-anniversary/
• eCard CTA: 'Send Mom an anniversary eCard'"
https://blog.123greetings.com/wedding-messages-for-the-groom/,page,high,2,yes,315,7,0,,,5,1,5,"7 messages, all pre-ceremony pep talks from a buddy, plus a FAQ with a duplicated question. The search intent is much broader.","• Add 40+ messages in sections: From the Bride (8), From Parents (8), From Brother / Best Man (8), From Coworkers (5), Funny (10), Heartfelt (8), Religious Blessings (5), Short Texts (8)
• Groom-to-son messages from Dad and Mom
• Tips: what to write in a groom's card versus a joint card
• Sign-offs ('Proud of you, brother', 'Cheers to the lucky man')
• Link to /wedding-messages-for-the-bride/, /wedding-messages-to-congratulate-the-couple/ and /wedding-messages/
• eCard CTA: groom and wedding eCards"
https://blog.123greetings.com/sukkot-messages/,page,high,2,yes,317,5,0,,,5,1,7,"5 messages (4 missing punctuation) and an informative FAQ. The holiday is happening right now (through Oct 2), and the page is thin for it.","• Add an intro on the harvest and wilderness story, the sukkah, and the lulav and etrog
• Add 20+ messages in sections: Traditional Hebrew Greetings (Chag Sameach, Moadim L'Simcha, Chag Sukkot Sameach, Gut Yontif), For Family, For Friends, For Colleagues/Business, Shemini Atzeret & Simchat Torah, Short Texts
• Add a greetings glossary with pronunciation
• Add FAQs: What do you say on Sukkot? What are the Ushpizin? Can non-Jews send Sukkot wishes?
• Link /rosh-hashanah-messages/ (and a Yom Kippur page), /fall-messages/, /canadian-thanksgiving-messages/
• Add an eCard CTA for Jewish holiday cards"
https://blog.123greetings.com/veterans-day-messages/,page,high,2,yes,317,5,0,,,5,1,2,"5 respectful messages and an accurate date (Nov 11), but thin for a major occasion 6 weeks away. There are no recipient sections or guidance on Veterans Day vs Memorial Day wording.","• Add an intro: Nov 11 (Wednesday in 2026), Armistice origins, honoring all who served (living veterans), and how it differs from Memorial Day
• Add 30+ messages in sections: For Dad/Grandpa, For Mom/Grandma, For a Spouse, For Coworkers & Employees, For Friends, For Military Families, From Kids/Students, Short 'Thank You for Your Service' Texts, Social Media Captions, Patriotic Quotes
• Add 'what to write' tips: be specific (branch, era), avoid assumptions about combat, Happy vs Honoring Veterans Day
• Add FAQs: Is it OK to say Happy Veterans Day? What's the difference between Veterans Day and Memorial Day? Veterans Day or Veteran's Day?
• Link /4th-of-july-messages/, /labor-day-messages/, /fathers-day-messages/, /grandparents-day-messages/, /thank-you-messages/
• Add an eCard CTA to Veterans Day eCards scheduled for Nov 11"
https://blog.123greetings.com/send-a-smile-day-messages/,page,high,2,yes,320,5,0,,,5,1,5,"5 dated-sounding messages, one of them to a husband and one romantic, plus a solid FAQ. No date or intro. The day is Oct 2, two days away.","• Add an intro with the date (Oct 2, 2026; first Friday of October) and how it relates to World Smile Day and Harvey Ball's smiley face
• Add 25+ messages in sections: For Friends, For Family, For Coworkers, For Someone Having a Hard Week, For Your Partner, Funny Smile Texts, One-Line Smile Captions
• Add '10 ways to send a smile today' ideas (kind note, compliment, eCard, coffee), each with a line to write
• Add FAQs: When is Send a Smile Day? Is it the same as World Smile Day?
• Link /smile-month-messages/, /say-hey-day-messages/, /national-day-of-encouragement-messages/, /happiness-happens-day-messages/, /positive-thinking-day-messages/
• Add an eCard CTA to the Send a Smile Day category for same-day delivery"
https://blog.123greetings.com/anniversary-messages-for-boss/,page,high,2,yes,321,15,0,50,35,0,1,4,"Fifteen messages that mix work and wedding anniversaries without labels. 'Work anniversary wishes for boss' is a high-volume query, and the page underdelivers on it.","• Split into two labeled sections: Work Anniversary (target 30) and Wedding Anniversary (target 15)
• Add work sub-sections: Formal/Professional, From the Whole Team, Funny, Short Slack/Teams Messages, LinkedIn Comments, By Milestone (1, 5, 10, 20 years), Company Founder Anniversary
• Add a 'how to write to your boss' tip box (keep it sincere, specific, not overly personal; sign off 'On behalf of the team')
• Add FAQs: 'Is it appropriate to wish your boss a happy wedding anniversary?', 'What do you write in a group card for your boss?'
• Link to /anniversary-messages-for-employee/, /anniversary-messages-for-co-worker/, /anniversary-messages-for-customers/ and Boss’s Day (Oct 16) messages
• eCard CTA: group/multiple-recipient office eCards"
https://blog.123greetings.com/sweetest-day-messages/,page,high,2,yes,324,5,0,,,5,1,9,"5 cute romantic messages (4 missing punctuation) and a good FAQ with the correct date (Oct 17, 2026). The FAQ says the day isn't only romantic, but every message is. Timely: 17 days away.","• Add an intro: third Saturday of October, the 1921 Cleveland origin, mainly celebrated in the Midwest/Great Lakes
• Add 25+ messages in sections: For Husband, For Wife, For Boyfriend/Girlfriend, For Friends, For Mom/Grandma, Candy-Pun Messages, Short Texts, Messages to Pair with Chocolates
• Add a sweet-treat pairing idea list (candy plus a matching one-liner)
• Add FAQs: Is Sweetest Day a Hallmark holiday? What's the difference between Sweetest Day and Valentine's Day?
• Link /chocolate-day-messages/, /candy-corn-day-messages/, /dessert-day-messages/, /love-messages/, /friendship-messages/, /bosss-day-messages/
• Add an eCard CTA for Sweetest Day eCards, scheduled for Oct 17"
https://blog.123greetings.com/day-of-the-dead-messages/,page,high,2,yes,329,5,0,,,4,1,4,"5 messages (one garbled) and a 4-question FAQ. The page has no dates, no Spanish-greeting guidance and no recipient sections, and the meta promises funny messages that don’t exist. Nov 1–2, 2026 is only a month away.","• Intro: Día de los Muertos falls on Nov 1–2 (Sunday–Monday in 2026). Nov 1 honors children (angelitos) and Nov 2 honors adults. It blends Indigenous (Aztec) and Catholic All Saints/All Souls traditions, and UNESCO has listed it as Intangible Cultural Heritage since 2008.
• Add “Spanish Greetings with Translations” (10), “In Memory of Mom / Dad” (8), “Remembering Grandparents” (8), “For Friends” (8), “For Family” (8) and “Notes for an Ofrenda” (8).
• Add a “Lighthearted / Calavera-Style Verses” section (8) to deliver the “funny” the meta promises, plus 15 short text and Instagram captions.
• Tips: name the loved one and mention their favorite food, song or flower on the ofrenda, and avoid Halloween wording. Sign-off ideas: “With love and remembrance”, “Siempre en nuestros corazones”.
• FAQs: When is Day of the Dead 2026? Is it OK to say “Happy Day of the Dead”? What are cempasúchil marigolds, pan de muerto and sugar skulls? How can non-Mexicans take part respectfully?
• Link /fall-messages/, /family-messages/, /everyday-messages/ (Thinking of You) and the site’s Halloween and sympathy message pages.
• eCard CTA: Day of the Dead eCards next to the intro and the Spanish-greetings section."
https://blog.123greetings.com/sympathy-condolences-messages/,page,high,2,yes,331,10,0,100,90,0,2,3,"10 sensitive, well-written messages in one list mixing loss of dad, mom and pet, far short of the 100+ promised. There is no intro, FAQ or guidance for a high-volume, evergreen query.","• Add sections with 8–10 messages each: Loss of a Father, Loss of a Mother, Loss of a Spouse/Partner, Loss of a Child, Loss of a Grandparent, Loss of a Friend, Loss of a Pet, For a Coworker/Employee, Religious/Prayer Condolences, Short Condolence Texts, Anniversary of a Death
• Add a 'what to write in a sympathy card' guide: acknowledge the loss, share a memory, offer specific help; what not to say
• Add sign-off ideas (“With deepest sympathy,” “Holding you in my heart,” “Thinking of you”) and a flower-card note list
• Add FAQs: What do you write in a sympathy card for someone you barely knew? Is it too late to send a condolence card? Text or card?
• Link /mothers-day-messages-for-someone-who-lost-their-mom/, /get-well-soon-messages/, /friendship-messages-here-for-you/, /what-to-write-in-a-card/
• Add a gentle eCard CTA to sympathy eCards (no 'fun' language)"
https://blog.123greetings.com/love-note-day-messages/,page,high,2,yes,331,5,0,,,5,1,4,"There are only 5 messages plus a 5-question FAQ that omits the date (September 26). The page is thin for a day that suits short, copyable notes, and the next occurrence is a year away, which leaves time to build it out.","• Add 30+ notes in sections: Lunchbox/Pocket Notes (one-liners), For Husband, For Wife, For Boyfriend/Girlfriend, Long-Distance Love Notes, Funny Love Notes, 'P.S. I Love You' Notes, Love Notes for Kids/Parents (family angle).
• Add an intro: Love Note Day is on September 26 and encourages handwritten or digital notes of affection.
• Add 'where to hide a love note' ideas (mirror, coffee mug, laptop, car visor) and 'how to write one' tips.
• Add sign-offs: 'P.S. Still yours,' 'XO, your biggest fan,' 'Read this twice'.
• Add FAQs: 'When is Love Note Day?', 'What should a short love note say?', 'Can I send a love note to a friend or family member?'
• Link internally to /love-messages/, /national-i-love-you-day-messages/, /love-thankyou-messages/, /romance-awareness-month-messages/, /true-love-forever-day-messages/.
• Add an eCard CTA: 'Schedule a digital love note for Sept 26' linking Love & Romance eCards."
https://blog.123greetings.com/wedding-messages-when-just-married/,page,high,2,yes,332,9,0,,,5,1,8,"9 messages, but 4 are pre-ceremony nerves messages aimed at one person, and one has an editor label left in it. Only about 4 real newlywed wishes remain.","• Replace the off-topic messages and add 40+ true newlywed wishes: Heartfelt (10), Funny (10), Social-media comments/captions for 'just married' posts (10), Honeymoon wishes (5), For Couples Who Eloped (5), Short Texts (8)
• Mr. & Mrs. and Mr. & Mr. / Mrs. & Mrs. inclusive variations
• Tips: when to send and what to write if you missed the wedding (belated)
• Link to /wedding-messages-to-congratulate-the-couple/, /wedding-messages/ and /wedding-anniversary-messages/ (for their first anniversary)
• eCard CTA: 'Just Married' eCards"
https://blog.123greetings.com/samhain-messages/,page,high,2,yes,333,5,0,,,5,1,3,"5 good, respectful messages, but thin: no intro, no date, and no sections. Samhain (Oct 31–Nov 1) is a month away, so this is a timely search.","• Add an intro: Gaelic origin, pronunciation (SOW-in), Oct 31–Nov 1, Celtic new year, honoring ancestors, and the connection to Halloween
• Add 25+ messages in sections: Blessed Samhain Blessings, Honoring Ancestors/Remembrance, New Year & Letting Go, Spooky & Playful, For Pagan/Wiccan Friends, Short Captions
• Add a traditions section (bonfires, ancestor altar, dumb supper, divination) so the title's promise is met
• Add tips for respectful wording when the recipient is Pagan versus someone who just loves Halloween
• Link /halloween-messages/, /day-of-the-dead-messages/, /all-saints-day-messages/, /fall-messages/, /pumpkin-day-messages/
• Add an eCard CTA for Samhain/Halloween eCards scheduled for October 31"
https://blog.123greetings.com/columbus-day-messages/,page,high,2,yes,334,5,0,,,5,1,4,"5 neutral, holiday-focused messages and a balanced FAQ (the Oct 12, 2026 date is correct). But the page is thin and the holiday is 12 days away.","• Add 30+ messages in sections: Long-Weekend/Relaxing (8), For Coworkers (5), Fall Family Time (5), Italian-American Heritage (5), Indigenous Peoples' Day wishes (6)
• Add a short, neutral history intro (1492, federal holiday since 1937, the Indigenous Peoples' Day movement)
• FAQ: 'Is Columbus Day a federal holiday in 2026?', 'Which states celebrate Indigenous Peoples' Day instead?', 'Are banks and post offices closed?'
• Link to /fall-messages/, /labor-day-messages/, /veterans-day-messages/, /canadian-thanksgiving-messages/ (same day)
• eCard CTA: fall / long-weekend eCards"
https://blog.123greetings.com/birthday-messages-for-grandma/,page,high,2,yes,335,17,0,100,83,0,1,5,"17 messages against a 100+ claim. It includes a new-grandma message and a memorial-sounding one that don't belong, the messages aren't sectioned, and there's no intro or FAQ.","• Sections: From Granddaughter (12), From Grandson (12), Funny (12), Heartfelt (15), Short texts (10), Religious/blessings (8)
• Add milestone wishes for Grandma’s 70th, 80th, 90th and 100th (12)
• Add 5 long-distance wishes (reuse the idea of #9 'Different cities. Same grandma.') and 5 for great-grandma
• Add a 'Grandma names' mini-section (Nana, Nonna, Abuela, Oma, Granny) with 1–2 wishes each
• Tips: large-print cards, handwritten notes and recorded video messages for older grandparents; sign-offs ('Your favorite grandkid', 'All my love, forever')
• FAQs: What do you write in a grandma's birthday card? What's a short birthday wish for grandma? How do you celebrate grandma's 90th?
• Internal links: /birthday-messages-for-grandpa/, /birthday-messages-for-mom/, /anniversary-messages-for-grandma/, /anniversary-messages-for-grandparents/, /birthday-messages-for-across-the-miles/
• eCard CTA: 'Send Grandma a musical birthday eCard (easy to open on any device)'"
https://blog.123greetings.com/canadian-thanksgiving-messages/,page,high,2,yes,345,5,0,,,5,1,1,"5 good messages and an accurate FAQ (second Monday of October; Oct 12, 2026). But it's thin and the holiday is 12 days away.","• Add 40+ messages in sections: For Family (8), For Friends (6), For Coworkers/Clients (6), Funny/Turkey & Pumpkin Pie (8), Religious/Grateful Blessings (5), Short Texts (8), For Someone Far From Home (4)
• Intro: date (Monday, October 12, 2026), harvest-festival roots, the 1578 Frobisher story and the 1957 proclamation, and how it differs from US Thanksgiving
• Tips for writing a gratitude note and hosting thank-yous
• FAQ: 'Why is Canadian Thanksgiving earlier than American?', 'Is it a statutory holiday in every province?'
• Link to /thanksgiving-day-messages/, /fall-messages/, /canada-day-messages/, /thank-you-messages/
• eCard CTA: Canadian Thanksgiving eCards"
https://blog.123greetings.com/pumpkin-day-messages/,page,high,2,yes,345,6,0,,,5,1,3,"Six cute, punny messages and an accurate FAQ (Oct 26, a Monday in 2026). National Pumpkin Day is four weeks away.","• Add 30 messages in sections: Pumpkin Puns (10), For Kids (6), For Friends/Pumpkin-Patch Crew (6), Pumpkin Spice Lovers (5), Short Captions (8)
• Add pumpkin-carving and pie ideas with message tie-ins
• Add FAQs: pumpkin-spice origins, Pumpkin Day vs Halloween
• Link to /halloween-messages/, /fall-messages/, /pumpkinfest-tennessee-messages/ and /canadian-thanksgiving-messages/
• Add an eCard CTA to the Pumpkin Day cards"
https://blog.123greetings.com/clergy-appreciation-day-messages/,page,high,2,yes,346,5,0,,,5,2,2,"5 sincere messages and a good FAQ with one date error. Clergy Appreciation Day is October 11 and the whole month is Clergy Appreciation Month, so this is timely.","• Add 35+ messages in sections: For a Pastor (8), For a Priest (5), For a Minister's Spouse/Family (4), From the Congregation (6), From Youth Group/Kids (4), Scripture-based wishes (8)
• Intro: Clergy Appreciation Month (October), Pastor Appreciation Day (second Sunday of October), and ways congregations celebrate
• Tips: mention a sermon that stayed with you, a hospital visit, a wedding or funeral they led
• FAQ: 'What's the difference between Pastor and Clergy Appreciation Day?', 'Group card wording for a church'
• Link to /st-francis-day-messages/, /thank-you-messages/, /sympathy-condolences-messages/
• eCard CTA: Clergy/Pastor Appreciation eCards"
https://blog.123greetings.com/st-francis-day-messages/,page,high,2,yes,349,5,0,,,5,2,2,"5 gentle, well-written messages and an accurate FAQ (Oct 4), but thin. The feast day is in 4 days, and there is no blessing-of-the-animals or prayer content.","• Add an intro: Feast of St. Francis of Assisi, Oct 4 (Sunday in 2026), patron saint of animals and ecology, the Blessing of the Animals tradition
• Add 20+ messages in sections: Blessings & Prayers, For Pet Lovers, For Animal Rescuers/Vets, For Catholic Friends & Clergy, Nature/Creation Care, Short Captions for Pet Photos
• Add the 'Make me an instrument of your peace' prayer (with a note on its attribution) as a card-writing idea
• Add FAQs: What is the Blessing of the Animals? Why is St. Francis the patron saint of animals?
• Link /national-dog-day-messages/, /national-cat-day-messages/, /international-cat-day-messages/, /clergy-appreciation-day-messages/, /earth-day-messages/
• Add an eCard CTA for pet/nature eCards"
https://blog.123greetings.com/halloween-messages/,page,high,2,yes,356,11,0,,,5,2,6,"There are 11 short messages and a good FAQ, but no sections even though the title says 'Spooky, Funny & Fun'. Halloween is 31 days away and this is a very high-volume query.","• Add 50+ messages in anchored sections: 'Funny' (10), 'Spooky' (8), 'For Kids' (8), 'For Friends' (6), 'Romantic / For Partner' (6; move #5 and #6 here), 'For Coworkers' (5), 'Halloween Puns' (8), 'Instagram Captions' (8).
• Add an intro: Halloween 2026 falls on Saturday, Oct 31. Mention its Samhain roots (already in the FAQ) and trick-or-treat etiquette.
• Add tips: match the scare level to the recipient, keep it light for kids, and use a pun for coworkers.
• Add sign-offs: 'Boo-tifully yours', 'Your favorite ghoul', 'Fang-tastically yours'.
• Add FAQs: What do you write in a kids’ Halloween card? Short Halloween captions for Instagram?
• Link to /guy-fawkes-day-messages/ and /invitation-messages/ (Halloween party invites).
• Add an eCard CTA for animated Halloween eCards on 123Greetings."
https://blog.123greetings.com/guardian-angel-day-messages/,page,high,2,yes,364,5,0,,,5,2,4,"There are only 5 messages, and the occasion (Oct 2) is two days away. The FAQ covers basics but there is no history, no sections, and no prayers.","• Add an intro: October 2 is the Feast of the Guardian Angels. Pope Clement X extended it to the whole Church and fixed it on Oct 2 in 1670. Explain who celebrates it and how.
• Add 30+ messages in sections: 'Short Blessings' (8), 'Guardian Angel Prayers' (6), 'For the Person Who Is Your Guardian Angel' (mom, friend, nurse, mentor; 8), 'In Memory: An Angel in Heaven' (5), 'For Children' (4).
• Add the traditional 'Angel of God' prayer as a quotable text.
• Add tips on writing for non-religious recipients by focusing on protection and gratitude.
• Add FAQs: Is Guardian Angel Day a Catholic holiday? Can I send it to someone who isn’t religious? What is the Guardian Angel prayer?
• Link to /inspiration-messages/, /get-well-soon-messages/, and /keep-in-touch-messages/.
• Add a prominent, date-sensitive CTA: 'Guardian Angel Day is Oct 2. Send an eCard today' linking to 123greetings.com/events/guardian_angels_day/."
https://blog.123greetings.com/say-hey-day-messages/,page,high,2,yes,374,5,0,,,5,1,5,"5 warm messages, but four misname the occasion, and the date conflicts with the main eCard site. The day is upcoming, so this is timely.","• Add an intro that explains the day and gives the confirmed date (align with 123Greetings' event calendar)
• Add 25+ messages in sections: Short 'Hey' Texts, For an Old Friend You've Lost Touch With, For Coworkers, For Neighbors, For Family Far Away, Funny 'Hey' Messages, Conversation Starters
• Add a 'how to reconnect after a long silence' tips box with 3 opening lines
• Add FAQs: When is Say Hey Day? What do you text someone you haven't talked to in years?
• Link /keep-in-touch-messages/, /friendship-messages/, /national-best-friends-day-messages/, /everyday-messages/, /send-a-smile-day-messages/
• Add an eCard CTA to the Say 'Hey' Day category (e.g. 'Popping In To Say Hey!')"
https://blog.123greetings.com/you-go-girl-day-messages/,page,high,2,yes,385,5,0,,,5,1,8,"5 messages, 4 of them with grammar problems and 1 with a stereotype, for an observance only 11 days away (October 11, 2026). It needs urgent cleanup and expansion.","• An intro with the date (October 11) and origin (Kathryn Sullivan's spacewalk, Oct 11, 1984), plus what 'You go, girl' means
• Rewrite the existing 5 messages and add 35+ in sections: For My Daughter (6), For My Best Friend (6), For My Sister (5), For a Coworker (5), For Mom (5), New Job/Promotion/Graduation (5), Short Texts (8)
• An Empowering Quotes section with 8–10 attributed quotes, as the title promises
• 'How to celebrate You Go Girl Day' ideas (5), as the meta promises
• Link to /womens-friendship-day-messages/, /wife-appreciation-day-messages/ and Inspiration via /what-to-write-in-a-card/
• eCard CTA: You Go Girl Day eCards, pointing to the existing 123Greetings category"
https://blog.123greetings.com/international-daughters-day-messages/,page,high,2,yes,386,5,0,,,5,1,1,"There are 5 heartfelt messages, all in the 'we/your parents' voice, and a good FAQ. The page has no date, no from-Mom or from-Dad sections, and no quotes.","• Add 35+ messages in sections: 'From Mom' (8), 'From Dad' (8), 'For Adult Daughter' (6), 'For Little Girl' (5), 'For Daughter-in-Law' (4), 'Short Texts & Captions' (6), 'Daughter Quotes' (6).
• Add an intro explaining the dates (fourth Sunday of September; National Daughters Day Sept 25) and the day's origins (it's popular in India and the US).
• Add tips: mention a specific trait or milestone, and write to who she is now, not only who she was as a child.
• Add sign-offs: 'Proud to be your mom/dad', 'Love you to the moon and back'.
• Link to /graduation-messages/, /inspiration-messages-you-can-do-it/, and /grandparents-day-messages/.
• Add an eCard CTA for Daughter's Day eCards, with scheduling for next September."
https://blog.123greetings.com/friendship-messages-for-best-friends/,page,high,2,yes,386,8,0,,,5,1,7,8 messages and a 5-question FAQ with grammar errors and a copied eCard question. The page is thin for a high-volume query and has no sections by tone or situation.,"• Sections: “Funny” (12), “Emotional / Heartfelt” (12), “Birthday for Your Best Friend” (8), “Long-Distance Best Friend” (8), “For Your Female Best Friend” (6), “For Your Male Best Friend” (6), “Thank You, Bestie” (6), “Apology to a Best Friend” (6) and “Short Captions” (15).
• Intro mentioning National Best Friends Day (June 8). Sign-off ideas: “Your partner in crime”, “Bestie for life”.
• FAQs: When is National Best Friends Day? What do you write in a best friend birthday card? How do you tell your best friend you appreciate them?
• Link /friendship-messages/, /friendship-messages-for-friends-forever/, /friendship-messages-here-for-you/, /friendship-anniversary-messages/ and /friendship-day-messages/.
• eCard CTA: Best Friends eCards after the intro and after each section."
https://blog.123greetings.com/wedding-messages-for-the-bride/,page,high,2,yes,391,7,0,50,43,5,1,6,"Only 7 messages under a 50+ claim, with no sections or intro. The FAQ is decent but repeats generic advice.","• Add 45+ messages in sections: From the Groom (8), From Mom & Dad (8), From Sister (5), From Best Friend / Maid of Honor (8), Funny (8), Religious Blessings (5), Short Texts (8)
• A 'Wedding Morning Nerves' section (move the pre-aisle messages from /wedding-messages-when-just-married/ here)
• Bridal shower versus wedding-card wording tips
• Intro on what to write for the bride and how long it should be
• Sign-offs ('With love and sparkle', 'Your forever bridesmaid')
• FAQ: What to write if you can't attend? Should you address both bride and groom?
• Link to /wedding-messages-for-the-groom/, /wedding-messages-to-congratulate-the-couple/, /wedding-messages-when-just-married/ and /wedding-messages/
• eCard CTA: 'For the Bride' wedding eCards"
https://blog.123greetings.com/friendship-day-messages/,page,high,2,yes,393,6,0,75,69,5,2,5,"Only 6 real messages under a “75+” title, and the FAQ opens with contradictory history. The page doesn’t state the date (first Sunday of August; UN day July 30) and has no recipient sections for a high-volume occasion.","• Intro with dates: the International Day of Friendship is July 30 (UN, 2011). Friendship Day in India and the US falls on the first Sunday of August (Aug 2, 2026; Aug 1, 2027).
• Sections: “For Best Friend” (10), “Long-Distance” (8), “Childhood Friends” (8), “Funny” (12), “Emotional” (10), “For Colleagues” (6), “For the Group Chat” (6), “Short WhatsApp Texts” (15), “Instagram Captions” (15) and “Friendship Band / Card Lines” (6).
• How-to tips (the FAQ covers some) and sign-off ideas: “Your forever sidekick”, “Friends till the end”.
• FAQs: When is Friendship Day 2027? Is International Friendship Day different from Friendship Day in India? What do you write on a friendship band card?
• Link /friendship-messages/, /friendship-week/, /friendship-anniversary-messages/, /friendship-messages-for-best-friends/ and /five-minutes-with-bob-2nd-august/.
• eCard CTA: Friendship Day eCards after the intro and after each section."
https://blog.123greetings.com/what-to-write-in-a-card/,page,high,2,yes,396,0,0,,,0,665,9,"A cornerstone hub for a huge query ('what to write in a card') that is really just tile navigation: 3 empty months, placeholders, no guidance text and an H1 without the keyword.","• A 300–500-word 'How to write a card' guide: a 4-step formula (greeting, specific memory, wish, sign-off) with 3 worked examples
• 'What to write when you don't know them well' and 'what to write in a group/office card' sections with 10 lines each
• A list of 30 sign-offs by tone (loving, friendly, formal, funny)
• Fill January, February and December and complete November (Hanukkah in some years, Giving Tuesday, etc.)
• Top 5 example messages under each relationship/occasion tile, not just a link
• FAQs: How long should a card message be? How do I sign a sympathy card? What do I write in a coworker's card?
• Link the Wedding tile to /wedding-messages/ and seasonal tiles to /working-parents-day/, /wife-appreciation-day-messages/, /womens-friendship-day-messages/ and /you-go-girl-day-messages/
• eCard CTA banner: 'Found the words? Send them on a free eCard'"
https://blog.123greetings.com/national-oatmeal-day-messages/,page,high,2,yes,405,5,0,,,5,1,11,"Five messages, one of them about cornflakes, plus a grammatically weak FAQ. National Oatmeal Day (Oct 29) is four weeks away.","• Add 25+ oatmeal messages in sections: Punny (8, e.g. 'oat-standing'), Cozy/Warm Wishes (6), For Health-Conscious Friends (5), For Coworkers (5)
• Add an intro: Oct 29, oatmeal history, why it’s a fall comfort food
• Add real recipe blurbs or links for the 4 listed recipes
• Add 5 short social captions
• Link to /national-coffee-day-messages/, /national-blueberry-pie-day-messages/, /pumpkin-day-messages/ and /fall-messages/
• Add an eCard CTA to the National Oatmeal Day cards"
https://blog.123greetings.com/wedding-messages-to-congratulate-the-couple/,page,high,2,yes,411,9,0,,,5,1,5,"9 messages with a nice funny/heartfelt mix, but 3 have grammar errors and there are no sections or intro.","• Add 40+ messages in sections: Heartfelt (10), Funny (10), Religious/Blessings (5), From Parents (5), From Coworkers (5), For a Second Marriage (3), For an Elopement/Courthouse Wedding (3), Short Texts (8)
• Inclusive wording for same-sex couples
• Wording to go with a cash or registry gift
• Intro plus a 'what to write' formula and sign-offs
• Link to /wedding-messages/, /wedding-messages-when-just-married/, /wedding-messages-for-the-bride/ and /wedding-messages-for-the-groom/
• eCard CTA: wedding congratulations eCards"
https://blog.123greetings.com/family-messages/,page,high,2,yes,427,25,0,60,35,0,2,3,"25 decent messages, but only Aunt and Niece sections exist. The parents, siblings and grandparents the meta promises are missing, and the page has no intro or FAQ. The Aunt section is written in a stiff no-contractions style.","• Add the sections the meta promises: “For Parents” (10), “For Mom” (8), “For Dad” (8), “For Siblings / Brother / Sister” (10) and “For Grandparents” (10).
• Balance the existing sections with “For Uncle” (8), “For Nephew” (8), “For Cousin” (8), “For In-Laws” (6), “For Stepfamily” (6), “Family Reunion” (6) and “Funny Family” (10).
• Intro on choosing a message by relationship. Tips and sign-offs such as “Your favorite niece”, “Love always, your family”.
• Loosen the Aunt section’s stiff phrasing (“did not”, “do not”, “I am not saying”) with natural contractions.
• FAQs: What do you write in a family card? How do you tell family you love them? What should you write to a family member you rarely see?
• Link /fathers-day-messages/, /five-minutes-with-bob-1st-august/ (the Aunt Helen story) and /friendship-messages/.
• eCard CTA: Family, Aunt and Niece eCards per section."
https://blog.123greetings.com/kiss-and-make-up-day-messages/,page,high,2,yes,431,5,0,,,5,1,5,There are only 5 romantic apology messages plus a solid 5-question FAQ. The Aug 25 date is correct. The page has no sections and nothing for the non-romantic relationships its own FAQ promotes.,"• Add 25–30 more messages in named sections: For Your Partner (romantic apology), Funny Make-Up Messages, Short Text Apologies, For a Friend, For a Sibling/Parent, For a Coworker.
• Add an intro paragraph stating it is observed every August 25, with the idea behind it (clearing the air before resentment sets in).
• Add a 'How to write a make-up message' tip box: own your part, name the specific thing, skip the 'but', suggest a next step (coffee, call, dinner).
• Add sign-off ideas such as 'Still on your team,' 'Yours, stubborn but sorry,' 'Truce?'
• Add FAQs: 'When is Kiss and Make Up Day 2027?' and 'What do I say if I’m not the one who was wrong?'
• Link internally to /sorry-messages/, /love-messages/, /hug-week-messages/, /international-kissing-day-messages/, /sneak-a-kiss-day-messages/ and /friendship-messages/.
• Add an eCard CTA under each section pointing to 123Greetings Sorry, Hugs and Love & Romance eCards, e.g. 'Say it with a Sorry eCard: schedule it for Aug 25'."
https://blog.123greetings.com/funny-friendship-messages/,page,high,2,yes,480,10,0,,,5,1,7,"There are 10 good-quality funny messages and 5 FAQs, but no intro and no sections, which is far too little for a high-volume query like 'funny friendship messages'.","• Grow the page to 40+ messages in sections: 'Short Funny Texts' (10), 'Best Friend Roasts (the kind ones)' (8), 'Funny Friendship Day Wishes' (6), 'Long-Distance Friend Jokes' (5), 'Funny Thank-You-for-Being-My-Friend' (5), 'Funny Friendship Quotes' (6).
• Add a side-nav Emotions menu with anchors for each new section.
• Add a short intro on why a laugh keeps a friendship strong and when to send one: Friendship Day (first Sunday in August), a random Tuesday, or after a rough week.
• Add tips: reference an inside joke, tease with love, and avoid sensitive topics like weight, exes, or money.
• Add sign-offs: 'Your partner in crime', 'Stuck with me forever', 'Your emergency contact and bad influence'.
• Rewrite FAQ Q1 and Q2, and add: 'Funny things to write in a best friend’s card?' and 'How do I make a funny message not sound mean?'
• Link to /keep-in-touch-messages/, /just-because-day/, /funny-belated-birthday-messages/, and /invitation-messages/.
• Add an eCard CTA to 123Greetings funny friendship eCards ('Send a laugh in 60 seconds')."
https://blog.123greetings.com/inspiration-messages/,page,high,2,yes,489,0,0,,,5,1,8,"A hub page with 0 messages, 3 category cards, and a FAQ that includes leaked SEO notes. For the broad 'inspiration messages' query it offers almost nothing to copy.","• Add 10–15 featured inspirational messages directly on the hub (a sampler from each subpage).
• Add a 'Famous Inspirational Quotes' section (10), with correct attributions.
• Expand the category cards to include Good Luck, Get Well (/get-well-soon-messages/), Graduation (/graduation-messages/), and Thinking of You (/keep-in-touch-messages/).
• Add an intro on when to send an inspirational message (exams, job hunts, recovery, grief, new beginnings).
• Add tips: be specific, avoid toxic positivity, and offer help as well as words.
• Add an eCard CTA for 123Greetings Inspiration and Encouragement eCards."
https://blog.123greetings.com/wedding-messages/,page,high,2,yes,500,0,0,,,5,1,5,A hub page with five sub-page blurbs and a FAQ but no actual messages. The blurbs have grammar errors. It should be the strongest page in the wedding cluster.,"• Add a 'Top 15 wedding messages' block at the top (heartfelt, funny, short, religious)
• Short sections: Wedding Card Messages for Coworkers, For a Niece/Nephew, For a Son/Daughter, Belated Wedding Wishes, Wedding Gift Card / Cash Gift Wording
• 'How to write a wedding card' guide: formula, length, how to sign as a couple or family, etiquette
• Link the engagement FAQ to an engagement messages page (Engagement tile on /what-to-write-in-a-card/) and to /wedding-anniversary-messages/
• Sign-off ideas list
• eCard CTA: wedding eCards, with scheduling for the wedding date"
https://blog.123greetings.com/national-i-love-you-day-messages/,page,high,2,yes,501,14,0,,,5,1,7,"14 messages mixing partner, friend and parent recipients with no headings. The FAQ has a stray character. The day (Oct 14) is two weeks away.","• Add 40+ messages in sections: For a Partner (12), For Parents (8), For Kids (6), For Friends (8), First 'I Love You' (5), Long-Distance (5)
• Add 10 short texts and 5 'I love you' in other languages
• Add an intro with the date (Oct 14) and origin (the 2015 #EverydayILoveYou hashtag)
• Add 'How to say I love you when it’s hard' tips
• Link to /love-messages/, /true-love-forever-day-messages/, /love-note-day-messages/ and /first-love-day-messages/
• Add an eCard CTA to the I Love You Day cards"
https://blog.123greetings.com/labor-day-messages/,page,high,2,yes,519,12,0,50,38,5,1,2,"The page has 12 generic appreciation/rest messages, two of them repeated. There are no sections and no history. The FAQ is decent, but the year-specific answer is now stale. 'Labor Day messages' is a high-volume seasonal query with a year to prepare before Sept 6, 2027.","• Expand to 50+ unique messages in sections: For Coworkers, From a Boss to Employees, For Your Boss, For Family & Friends, Funny Labor Day Wishes, Labor Day Weekend/BBQ Captions, For Essential & Frontline Workers, For Customers (business-to-customer).
• Add an intro on the origin: first parade in New York City on Sept 5, 1882, made a federal holiday in 1894, observed on the first Monday of September; Canada’s Labour Day falls on the same day.
• Add 10 short text/social captions such as 'Clocked out. Grill on. Happy Labor Day!'
• Add 'what to write' tips for workplace cards: keep it inclusive, thank specific effort, avoid work talk.
• Add FAQs: 'Is Labor Day the same in Canada?', 'Why do we celebrate Labor Day?', 'What’s a professional Labor Day message for employees?'
• Link internally to /bosss-day-messages/, /work-anniversary-messages/, /colleagues-thankyou-messages/, /anniversary-messages-for-employee/, /anniversary-messages-for-co-worker/, /thank-you-messages/.
• Add an eCard CTA: 'Send a Labor Day eCard to your whole team in one go', linked to the Labor Day eCards category."
https://blog.123greetings.com/more-wedding-messages/,page,high,2,yes,533,23,0,,,5,1,6,"Only 23 messages in four sections. The FAQ promises funny wishes but there is no Funny section. There's no intro and no recipient sections, and several messages are broken or mis-sectioned. 'Wedding wishes' is a high-volume query.","• Add a Funny section (15 messages): marriage jokes, 'forever roommate', snack-sharing lines, as the FAQ promises
• Add recipient sections of 10 each: For the Bride, For the Groom, From Parents, For a Best Friend/Sibling, For a Coworker
• Add 10 religious/blessing wedding wishes and 10 short card-sized one-liners
• Add situational messages: Can't Attend the Wedding, Belated Wedding Wishes, Second Marriage, Elopement/Courthouse Wedding, Same-Sex Couple (8 each)
• Add a 'What to write in a wedding card' guide: address both names, one wish, one memory, and how to sign off ('With love and best wishes for your life together', 'Cheers to forever')
• Add FAQs: what to write with a cash gift or check, how long a wedding card message should be, what not to write
• Link to /wedding-messages/, /wedding-messages-for-the-bride/, /wedding-messages-for-the-groom/, /wedding-messages-to-congratulate-the-couple/, /wedding-messages-when-just-married/ and /messages-for-1st-anniversary/
• Add eCard CTAs to 123Greetings Wedding Cards under each section"
https://blog.123greetings.com/friendship-messages/,page,high,2,yes,552,0,0,,,5,3,4,"A hub page with five category blurbs and a FAQ but zero actual messages, for the head term “friendship messages”. The meta overclaims 80+ messages, and the hub doesn’t link the Friendship Day, Week or Anniversary pages.","• Show 3–5 top messages inside each category card (Best Friends, Friends Forever, Caring, Funny, Here for You) so the hub is useful on its own.
• Add category cards linking /friendship-day-messages/, /friendship-week/ and /friendship-anniversary-messages/.
• Merge or differentiate the overlapping “Caring” and “Here for You” blurbs.
• Intro explaining how to choose a message by friendship type and occasion. Add a “Short Friendship Texts” block (15).
• FAQs: When is Friendship Day? When is National Best Friends Day (June 8)? What’s a short message to reconnect with an old friend?
• eCard CTA: Friendship eCards banner under the intro."
https://blog.123greetings.com/mothers-day-card-messages-for-grandma-funny-heartfelt/,post,high,2,yes,1254,0,0,,,0,10,2,"A funny, well-written story (Grandma Ruth) with a good 'Ruth Rule' and FAQs. But for 'Mother’s Day messages for grandma' it has almost no copy-ready messages.","• Add a Funny section (15 grandma-humor lines: purse pharmacy, 'you’re not eating enough', always right)
• Add a Heartfelt section (15), a From Grandkids (kid-friendly) section (10), a For Great-Grandma section (5) and a For a Grandma Who Raised You section (5)
• Add 'Long-distance grandma' and 'In memory of grandma' messages (5 each, kept separate)
• Add sign-off ideas ('Your favorite grandchild (don’t tell the others)', 'Love you more than your brisket')
• Update the date intro to evergreen (second Sunday in May)
• Add FAQs: Is Mother’s Day for grandmas too? What to write in a card from a toddler?
• Link to /mothers-day-messages/, /birthday-messages-for-grandma/, /grandparents-day-messages/ and /anniversary-messages-for-grandma/
• Add an eCard CTA to Mother’s Day cards for Grandma"
https://blog.123greetings.com/mothers-day-wishes-for-stepmom-50-heartfelt-card-messages/,post,high,2,yes,1302,0,0,50,50,0,11,3,"A lovely stepmom story (Jess and Laura, the tacos) with three strong sample lines. The title promises 50+ card messages and the page doesn't deliver them, which is the core problem.","• Deliver the 50+ messages in sections: Heartfelt (12), Bonus Mom (8), Funny (8), From a Stepdaughter (6), From a Stepson (6), Short Card Lines (6), New Stepmom/First Mother’s Day Together (4)
• Add a 'If you don’t call her Mom' set of messages that use her name (5)
• Add sign-off ideas ('Your bonus kid', 'Love, your favorite stepdaughter')
• Add FAQs: Should I give my stepmom a card if I also have a mom? What to write for a stepmom you’re not close to?
• Update the date copy to evergreen
• Link to /birthday-messages-for-stepmother/, /anniversary-messages-for-stepmother/ and /mothers-day-messages/
• Add an eCard CTA to Mother’s Day cards for Stepmom"
https://blog.123greetings.com/mothers-day-messages/,page,high,2,yes,1462,29,0,125,96,0,1,5,"This is the main Mother's Day hub, but it has 29 messages under one heading, no intro, no FAQ, and recipients mixed together. The individual messages are well written.","• Add recipient H2 sections with a side-nav jump menu, and grow to 125+: For Mom (25), From Daughter (15), From Son (15), Funny (15), Short Text Wishes (15), Religious/Blessings (10), Wife (10), Grandma (10), Stepmom (8), Mother-in-Law (8)
• Add a labeled 'Hard Mother’s Days' section (loss, infertility, estrangement, first year without Mom), 10 messages
• Add an intro: second Sunday in May (May 9, 2027), Anna Jarvis 1908, national holiday 1914
• Add 'How to write a Mother’s Day card' tips and sign-off ideas
• Add FAQs: what to write in a Mother’s Day card, short Mother’s Day messages, messages for a mom who has passed
• Link prominently to all the Mother's Day posts (grandma, stepmom, mother-in-law, wife, from son, lost mom, 12 things, saved it all) and to /happy-mothers-day-2026-messages-what-to-write-in-the-card/
• Add eCard CTAs to 123Greetings Mother’s Day cards by recipient"
https://blog.123greetings.com/mothers-day-messages-from-son-what-to-write-when-you-live-far-away/,post,high,2,yes,1532,0,0,,,0,10,8,"A touching 'cat named Sam' story, but the timeline doesn't hold together and there are zero copy-ready messages for 'Mother’s Day messages from son'.","• Add 30 messages: From Son, Heartfelt (10), From Son, Funny (8), Long-Distance/Living Abroad (8), From a College Son (4), From a Military/Deployed Son (4)
• Add 10 short text versions for a son who calls instead of writing
• Add 'What to write when you can’t be there' tips: acknowledge the distance, name one specific thing, set a visit date
• Add sign-off ideas ('Your favorite Sam', 'Your far-away but always-yours son')
• Add FAQs: What should a son write in a Mother’s Day card? How to celebrate Mom from far away?
• Fix the story timeline (age, cat age, 'the day' vs 'the week')
• Link to /mothers-day-messages/, /birthday-messages-for-mom/ and /anniversary-messages-for-mom/
• Add an eCard CTA to Mother’s Day cards, plus app scheduling for delivery on the day"
https://blog.123greetings.com/anniversary-messages-for-girlfriend/,page,high,3,yes,248,16,0,75,59,0,1,3,"Sixteen good, varied messages, but far short of the '75+' promise on a high-volume query. There is one vague section.","• Expand to 75+: Romantic (15), Funny (12), First Anniversary (8), Long-Distance (8), Short Texts (12), Instagram Captions (10), Milestones — 6 Months, 2, 3, 5 Years (10)
• Tips for writing her a message and 10 sign-offs
• FAQs: 'What do I write in my girlfriend’s 1-year anniversary card?'
• Link to /anniversary-messages-for-boyfriend/, /anniversary-messages-for-fiancee/
• eCard CTA: romantic anniversary eCards"
https://blog.123greetings.com/sorry-messages/,page,high,3,yes,516,15,0,100,85,0,2,4,"15 messages in 5 sensible sections for a high-volume query, but far short of the 100+ promised. There is no intro, how-to or FAQ, and a few messages are weak.","• Add 60+ messages in new sections: For Husband, For Wife, For Boyfriend, For Girlfriend, For Boss, For Customers/Clients, For Sister/Brother, For Kids, Short Sorry Texts, Funny Sorry Messages, Sorry for Missing Your Birthday/Event
• Add an intro plus a 'how to apologize' box: name it, own it, no 'but' (reuse the three-sentence rule from the coworker post)
• Add sign-off ideas (“With a humble heart,” “Hoping we can talk soon”) and a 'what not to say' list
• Add FAQs: How do you say sorry without saying sorry? How long should I wait before apologizing? Is a card or text better?
• Link /sorry-messages-for-coworkers-when-my-coworker-struggled-with-saying-sorry/, /belated-birthday-messages-for-sorry-i-missed/, /belated-anniversary-messages-for-sorry-i-forgot/, /kiss-and-make-up-day-messages/
• Add an eCard CTA to Sorry eCards with the scheduling feature"
https://blog.123greetings.com/teachers-day-messages/,page,high,3,,537,18,0,100,82,5,1,5,"18 good messages in 3 tone sections with a helpful FAQ, but far from the 100+ promised. There are no dates or recipient/role sections. World Teachers' Day (Oct 5) is 5 days away.","• Add an intro with the dates: World Teachers' Day Oct 5; US Teacher Appreciation Week (first full week of May); India Sept 5
• Add 50+ messages in sections: From Students, From Parents, For a Retired Teacher, For a Favorite/Former Teacher, For Preschool/Kindergarten Teachers, For Coaches & Tutors, For Principals, For Colleagues (teacher-to-teacher), Short Texts, Funny
• Add a 'what to write' guide with a fill-in template (one memory + one thing they taught + thank you)
• Add FAQs: When is Teachers' Day? What do you write to a teacher who changed your life? Is it Teacher's or Teachers' Day?
• Link /birthday-messages-for-teacher/, /graduation-messages/, /thank-you-messages/, /inspiration-messages/
• Add an eCard CTA to Teachers' Day eCards and group cards from a whole class"
https://blog.123greetings.com/graduation-messages/,page,high,3,,598,20,0,100,80,0,1,1,"There are 20 good, varied messages, but they sit under one unsectioned heading. The page has no intro, tips, or FAQ, despite a 'What to Write in a Grad Card' title and a 100+ claim on a very high-volume query.","• Add sections to reach 100+: 'High School' (12), 'College' (12), 'Master’s / PhD' (6), 'Nursing School' (5), 'Law School' (4), 'Kindergarten / Preschool' (5), 'From Parents' (10), 'From Grandparents' (6), 'For Son' / 'For Daughter' (6 each), 'Religious Blessings' (6), 'Funny' (12), 'Short One-Liners' (10), 'Graduation Quotes' (8).
• Add a 'What to write in a graduation card' guide: congratulate, name one specific effort, wish them well for what's next, and sign off.
• Add sign-offs: 'Proud of you always', 'Onward and upward', 'Can’t wait to see what you do next'.
• Add FAQs: What do you write in a high school graduation card? What do you write in a card with money? How do you sign a graduation card from parents?
• Link to /graduation-card-messages-when-my-dad-struggled-with-saying-he-was-proud-of-me/, /inspiration-messages-you-can-do-it/, and /inspiration-messages-motivation/.
• Add an eCard CTA for Graduation eCards, including a 'schedule it for ceremony day' tip."
https://blog.123greetings.com/love-messages/,page,high,3,,609,38,0,100,62,0,2,6,"There are 38 messages in 5 working sections (Romantic, Flirty, Naughty, Playful, Humorous), with some genuinely good long-form romantic lines. It still falls well short of the 100+ promise for a very high-volume query, and has no intro, tips, FAQ or recipient targeting.","• Add 60+ messages to reach 100: Sweet & Short (20 text-length lines), Deep/Heartfelt, Long-Distance (currently only #8), For Him, For Her, Good Morning Love Messages, Good Night Love Messages, 'I Miss You' messages.
• Add a short intro and a 'How to write a love message' tip box: be specific, reference a shared moment, match the medium (text vs card).
• Add sign-off ideas: 'All my love,' 'Yours, always,' 'Forever and a day,' 'Your person'.
• Add an FAQ block: 'How do I write a romantic message that doesn’t sound cheesy?', 'What’s a good short love message for a text?', 'How often should I send love notes?'
• Link internally to /anniversary-messages-for-husband/, /anniversary-messages-for-wife/, /birthday-messages-for-girlfriend/, /birthday-messages-for-boyfriend/, /love-note-day-messages/, /national-i-love-you-day-messages/, /romance-day-messages/, /love-thankyou-messages/.
• Add an eCard CTA per section, e.g. 'Send this with a Love & Romance eCard' (flirty → animated, romantic → classic)."
https://blog.123greetings.com/thank-you-messages/,page,high,3,,611,23,0,100,77,0,2,2,"23 good, varied messages (birthday, gift, host, teacher, coworker, boss, client, caregiver) crammed into one unsectioned list, well short of the 100+ promised. Top-volume query; it also overlaps the /thankyou-messages/ hub.","• Break into sections and expand to 100+: For Birthday Wishes, For a Gift, For Hosts/Hospitality, For Teachers, For Coworkers, For Boss, For Clients/Customers, For Doctors & Nurses, For Support During Hard Times, For Wedding Gifts, For Baby Shower Gifts, For Sympathy Cards Received, Short Thank-You Texts, Funny
• Add a 'how to write a thank-you note' formula (greeting, specific thanks, how you'll use it or what it meant, forward-looking line, sign-off)
• Add sign-off ideas (“With gratitude,” “Gratefully yours,” “Thanks a million”)
• Add FAQs: How long after an event should you send a thank-you card? What do you write in a thank-you card for money?
• Interlink with /thankyou-messages/ hub and child pages (/birthday-thankyou-messages/, /colleagues-thankyou-messages/, /love-thankyou-messages/, /invitation-thankyou-messages/, /congratulations-thankyou-messages/, /dailies-thankyou-messages/), and decide which page is canonical
• Add an eCard CTA to Thank You eCards"
https://blog.123greetings.com/get-well-soon-messages/,page,high,3,,624,18,0,100,82,0,3,10,"There are 18 decent messages in 6 sectioned groups, but that's far short of the 100+ promised for a very high-volume query. It also has no intro, no tips, no FAQ, and no religious, funny, or post-surgery options.","• Add sections to reach the 100+ promised: 'Short Get Well Texts' (15), 'Funny Get Well Messages' (10), 'After Surgery' (8), 'Religious / Prayers for Healing' (8), 'For Coworker or Boss' (8), 'For Kids' (6), 'For Grandparents' (6), 'For Husband / For Wife' (6 each), 'For Sister / For Brother' (5 each), 'Long-Term / Chronic Illness' (6), 'Mental Health: Thinking of You' (6).
• Add an intro explaining the tone to aim for: hopeful, not medical; brief; offering concrete help.
• Add a 'What NOT to write' tips box: no prognosis talk, no 'everything happens for a reason', no comparing illnesses.
• Add sign-offs: 'Sending healing hugs', 'Here if you need anything, day or night', 'Rooting for you'.
• Add FAQs: What do you write in a get well card for someone with cancer? How do you say get well soon professionally? Is 'get well soon' appropriate for a chronic illness?
• Link to /inspiration-messages-you-can-do-it/, /inspiration-messages-motivation/, and /keep-in-touch-messages/.
• Add an eCard CTA: 'Can’t visit? Send a get well eCard that arrives instantly' linking to 123Greetings Get Well eCards."
https://blog.123greetings.com/mothers-day-messages-for-mother-in-law-what-to-write/,post,high,3,yes,1163,0,0,,,0,11,2,"A strong, specific story (Judith/Jude) with three good sample lines and sensible FAQs. For 'Mother’s Day messages for mother-in-law' it needs a real message bank.","• Add 30+ messages in sections: Heartfelt (10), Funny (8), From Daughter-in-Law (6), From Son-in-Law (6), First Mother’s Day as In-Laws (5), Complicated Relationship / Polite but Warm (5)
• Add 'Thank you for raising…' alternatives that avoid cliché (5) and religious/blessing wishes (5)
• Add sign-off guidance: 'Mom' vs first name, 'With love from your favorite daughter-in-law'
• Add FAQs: what to write for a mother-in-law you’re not close to, whether to include your spouse’s name
• Link to /birthday-messages-for-mother-in-law/, /anniversary-messages-for-mother-in-law/, /anniversary-messages-for-in-laws/ and /mothers-day-messages/
• Add an eCard CTA to Mother’s Day cards for Mother-in-Law"
https://blog.123greetings.com/mothers-day-messages-for-someone-who-lost-their-mom/,post,high,3,yes,1322,0,0,,,0,6,4,"A heartfelt, genuinely useful grief piece (Mia's story, a 'what not to say' list). It has only three sample messages for a high-intent, sensitive query.","• Add 25–30 messages in sections: First Mother’s Day After Loss (8), Years Later (5), For a Friend (5), For Your Spouse/Partner (5), For a Child or Teen Who Lost Their Mom (4), Religious/Spiritual (5), Non-Religious (5)
• Add 10 short text-message versions for people who prefer a text over a card
• Add a section for moms who have lost a child (link or reuse the /mothers-day-messages/ loss message)
• Add 'How to write it' steps: say her name, share a memory, no fixing, offer something specific
• Add FAQs: Is it okay to mention her mom by name? What to write when you didn’t know the mom?
• Link to /sympathy-condolences-messages/, /mothers-day-messages/, /friendship-messages-here-for-you/ and /everyday-messages/
• Add an eCard CTA to Thinking of You/Sympathy cards (not Mother's Day cards)"
https://blog.123greetings.com/mothers-day-messages-for-wife-what-she-actually-wants/,post,high,3,yes,1457,0,0,,,0,8,4,A relatable husband's story with practical advice ('two hours of empty house') and three good sample lines. The message bank is far too small for the query.,"• Add 30+ messages: Romantic from Husband (10), Funny (8), From the Kids, signed for them (8), First Mother’s Day as a Mom (5), Pregnant Wife / Mom-to-Be (4), Long-Distance/Deployed Husband (4)
• Add messages for a stepmom wife and a wife who is also grieving her own mother (3 each)
• Add sign-off ideas ('Your partner in chaos', 'Love you more than coffee')
• Add FAQs: Should a husband get his wife a Mother’s Day card? What to write if she’s a new mom?
• Link to /mothers-day-messages/, /love-messages/, /anniversary-messages-for-wife/ and /love-messages-for-wife-the-thank-you-i-owed-my-wife-for-two-years/
• Add an eCard CTA to Mother’s Day cards for Wife, plus app scheduling"
https://blog.123greetings.com/upcoming-events/,page,medium,1,yes,0,0,0,,,0,0,2,"An empty utility page. It could become a valuable internal-linking hub for seasonal pages, but is currently a blank indexed URL.","• Build a rolling 60-day occasion calendar with date, one-line description, a sample message, and a link to each blog page
• Group by month with anchor links, and highlight 'This Week'
• Link /halloween-messages/, /samhain-messages/, /sweetest-day-messages/, /veterans-day-messages/, /thanksgiving-day-messages/, /canadian-thanksgiving-messages/, /bosss-day-messages/, /columbus-day-messages/, /day-of-the-dead-messages/, /daylight-saving-time-ends-messages/
• Add an eCard CTA for scheduling cards up to 60 days in advance"
https://blog.123greetings.com/national-blueberry-pie-day-messages/,page,medium,1,yes,49,2,0,25,23,0,1,2,"Only 2 real messages and 49 words. There's no date, intro or FAQ.","• Add 25+ messages in sections: Punny (10, e.g. 'berry' puns), For the Baker in Your Life (5), For Family/Grandma’s Pie (5), For Coworkers (5)
• Add an intro: April 28, blueberries native to North America, pie-season traditions
• Add 5 short captions for social posts
• Add FAQs: When is National Blueberry Pie Day? How to celebrate it? Blueberry pie facts
• Link to /national-oatmeal-day-messages/, /pumpkin-day-messages/ and /fall-messages/
• Add an eCard CTA to the Blueberry Pie Day cards"
https://blog.123greetings.com/red-rose-day-messages/,page,medium,1,yes,58,3,0,30,27,0,1,2,"Only 3 messages and 58 words, with no intro or FAQ. There's also possible confusion between National Red Rose Day (June 12) and Valentine-week Rose Day (Feb 7).","• Add 30+ messages in sections: For Partner (10), For Wife/Husband (6), Long-Distance (5), Short Captions (8), Friendship Rose Messages (5)
• Add an intro: June 12 in the US, the meaning of rose colors, and a note on Valentine-week Rose Day (Feb 7)
• Add FAQs: What does a red rose symbolize? What to write with a single rose?
• Link to /love-messages/, /national-i-love-you-day-messages/ and /true-love-forever-day-messages/
• Add an eCard CTA to the Rose Day cards"
https://blog.123greetings.com/sneak-a-kiss-day-messages/,page,medium,1,yes,68,3,0,25,22,0,1,3,"Only 3 messages (68 words), two with punctuation errors. There is no intro, date, FAQ or CTA. Next occurrence is June 15, 2027.","• Add an intro: Sneak a Kiss Day is June 15; explain the playful spirit and consent-friendly framing
• Add 25+ messages in sections: Flirty Texts, For Husband, For Wife, For Boyfriend/Girlfriend, Long-Distance ('sending a sneaky virtual kiss'), Funny, Short Captions
• Add 'sneaky kiss ideas' (kiss note in a lunchbox, lipstick on the mirror) with lines to write
• Add FAQs: When is Sneak a Kiss Day? What do you text for Sneak a Kiss Day?
• Link /international-kissing-day-messages/, /longest-kiss-day-messages/, /kiss-and-make-up-day-messages/, /hug-your-sweetheart-day-messages/, /love-messages/
• Add an eCard CTA for kiss/love eCards"
https://blog.123greetings.com/international-kissing-day-messages/,page,medium,1,yes,72,4,0,30,26,0,1,4,"There are only 4 unpunctuated messages (plus 2 empty blocks) against a 30+ promise, with no intro and no FAQ.","• Add an intro: International Kissing Day (World Kiss Day) is July 6 and originated in the UK. Distinguish it from Kiss Day (Feb 13) in Valentine's Week.
• Add 30+ messages: 'Romantic' (8), 'Flirty & Funny' (8), 'Long-Distance: Sending Kisses' (6), 'For Spouse' (4), 'Captions' (6).
• Add a FAQ block: When is International Kissing Day? What’s the difference from Kiss Day in Valentine’s Week? Fun kiss facts.
• Link to /hug-your-sweetheart-day-messages/, /girlfriends-day-messages/, and /hug-week-messages/.
• Add an eCard CTA for animated kiss and love eCards."
https://blog.123greetings.com/national-tap-dance-day-messages/,page,medium,1,yes,81,4,0,30,26,0,1,5,"Only 3 unique messages, and none of them mention tap dance. It needs a full rebuild.","• Add 30+ tap-specific messages in sections: For Tap Dancers (10), For Tap Teachers (6), For Students/Kids in Tap Class (6), Funny Tap Puns (8)
• Add an intro: May 25 (Bill 'Bojangles' Robinson’s birthday), made official in 1989
• Add 5 famous-tapper references (Gregory Hines, Savion Glover, the Nicholas Brothers)
• Add FAQs: When is National Tap Dance Day? Why May 25?
• Link to /dance-day-messages/
• Add an eCard CTA to the Tap Dance Day cards"
https://blog.123greetings.com/anniversary-messages-for-uncle/,page,medium,1,yes,83,5,0,,,0,1,1,"The thinnest page in the chunk: 5 generic messages (83 words), none of which mention an uncle or aunt, so they could be sent to anyone.","• An intro on writing to your uncle and aunt
• A 'For Uncle & Aunt' section with 10 messages that name them
• A 'Funny Uncle' section with 8 (the fun uncle, BBQ king, bad jokes)
• A 'From Niece' section with 5 and a 'From Nephew' section with 5
• A 'Milestone (25th/50th)' section with 5 and a 'Short Texts' section with 8
• Sign-offs: 'Your favorite niece/nephew'
• FAQs: Should the card go to Uncle alone or to both? What should I write if I’m not close?
• Internal links: /anniversary-messages-for-aunt/, /birthday-messages-for-uncle/, /anniversary-messages-for-niece/, /messages-for-25th-anniversary/
• eCard CTA: 'Send your uncle and aunt an anniversary eCard'"
https://blog.123greetings.com/hug-week-messages/,page,medium,1,yes,92,5,0,30,25,0,1,4,"There are 5 unpunctuated messages (plus 2 empty blocks) on a page promising 30+. It has no intro, and it never explains which 'Hug Week' it means.","• Add an intro clarifying the occasion: National Hug Holiday Week (May 7–13), Hug Day in Valentine’s Week (Feb 12), and National Hugging Day (Jan 21). Link or position the page for the one targeted.
• Add 30+ messages in sections: 'Romantic' (8), 'For Friends' (6), 'For Family / Kids' (5), 'Long-Distance / Virtual Hugs' (6), 'Funny' (6).
• Add a short FAQ block (the page has none): When is Hug Week? Why do hugs matter? Can I send a virtual hug?
• Link to /hug-your-sweetheart-day-messages/, /international-kissing-day-messages/, and /keep-in-touch-messages/.
• Add an eCard CTA for animated hug eCards: 'Send a virtual hug'."
https://blog.123greetings.com/birthday-messages-for-taurus/,page,medium,1,yes,98,5,0,50,45,0,1,4,"5 real messages and 2 empty blocks. No date range and no trait intro, so there is nothing that matches the '50+' or 'personality-driven' promise in the title.","• Intro with the Taurus date range (April 20 – May 20), element (earth), ruling planet (Venus) and key traits: loyal, patient, stubborn, lover of food and comfort
• Add 45+ messages in sections: Funny Taurus (10), For a Taurus Woman (6), For a Taurus Man (6), Foodie/Comfort-themed (6), Heartfelt/Loyalty (8), Short Texts (8), Birthday Horoscope-style wishes (4)
• Gift and card pairing tips (Venus-ruled Taurus loves luxury, food, and plants)
• FAQs: 'What is a Taurus personality like?', 'What to write in a Taurus birthday card', 'Best compatible signs'
• Link to /birthday-messages-for-aries/, /birthday-messages-for-gemini/, /birthday-messages/ zodiac hub
• eCard CTA: zodiac birthday eCards"
https://blog.123greetings.com/business-anniversary-messages/,page,medium,1,yes,98,5,0,,,0,1,2,"5 generic messages, no sections, no intro, no FAQ. It overlaps almost completely with /company-anniversary-messages/, so the two pages compete for the same query.","• Either merge with /company-anniversary-messages/ (301) or make this page about messages TO a business (friend's shop, client, vendor) and keep the company page for internal/employee use
• Add 35+ messages in sections: To a Friend's Small Business (8), To a Client (6), To a Vendor/Partner (6), Social Media Posts for Your Own Business (8), Milestone Years 1st/5th/10th/25th (8)
• Tips: mention the founding year, a customer story, and a thank-you to customers
• FAQ: 'What do you write for a business anniversary?', 'How to announce your business anniversary on social media'
• Link to /work-anniversary-messages/, /anniversary-messages-for-customers/, /congratulations-messages/
• eCard CTA: business/corporate anniversary eCards"
https://blog.123greetings.com/belated-anniversary-messages-for-him/,page,medium,1,yes,100,5,0,40,35,0,1,4,"Only 5 messages, and 2 of them are addressed to a couple rather than to him. There is no intro, no husband/boyfriend split and no FAQ.","• An intro on apologizing to your husband or boyfriend
• A 'For Husband' section with 8 messages and a 'For Boyfriend' section with 6
• A 'Funny' section with 8 and a 'Heartfelt Apology' section with 6
• A 'Short Texts' section with 8
• Make-it-up ideas (6)
• FAQs: What do I say if I forgot our anniversary? How can I make it up to him?
• Internal links: /belated-anniversary-messages-for-her/, /belated-anniversary-messages-for-sorry-i-forgot/, /anniversary-messages-for-husband/, /anniversary-messages-for-boyfriend/, /sorry-messages/
• eCard CTA: 'Send him a belated anniversary eCard'"
https://blog.123greetings.com/anniversary-messages-for-siblings/,page,medium,1,yes,100,5,0,,,0,1,2,"The page is nearly empty: 5 generic messages (100 words), with no brother/sister split, intro or FAQ.","• An intro plus links to the dedicated brother and sister pages
• A 'For Brother & Sister-in-Law' section with 8 messages and a 'For Sister & Brother-in-Law' section with 8
• A 'Funny Sibling' section with 10 (childhood fights, 'they have no idea what they signed up for')
• A 'Heartfelt' section with 8 and a 'Short Texts' section with 10
• A 'From Younger/Older Sibling' angle with 5
• FAQs: Should I address the card to both? What do you write in a card to your sibling and their spouse?
• Internal links: /anniversary-messages-for-brother/, /anniversary-messages-for-sister/, /birthday-messages-for-brother/, /birthday-messages-for-sister/, /cousins-day-messages/
• eCard CTA: 'Send your sibling an anniversary eCard'"
https://blog.123greetings.com/messages-for-15th-anniversary/,page,medium,1,yes,102,6,0,50,44,0,1,3,"There are 6 short real messages (and 2 empty blocks) against a '50+' title. Nothing references crystal despite the title, and there are no sections or FAQ.","• Add 40+ messages in sections: For Husband, For Wife, For a Couple, For Parents, Funny, Crystal-Themed ('crystal clear: I’d marry you again').
• Add an intro on 15th-anniversary symbols: crystal (traditional), watches (modern), ruby gemstone.
• Add tips and sign-offs, e.g. 'To 15 more,' 'Still clear as crystal'.
• Add FAQs: 'What is the 15th anniversary gift?', 'What do I write in a 15th anniversary card?'
• Link internally to /messages-for-10th-anniversary/, /messages-for-20th-anniversary/, /anniversary-messages-for-husband/, /anniversary-messages-for-wife/, /wedding-anniversary-messages/.
• Add an eCard CTA for anniversary eCards."
https://blog.123greetings.com/birthday-messages-for-aries/,page,medium,1,yes,102,5,0,50,45,0,1,4,"5 real messages against a 50+ claim. There's no intro on Aries dates or traits and no FAQ. The tone is fun but the page is tiny, and it needs a punctuation cleanup.","• Intro: Aries birthdays fall Mar 21–Apr 19. It's the first sign of the zodiac, a fire sign ruled by Mars, with the Ram symbol. Traits: bold, competitive, impatient, fiercely loyal
• Add 12 Funny Aries wishes (competitiveness, impatience, 'first at everything', and a birthday-candle-as-fire joke)
• Add 12 Heartfelt/inspirational wishes about courage, leadership and new beginnings (the zodiac new year)
• Add 10 short texts/captions and 5 'Happy Aries season' posts
• Add sections for an Aries boyfriend/girlfriend, friend, and boss/coworker (5 each)
• Tips on what to write for an Aries (keep it bold and direct, praise their drive) plus sign-offs like 'Go get ’em, Ram' and 'Keep charging'
• FAQs: What are Aries birthday dates? What gifts does an Aries like? How do you wish an Aries a happy birthday?
• Internal links: /birthday-messages-for-leo/ and /birthday-messages-for-sagittarius/ (fire signs), /birthday-messages-for-pisces/ and /birthday-messages-for-taurus/ (neighboring signs), /birthday-messages/
• eCard CTA: 'Send a fiery Aries birthday eCard'"
https://blog.123greetings.com/birthday-messages-for-nephew/,page,medium,1,yes,103,5,0,60,55,0,1,4,"5 messages against a 60+ claim. The meta promises wishes 'from aunts and uncles' but has no From Aunt / From Uncle sections, and there's no age sectioning, intro or FAQ.","• Sections: From Aunt (10), From Uncle (10), Funny (10), Heartfelt/Proud (10), Short texts (8)
• Age sections: little nephew (8), teen nephew (8), adult nephew (6), plus 18th/21st milestone wishes (5)
• Add 5 religious/blessing wishes and 5 long-distance wishes
• Tips (fun-uncle/cool-aunt tone, a shared adventure) and sign-offs ('Your favorite aunt', 'Uncle-approved')
• FAQs: What do you write in a nephew's birthday card? Short birthday wishes for a nephew?
• Internal links: /birthday-messages-for-niece/, /birthday-messages-for-aunt/, /birthday-messages-for-uncle/, /birthday-messages-for-son/, /birthday-messages-for-grandson/
• eCard CTA: 'Send your nephew an animated birthday eCard'"
https://blog.123greetings.com/friendship-anniversary-messages/,page,medium,1,yes,104,5,0,,,0,1,1,"5 clean messages with no intro, sections or FAQ.","• Milestone sections: “1 Year of Friendship” (8), “5 Years” (6), “10 Years” (6), “20+ Years / Lifelong” (6).
• Add “Funny” (10), “For Best Friend” (8), “Long-Distance” (6), “Short Texts & Captions” (12) and “Friendiversary Instagram Captions” (10).
• Intro explaining what a friendship anniversary (friendiversary) is and ways to mark it. Sign-off ideas: “Here’s to year X”, “Your partner in crime”.
• FAQs: What is a friendiversary? How do you celebrate a friendship anniversary? What gift suits a 10-year friendship?
• Link /friendship-messages/, /friendship-messages-for-best-friends/, /friendship-messages-for-friends-forever/ and /friendship-day-messages/.
• eCard CTA: Friendship eCards after each section."
https://blog.123greetings.com/birthday-messages-for-father-in-law/,page,medium,1,yes,106,5,0,50,45,0,1,1,"5 messages against a 50+ claim. There are no From Son-in-Law / From Daughter-in-Law sections, no formal/respectful set despite the meta, and no intro or FAQ.","• Sections: Respectful/Formal (12), Warm/Heartfelt (10), Funny dad-joke style (10), From Daughter-in-Law (8), From Son-in-Law (8), Short texts (8)
• Add 6 milestone wishes (60th, 70th, 80th) and 5 religious/blessing wishes
• Tips on tone with in-laws (respect first, humor second) and sign-offs ('With love and respect', 'Your favorite son-in-law')
• FAQs: How do you wish your father-in-law a happy birthday? What do you write in a father-in-law card?
• Internal links: /birthday-messages-for-mother-in-law/, /birthday-message-for-dad/, /birthday-messages-for-stepfather/, /anniversary-messages-for-in-laws/, /birthday-messages-for-grandpa/
• eCard CTA: 'Send your father-in-law a classy birthday eCard'"
https://blog.123greetings.com/birthday-messages-for-virgo/,page,medium,1,yes,106,5,0,50,45,0,1,5,"5 real messages and 2 empty blocks. No date range or trait intro, against a 50+ claim. Virgo season (Aug 23 – Sep 22) has just ended, so expand it before next August.","• Intro with the Virgo date range (August 23 – September 22), earth sign, ruled by Mercury, and key traits: organized, analytical, kind, perfectionist
• Add 45+ messages: Funny Perfectionist (12), Heartfelt (8), For a Virgo Woman (6), For a Virgo Man (6), For a Virgo Best Friend (5), Short Texts (8)
• Tips for writing to a Virgo: be specific, be sincere, proofread (they'll notice)
• FAQs: 'What do Virgos like for their birthday?', 'Funny Virgo birthday captions'
• Link to /birthday-messages-for-leo/, /birthday-messages-for-libra/, /birthday-messages/ zodiac hub
• eCard CTA: zodiac/Virgo birthday eCards"
https://blog.123greetings.com/ice-cream-day-messages/,page,medium,1,yes,107,6,0,30,24,0,1,8,"There are 6 unpunctuated flirty messages (plus 2 empty blocks) against a 30+ promise, with no date, intro, or FAQ. They also don't match the meta's audience.","• Add an intro: National Ice Cream Day is the third Sunday of July (July 18, 2027). President Reagan declared it in 1984, and July is National Ice Cream Month.
• Add 30+ messages: 'For Friends' (8), 'For Kids' (5), 'Romantic / Flirty' (keep and fix the current 6), 'Ice Cream Puns' (8), 'Captions for Instagram' (6).
• Add a FAQ block: When is National Ice Cream Day? Who started it? What’s the most popular flavor?
• Link to /honey-month-messages/, /funny-friendship-messages/, and /just-because-day/.
• Add an eCard CTA for National Ice Cream Day eCards."
https://blog.123greetings.com/birthday-messages-for-grandpa/,page,medium,1,yes,107,5,0,80,75,0,1,3,"5 mostly humorous messages against an 80+ claim. The title and meta promise loving/heartfelt wishes but hardly any are present, and there are no sections, intro or FAQ.","• Sections: Heartfelt (15), Funny (12), From Granddaughter (8), From Grandson (8), Short texts (8), Religious/blessings (6)
• Add milestone wishes for Grandpa’s 70th, 75th, 80th, 90th (10)
• Add 5 long-distance wishes and 5 for great-grandpa
• Tips for writing to an older grandparent (a memory he told you, thanking him for a lesson) and sign-offs ('Your #1 fishing buddy', 'Love always')
• FAQs: What do you write in a grandpa's birthday card? Funny birthday wishes for grandpa?
• Internal links: /birthday-messages-for-grandma/, /birthday-message-for-dad/, /anniversary-messages-for-grandpa/, /birthday-messages-for-father-in-law/, /birthday-messages-for-grandson/
• eCard CTA: 'Send Grandpa a birthday eCard'"
https://blog.123greetings.com/birthday-messages-for-gemini/,page,medium,1,yes,107,5,0,50,45,0,1,2,"5 fun messages against a 50+ claim. There's no intro on Gemini dates or traits, no sections, and no FAQ.","• Intro: Gemini birthdays fall May 21–Jun 20. It's an air sign ruled by Mercury, with the Twins symbol. Traits: curious, chatty, witty, adaptable
• Add 12 Funny 'two personalities / can't decide / talks nonstop' wishes and 12 Heartfelt wishes about curiosity and energy
• Add 8 wishes for Gemini twins and 10 short texts/captions
• Add 5 each for a Gemini best friend and a Gemini partner
• Tips: be witty, keep it light, invite them to plan something spontaneous; sign-offs like 'To both of you — love, me'
• FAQs: What are Gemini dates? What do Geminis like for their birthday? How do you wish a Gemini happy birthday?
• Internal links: /birthday-messages-for-libra/ and /birthday-messages-for-aquarius/ (air signs), /birthday-messages-for-taurus/ and /birthday-messages-for-cancer/ (neighboring signs), /birthday-messages-for-best-friend/
• eCard CTA: 'Send a double-trouble Gemini birthday eCard'"
https://blog.123greetings.com/birthday-messages-for-mother-in-law/,page,medium,1,yes,108,6,0,65,59,0,1,3,"6 messages against a 65+ claim. There are no From Daughter-in-Law / Son-in-Law sections and no formal/respectful set despite the meta, and no intro or FAQ.","• Sections: Respectful/Warm (12), Funny (10), From Daughter-in-Law (10), From Son-in-Law (10), Short texts (8), Religious/blessings (5)
• Add milestone wishes for her 50th, 60th, 70th (8) and 5 'first birthday as your mother-in-law' wishes
• Tips on tone (gratitude for raising your spouse, respect, light humor) and sign-offs ('With love and gratitude', 'Your favorite daughter-in-law')
• FAQs: What do you write in a mother-in-law's birthday card? How do you wish your mother-in-law happy birthday respectfully?
• Internal links: /birthday-messages-for-mom/, /birthday-messages-for-father-in-law/, /anniversary-messages-for-mother-in-law/, /anniversary-messages-for-in-laws/, /birthday-messages-for-stepmother/
• eCard CTA: 'Send your mother-in-law a floral birthday eCard'"
https://blog.123greetings.com/anniversary-messages-for-aunt/,page,medium,1,yes,112,6,0,,,0,1,7,"Six unpunctuated messages with no intro or sections, and none mention 'aunt'.","• Add a short intro and 'what to write for your aunt and uncle' tips
• Expand to 40+ messages in sections: For Aunt & Uncle (10), Heartfelt (8), Funny (8), From Niece / From Nephew (6), Milestones — 25th Silver & 50th Golden (6), Religious Blessings (4), Short Texts (6)
• Add messages naming 'Aunt'/'Auntie' explicitly
• Add FAQs: 'What do you write in an anniversary card for your aunt and uncle?'
• Link to siblings: /anniversary-messages-for-grandma/, /anniversary-messages-for-brother/, and anniversary messages for uncle/parents
• eCard CTA: 'Send a free anniversary eCard to your aunt'"
https://blog.123greetings.com/company-anniversary-messages/,page,medium,1,yes,114,5,0,,,0,1,2,"5 generic messages, no sections, no FAQ. Nearly identical in intent to /business-anniversary-messages/, so the two pages compete for the same query.","• Differentiate this page as internal: messages from leadership to employees and from employees to the company, or merge it with the business anniversary page
• Add 35+ messages in sections: CEO to Team (8), Team to Company (6), Social Media/LinkedIn Posts (8), Milestone Years 1/5/10/25/50 (10), To Loyal Customers (5)
• Tips on writing a company anniversary announcement (founding story, customer thanks, what's next)
• FAQ: 'How do you wish a company on its anniversary?', 'Company anniversary LinkedIn post ideas'
• Link to /business-anniversary-messages/, /work-anniversary-messages/, /anniversary-messages-for-employee/, /anniversary-messages-for-customers/
• eCard CTA: corporate eCards"
https://blog.123greetings.com/anniversary-messages-for-stepmother/,page,medium,1,yes,114,7,0,,,0,1,3,"7 very short messages (114 words). Only two mention Dad, and none speak to the stepmother relationship itself ('bonus mom', choosing to love a blended family).","• An intro on the stepmom relationship and choosing warm, inclusive wording
• A 'Bonus Mom' heartfelt section with 8 messages
• A 'From Stepdaughter' section with 6 and a 'From Stepson' section with 6
• A 'For Stepmom & Dad (couple)' section with 6
• A 'Funny' section with 5 and a 'Short Texts' section with 8
• A 'Thank You for Loving Our Family' section with 5
• FAQs: How do you address a stepmom in a card? Should I sign 'Love'?
• Internal links: /birthday-messages-for-stepmother/, /birthday-messages-for-stepfather/, /stepfamily-day-messages/, /anniversary-messages-for-dad/, /anniversary-messages-for-parents/
• eCard CTA: 'Send your stepmom an anniversary eCard'"
https://blog.123greetings.com/anniversary-messages-for-granddaughter/,page,medium,1,yes,116,6,0,,,0,1,8,"Six unpunctuated messages with no sections, intro or grandparent voice. None mention 'granddaughter'.","• Expand to 40+: From Grandma (8), From Grandpa (8), To Granddaughter & Her Husband (8), First Anniversary (5), Blessings & Prayers (6), Funny Grandparent Wisdom (5)
• Messages that explicitly say 'granddaughter' / 'our sweet girl'
• Tips and grandparent sign-offs ('With all our love, Grandma & Grandpa')
• Link to /anniversary-messages-for-daughter/, /anniversary-messages-for-grandma/
• eCard CTA: anniversary eCards"
https://blog.123greetings.com/birthday-messages-for-cancer/,page,medium,1,yes,120,5,0,50,45,0,1,5,"5 messages against a 50+ claim. There's no intro on Cancer dates or traits, and the page name is ambiguous for searchers (zodiac vs. illness) with no clarifying intro.","• Intro that makes the zodiac context clear straight away: Cancer birthdays fall Jun 21–Jul 22. It's a water sign ruled by the Moon, with the Crab symbol. Traits: nurturing, sentimental, protective, homebody
• Add 12 Heartfelt wishes (home, family, memories, emotional intelligence) and 12 Funny ones (crying at ads, snack hoarding, moodiness)
• Add 10 short texts/captions and 5 'Happy Cancer season' posts
• Add recipient sub-sections of 5 each: Cancer mom, partner, best friend
• Tips for writing to a Cancer (be sentimental, reference a shared memory, handwritten over text) and sign-offs like 'With all my heart'
• FAQs: What are Cancer zodiac dates? What do Cancers like for their birthday? What should I write to a Cancer?
• Internal links: /birthday-messages-for-scorpio/ and /birthday-messages-for-pisces/ (water signs), /birthday-messages-for-gemini/ and /birthday-messages-for-leo/ (neighboring signs), /birthday-messages-for-mom/
• eCard CTA: 'Send a cozy Cancer birthday eCard'"
https://blog.123greetings.com/birthday-messages-for-aunt/,page,medium,1,yes,121,6,0,75,69,0,1,2,"6 real messages against a 75+ claim, almost all funny. The title promises 'Warm, Funny & Loving' but there's barely any warm or loving content, and no intro or FAQ.","• Short intro on the aunt role (second mom, cool adult, partner in crime) and how to match the tone
• Add 15 Heartfelt wishes (thanking her for being a second mom, a confidante, a role model)
• Add 10 each From Niece and From Nephew messages
• Add 10 Funny wishes (the 'cool aunt', spoiling you, keeping family secrets)
• Add 8 short text wishes and 5 wishes for a great-aunt or aunt-in-law
• Add 6 milestone wishes (aunt’s 40th, 50th, 60th) and 5 religious/blessing wishes
• Tips on writing to an aunt, plus sign-offs like 'Your favorite niece/nephew (obviously)' and 'Love you, Auntie'
• FAQs: What do you write in an aunt's birthday card? What’s a short birthday wish for an aunt?
• Internal links: /birthday-messages-for-uncle/, /birthday-messages-for-niece/, /birthday-messages-for-nephew/, /anniversary-messages-for-aunt/, /birthday-messages-for-mom/
• eCard CTA: 'Send your aunt a birthday eCard'"
https://blog.123greetings.com/belated-anniversary-messages-for-her/,page,medium,1,yes,122,6,0,40,34,0,1,3,"6 messages, some of which read as addressed to another couple. There is no clear wife/girlfriend focus, no apology-plan advice and no FAQ.","• An intro: how to own the mistake and make it up to her (apology, plan a do-over date)
• A 'Sincere Apology to Wife' section with 8 messages and a 'For Girlfriend' section with 6
• A 'Funny (but still sorry)' section with 8 and a 'Romantic Make-Up' section with 8
• A 'Short Texts to Send Right Now' section with 8
• A 'Make-it-up-to-her' idea list (6 gestures)
• FAQs: How do I apologize for forgetting our anniversary? Is a belated card better than none?
• Internal links: /belated-anniversary-messages-for-him/, /belated-anniversary-messages-for-sorry-i-forgot/, /anniversary-messages-for-wife/, /anniversary-messages-for-girlfriend/, /sorry-messages/, /kiss-and-make-up-day-messages/
• eCard CTA: 'Send a belated anniversary eCard now'"
https://blog.123greetings.com/anniversary-messages-for-grandma/,page,medium,1,yes,128,6,0,,,0,1,8,Six charming but unpunctuated messages with no sections. It misses the big 'grandparents’ anniversary' and milestone (50th/60th) angles.,"• Expand to 50+: For Grandma & Grandpa (12), 50th Golden & 60th Diamond Anniversary (10), From Granddaughter (6), From Grandson (6), Funny (6), Religious Blessings (6), In Memory of Grandpa — for widowed grandmothers (5)
• Intro plus tips (share a family memory, mention the years together)
• FAQs: 'What do you write in a 50th anniversary card for grandparents?'
• Link to /anniversary-messages-for-granddaughter/, /anniversary-messages-for-dad/, /anniversary-messages-for-aunt/
• eCard CTA: golden anniversary eCards"
https://blog.123greetings.com/birthday-messages-for-leo/,page,medium,1,yes,129,5,0,50,45,0,1,5,"5 messages (two repeating the same joke) against a 50+ claim. No intro on Leo dates or traits, no sections, no FAQ.","• Intro: Leo birthdays fall Jul 23–Aug 22. It's a fire sign ruled by the Sun, with the Lion symbol. Traits: confident, generous, dramatic, loyal
• Add 12 Funny 'main character / spotlight / royalty' wishes and 12 Heartfelt wishes about their warmth and loyalty
• Add 10 short texts/captions and 5 'Happy Leo season' posts
• Add 5 each for a Leo partner, a Leo best friend and a Leo child
• Tips: go big, compliment them generously, make it public; sign-offs like 'Long live the king/queen'
• FAQs: What are Leo dates? How do you make a Leo feel special on their birthday?
• Internal links: /birthday-messages-for-aries/ and /birthday-messages-for-sagittarius/ (fire signs), /birthday-messages-for-cancer/ and /birthday-messages-for-virgo/ (neighboring signs), /birthday-messages/
• eCard CTA: 'Send a royal Leo birthday eCard'"
https://blog.123greetings.com/birthday-messages-for-pisces/,page,medium,1,yes,129,5,0,50,45,0,1,1,"5 clean, sign-appropriate messages against a 50+ claim. No intro on dates or traits, no sections, no FAQ.","• Intro: Pisces birthdays fall Feb 19–Mar 20. It's a water sign ruled by Neptune (traditionally Jupiter), with the Two Fish symbol. Traits: empathetic, dreamy, artistic, intuitive
• Add 12 Heartfelt/dreamy wishes and 10 Funny ones (crying at songs, daydreaming, playlist for every mood)
• Add 10 short texts/captions and 5 'Happy Pisces season' posts
• Add 5 each for a Pisces partner, best friend and mom
• Tips: write something personal and poetic, maybe add a song or playlist; sign-offs like 'Keep dreaming, little fish'
• FAQs: What are Pisces dates? What do Pisces like for their birthday?
• Internal links: /birthday-messages-for-cancer/ and /birthday-messages-for-scorpio/ (water signs), /birthday-messages-for-aquarius/ and /birthday-messages-for-aries/ (neighboring signs), /birthday-messages/
• eCard CTA: 'Send a dreamy Pisces birthday eCard with music'"
https://blog.123greetings.com/always-live-better-than-yesterday-day-messages/,page,medium,1,yes,133,6,0,25,19,0,1,8,"Six unpunctuated one-liners, two empty blocks, a dead nav item and no explanation of the day. It is the thinnest kind of page.","• Add an intro explaining what the day is, when it falls and where it came from, plus how to use these wishes
• Add 25+ messages in real sections: Motivational (10), For Friends (5), For Coworkers/Team (5), Self-Reminders & Journal Prompts (5), Short Captions (5), genuinely Funny (5)
• Add 'How to write an encouraging message' tips (be specific, name one strength, end with a push forward)
• Add FAQs: 'What is Always Live Better Than Yesterday Day?', 'How can I celebrate it?'
• Link to related encouragement pages (good luck, motivational/encouragement messages, New Year resolutions)
• eCard CTA: 'Send an encouragement eCard'"
https://blog.123greetings.com/birthday-messages-for-aquarius/,page,medium,1,yes,133,5,0,50,45,0,1,1,"Only 5 real messages (plus 2 empty quote blocks) against a 50+ claim. No intro, no sign dates or traits, no FAQ. Messages #4–#6 are generic birthday lines that never mention Aquarius traits.","• Intro (60–100 words): Aquarius birthdays fall Jan 20–Feb 18. It's an air sign ruled by Uranus (traditionally Saturn), with the Water Bearer symbol. Cover traits (independent, original, humanitarian, a bit detached) and how to pitch the card
• Add 12 Funny Aquarius wishes (lovable-alien, rebel, 'ahead of their time', group-chat philosopher angles)
• Add 12 Heartfelt wishes that celebrate their originality, friendship and the causes they care about; rewrite #4–#6 so they reference Aquarius traits
• Add 10 short text / Instagram-caption wishes (under 12 words) with zodiac emojis
• Add recipient sub-sections of 5 each: Aquarius friend, partner, mom/dad, coworker
• Add 'How to write an Aquarius birthday card' tips (skip clichés, celebrate their quirks, mention an idea or cause they love) plus sign-offs like 'Stay delightfully weird' and 'To the future you’re inventing'
• FAQs: When is Aquarius season? What does an Aquarius like for their birthday? What should I write in an Aquarius birthday card?
• Internal links: /birthday-messages-for-gemini/ and /birthday-messages-for-libra/ (other air signs), /birthday-messages-for-capricorn/ and /birthday-messages-for-pisces/ (neighboring signs), /birthday-messages-for-best-friend/, /birthday-messages/
• eCard CTA after each section: 'Send a free Aquarius birthday eCard' linking to the 123Greetings birthday/zodiac eCards"
https://blog.123greetings.com/birthday-messages-for-grandson/,page,medium,1,yes,134,7,0,80,73,0,1,6,"7 messages against an 80+ claim. The meta promises wishes 'from grandma and grandpa' but there's no sender or age sectioning, no intro and no FAQ.","• Sections: From Grandma (10), From Grandpa (10), Little grandson 1–10 (10), Teen grandson (8), Adult grandson (8), Short texts (8)
• Add 5 first-birthday, 5 18th/21st, and 5 religious blessing wishes
• Add 5 long-distance grandparent wishes and 5 for a step-grandson
• Tips on matching the grandchild's age, plus sign-offs ('Love, Grandpa & Grandma', 'Your biggest fans')
• FAQs: What do grandparents write in a grandson's birthday card? What’s a blessing for a grandson's birthday?
• Internal links: /birthday-messages-for-granddaughter/, /birthday-messages-for-son/, /birthday-messages-for-nephew/, /anniversary-messages-for-grandson/, /birthday-messages-for-grandpa/
• eCard CTA: 'Send an animated superhero birthday eCard to your grandson'"
https://blog.123greetings.com/birthday-messages-for-capricorn/,page,medium,1,yes,140,5,0,50,45,0,1,0,"5 clean, on-brand messages, but far short of the 50+ claim. There's no intro, no sections, no FAQ, and nothing about the sign's late-December birthdays clashing with the holidays.","• Intro: Capricorn birthdays fall Dec 22–Jan 19. It's an earth sign ruled by Saturn, with the Sea-Goat symbol. Traits: disciplined, ambitious, dry humor, loyal
• Add 12 Funny wishes (workaholic, spreadsheet life, 'emotionally built like a CEO' style) and 12 Heartfelt/proud wishes
• Add 8 'Birthday near Christmas/New Year' wishes that make sure the birthday isn't lost in the holidays
• Add 10 short texts/captions and 5 wishes for a Capricorn boss or coworker
• Tips for writing to a Capricorn (acknowledge achievements, be sincere, skip gushy clichés) and sign-offs like 'Proud of you, always'
• FAQs: What are Capricorn dates? What should I write in a Capricorn birthday card? What gifts do Capricorns like?
• Internal links: /birthday-messages-for-taurus/ and /birthday-messages-for-virgo/ (earth signs), /birthday-messages-for-sagittarius/ and /birthday-messages-for-aquarius/ (neighboring signs), /birthday-messages-for-boss/
• eCard CTA: 'Send a Capricorn birthday eCard' plus a combined holiday + birthday eCard idea"
https://blog.123greetings.com/birthday-messages-for-sagittarius/,page,medium,1,yes,146,5,0,50,45,0,1,4,"5 messages against a 50+ claim, with a typo in the first one. Sagittarius season (Nov 22–Dec 21) is coming up, so expanding it before November would catch the seasonal demand.","• Intro: Sagittarius birthdays fall Nov 22–Dec 21. It's a fire sign ruled by Jupiter, with the Archer symbol. Traits: adventurous, optimistic, blunt, freedom-loving
• Add 12 Funny wishes (wanderlust, blunt honesty, commitment-phobia) and 12 Heartfelt/adventure wishes
• Add 8 'birthday near Thanksgiving/Christmas' wishes and 10 travel-themed short texts/captions
• Add 5 each for a Sagittarius best friend and partner
• Tips: pair the card with an experience or trip idea; sign-offs like 'Aim high, Archer'
• FAQs: What are Sagittarius dates? What gifts does a Sagittarius like?
• Internal links: /birthday-messages-for-aries/ and /birthday-messages-for-leo/ (fire signs), /birthday-messages-for-scorpio/ and /birthday-messages-for-capricorn/ (neighboring signs), /birthday-messages-for-best-friend/
• eCard CTA: 'Send an adventurous Sagittarius birthday eCard'"
https://blog.123greetings.com/anniversary-messages-for-mother-in-law/,page,medium,1,yes,151,6,0,,,0,1,7,"Only 6 messages, with punctuation missing across most of them. There is no intro, no split by writer and no FAQ.","• An intro on warm yet respectful wording for a mother-in-law
• A 'From Daughter-in-Law' section with 8 messages and a 'From Son-in-Law' section with 8
• A 'Funny' section with 6 (she still says her son is perfect)
• A 'Thank You for Welcoming Me' section with 6
• A 'Religious Blessings' section with 5 and a 'Short Texts' section with 8
• A 'Milestone (25th/50th)' section with 5
• Tips on how to address her (Mom, first name, Mrs. X) and sign-off ideas
• FAQs: Should I address the card to both in-laws? What do I call my mother-in-law in the card?
• Internal links: /anniversary-messages-for-in-laws/, /birthday-messages-for-mother-in-law/, /birthday-messages-for-father-in-law/, /anniversary-messages-for-parents/
• eCard CTA: 'Send your mother-in-law an anniversary eCard'"
https://blog.123greetings.com/anniversary-messages-for-niece/,page,medium,1,yes,154,7,0,,,0,1,6,"7 messages with widespread missing punctuation. There are no sections, no intro and no split between aunt/uncle voices.","• An intro on the aunt/uncle role and writing to a niece and her spouse
• A 'From Aunt' section with 6 messages and a 'From Uncle' section with 6
• A 'Funny' section with 6 (childhood tantrums, 'I knew you’d boss someone around one day')
• A 'Blessings' section with 5 and a 'Short Texts' section with 8
• A '1st Anniversary for Niece' section with 5
• Sign-offs such as 'Your proud auntie'
• FAQs: Should I include my niece’s spouse by name? What gift should an aunt give?
• Internal links: /birthday-messages-for-niece/, /anniversary-messages-for-aunt/, /anniversary-messages-for-uncle/, /messages-for-1st-anniversary/
• eCard CTA: 'Send your niece an anniversary eCard'"
https://blog.123greetings.com/birthday-messages-for-niece/,page,medium,1,yes,155,7,0,80,73,0,1,6,"7 messages against an 80+ claim. There are no From Aunt / From Uncle sections despite the meta, and there's a placeholder '(uncle)' in the copy. No age sections, intro or FAQ.","• Sections: From Aunt (12), From Uncle (12), Funny (10), Heartfelt/Proud (10), Short texts (8)
• Age sections: little niece (8), teen niece/Sweet 16 (8), adult niece (6), plus 18th/21st (5)
• Add 5 religious/blessing wishes and 5 long-distance wishes
• Tips and sign-offs ('Your favorite aunt', 'Love, your cool uncle')
• FAQs: What is a sweet birthday message for a niece? What should an aunt write to her niece?
• Internal links: /birthday-messages-for-nephew/, /birthday-messages-for-aunt/, /birthday-messages-for-uncle/, /birthday-messages-for-sweet-16/, /anniversary-messages-for-niece/
• eCard CTA: 'Send your niece a sparkly birthday eCard'"
https://blog.123greetings.com/anniversary-messages-for-in-laws/,page,medium,1,yes,163,7,0,75,68,0,1,4,"The page has 7 messages against a 75+ claim, with no intro and no split by writer (daughter-in-law vs son-in-law).","• An intro on striking a warm but respectful tone with in-laws
• A 'From Daughter-in-Law' section with 10 messages and a 'From Son-in-Law' section with 10
• A 'Funny (safe for in-laws)' section with 8
• A 'Formal & Respectful' section with 8
• A 'Milestone (25th Silver / 40th Ruby / 50th Golden)' section with 8
• A 'Short Texts' section with 10
• Sign-off ideas ('With love and gratitude', 'Your favorite son-in-law')
• FAQs: How do you address in-laws in a card? Should my spouse and I sign one card together?
• Internal links: /anniversary-messages-for-mother-in-law/, /anniversary-messages-for-parents/, /birthday-messages-for-father-in-law/, /birthday-messages-for-mother-in-law/, /messages-for-50th-anniversary/
• eCard CTA: 'Send your in-laws an anniversary eCard'"
https://blog.123greetings.com/belated-anniversary-messages-for-sorry-i-forgot/,page,medium,1,yes,171,7,0,40,33,0,1,4,7 messages with a placeholder 'abc' section. The page's framing (our anniversary) contradicts the content (a friends' anniversary).,"• Split into two clear sections: 'Sorry I Forgot OUR Anniversary' (to spouse/partner, 12 messages) and 'Sorry I Missed YOUR Anniversary' (to friends/family, 12 messages)
• A 'Funny Apologies' section with 8 and a 'Sincere Apologies' section with 8
• A 'Short Texts' section with 8
• An intro with apology tips (own it, don't over-explain, plan a make-up)
• FAQs: How late is too late for anniversary wishes? What should I text if I forgot?
• Internal links: /belated-anniversary-messages-for-her/, /belated-anniversary-messages-for-him/, /anniversary-messages-for-friends/, /sorry-messages/
• eCard CTA: 'Send a belated anniversary eCard'"
https://blog.123greetings.com/anniversary-messages-for-grandson/,page,medium,1,yes,189,5,0,,,0,1,5,"Only 5 messages, all from a grandparent's voice, with several grammar slips. There are no sections, intro, FAQ or links.","• A short intro on what grandparents write to a married grandson (blessings, pride, advice)
• A 'Blessings & Prayers' section with 8 messages
• A 'Words of Wisdom from Grandma/Grandpa' section with 8 marriage-advice messages
• A 'Funny' section with 6 messages (he still can’t fold laundry, grandma’s approval of the spouse)
• A '1st Anniversary for Grandson' section with 6 messages
• A 'For Grandson & His Wife/Partner' couple-addressed section with 6
• A 'Short Texts' section with 10
• Tips: include a family marriage tradition or advice. Sign-offs such as 'Love, Grandma & Grandpa'
• FAQs: What should grandparents write in a grandson’s anniversary card? Should a check or gift go in?
• Internal links: /anniversary-messages-for-granddaughter/, /anniversary-messages-for-son/, /messages-for-1st-anniversary/, /birthday-messages-for-grandson/
• eCard CTA: 'Send your grandson and his spouse an anniversary eCard'"
https://blog.123greetings.com/anniversary-messages-for-grandpa/,page,medium,1,yes,193,5,0,,,0,1,5,"The page has only 5 messages (193 words), no sections, no intro and no FAQ. Several messages have grammar errors. Every message is written to the couple, and none is written to Grandpa himself.","• An intro of 2–3 sentences on how to write an anniversary card to Grandpa, noting it usually celebrates a golden (50th) or diamond (60th) milestone
• A 'From Granddaughter' section with 8–10 messages and a 'From Grandson' section with 8–10
• A 'Funny Messages for Grandpa' section with 8 gentle jokes (his dad jokes, remote-control rule, how he 'won' Grandma)
• A 'Short Text & WhatsApp Wishes' section with 10 one-liners
• A 'Blessings / Religious Wishes' section with 6 messages
• A 'Milestone' section: 50th Golden, 60th Diamond and 70th anniversary wishes that name the number
• A sensitive 'Remembering Grandma on Your Anniversary' section with 5 messages for a widowed grandpa
• A 'What to write' tip box: use a family memory, mention a lesson he taught you, and sign off with 'Your proud grandchild' or 'Love always'
• 3 FAQs: What do you write in a grandpa anniversary card? Should the card go to Grandpa alone or to both grandparents? What do you write for a 50th?
• Internal links: /anniversary-messages-for-grandma/, /anniversary-messages-for-grandparents/, /messages-for-50th-anniversary/, /messages-for-60th-anniversary/, /birthday-messages-for-grandpa/, /grandparents-day-messages/
• eCard CTA after the messages: 'Send Grandpa an anniversary eCard' linking to 123Greetings anniversary cards for grandparents"
https://blog.123greetings.com/archive/,page,medium,1,yes,209,0,0,,,0,0,2,"The archive does not work as an archive: 9 Bob columns with one-line excerpts, no pagination, no categories and no message-page links.","• Pagination or a load-more control covering all 49 posts
• Category sections: Bob’s columns, family stories (e.g. the brother birthday story), Mother’s Day stories, 'what to write' guides
• A month-by-month index (May–August 2026)
• Distinct post titles and 2-sentence excerpts
• A search box and links to the /what-to-write-in-a-card/, /birthday-messages/ and /anniversary-messages/ hubs
• A newsletter/eCard CTA at the bottom"
https://blog.123greetings.com/working-parents-day/,page,medium,1,yes,301,5,0,,,5,1,2,"5 real messages, 2 empty blocks, a Funny heading over heartfelt messages, and a dead Nostalgic nav item. It is thin and looks broken.","• An intro with the date (September 16; next is September 16, 2027) and a line on why the day exists
• Fill the Funny section (10) and add Heartfelt (10), For a Working Mom (8), For a Working Dad (8), From the Kids (5), From a Spouse (5), From an Employer/HR to Staff (5), For Single Working Parents (5) and Short Texts (8)
• A Nostalgic section to match the nav (e.g. 'Thank you, Mom and Dad, for all those early mornings')
• Quotes section, as the title promises
• Link to /wife-appreciation-day-messages/, /work-anniversary-messages/ and Parents' Day via /what-to-write-in-a-card/
• eCard CTA: Working Parents Day eCards"
https://blog.123greetings.com/just-because-day/,page,medium,1,yes,307,4,0,,,5,0,8,"Only 4 messages (plus 2 empty blocks), one of them garbled. It has no date, no intro, and no sections; the FAQ is generic.","• Add an intro: National Just Because Day is August 27, a day for no-reason kindness and surprises.
• Add 30+ messages: 'For Partner' (8), 'For Friends' (8), 'For Family' (6), 'Funny' (6), 'Short Texts' (8).
• Add 'just because' gesture ideas to pair with a card (coffee drop-off, handwritten note, playlist).
• Add FAQ: When is Just Because Day?
• Link to /keep-in-touch-messages/, /happiness-happens-day-messages/, /funny-friendship-messages/, and /hug-your-sweetheart-day-messages/.
• Add an eCard CTA: 'No reason needed. Send a Just Because eCard.'"
https://blog.123greetings.com/parents-day-messages/,page,medium,1,yes,387,11,0,100,89,5,1,5,"Only 11 messages (vs a 100+ claim), a mislabeled 'Funny' section, a broken nav anchor, and a garbled FAQ. The FAQ date (4th Sunday of July) is correct.","• Add 60+ messages in sections: Heartfelt (15), Funny (12), From Daughter (8), From Son (8), For Parents Far Away (6), For Late Parents / In Memory (5), Religious (6)
• Add an intro: US Parents’ Day (4th Sunday of July, est. 1994) vs the UN Global Day of Parents (June 1)
• Add 'what to write for both parents' tips and sign-offs
• Link to /mothers-day-messages/, /fathers-day-messages/, /anniversary-messages-for-parents/, /grandparents-day-messages/ and /working-parents-day/
• Add an eCard CTA to a Parents’ Day event page instead of search results"
https://blog.123greetings.com/messages-for-60th-anniversary/,page,medium,2,yes,123,6,0,50,44,0,1,2,"There are 6 real messages (and 2 empty blocks) against a '50+' title, with no diamond theme, sections or FAQ. Senders are mostly children and grandchildren, who are not served.","• Add 40+ messages in sections: For Parents, For Grandparents, For Spouse, Diamond-Themed, Religious/Blessings, Toasts, From Great-Grandchildren.
• Add an intro: the 60th anniversary is diamond, with family celebration ideas.
• Add FAQs: 'What is the 60th anniversary gift?', 'Can you get a greeting from the President/King for a 60th anniversary?'
• Link internally to /messages-for-50th-anniversary/, /messages-for-75th-anniversary/, /anniversary-messages-for-grandparents/, /anniversary-messages-for-parents/.
• Add an eCard CTA for a family-signed anniversary eCard."
https://blog.123greetings.com/messages-for-75th-anniversary/,page,medium,2,yes,147,7,0,50,43,0,1,6,"There are 7 real messages (and 2 empty blocks) against a '50+' title, with heavy punctuation problems and a broken nav. It is a rare milestone with lower volume, but easy to make best-in-class.","• Add 30+ messages in sections: For Grandparents, For Great-Grandparents, From the Whole Family, Heartfelt, Religious/Blessings, Toasts.
• Add an intro on how rare a 75th anniversary is, and the diamond (sometimes gold) symbolism.
• Add tips: large-print cards, read aloud, include a family photo or memory.
• Add FAQs: 'What is the 75th anniversary gift?', 'How do you get a presidential or royal greeting for a 75th anniversary?'
• Link internally to /messages-for-60th-anniversary/, /messages-for-50th-anniversary/, /anniversary-messages-for-grandparents/, /anniversary-messages-for-grandma/, /anniversary-messages-for-grandpa/.
• Add an eCard CTA: 'Send one eCard signed by every generation'."
https://blog.123greetings.com/anniversary-messages-for-son/,page,medium,2,yes,203,11,0,50,39,0,1,3,"11 messages in a parent's voice against a 50+ claim. There is no Mom/Dad split, no daughter-in-law focus, no intro and no FAQ.","• An intro on what parents write to a married son
• A 'From Mom' section with 8 messages and a 'From Dad' section with 8
• A 'For Son & Daughter-in-Law' couple section with 8, including a son-in-law/partner variant
• A 'Funny' section with 6 and a 'Marriage Advice / Blessings' section with 8
• A '1st Anniversary' section with 6 and a 'Short Texts' section with 8
• Sign-offs: 'Proud of you both, Mom & Dad'
• FAQs: Should I address the card to my son or to the couple? What gift do parents give?
• Internal links: /anniversary-messages-for-daughter/, /anniversary-messages-for-grandson/, /birthday-messages-for-son/, /messages-for-1st-anniversary/
• eCard CTA: 'Send your son and his spouse an anniversary eCard'"
https://blog.123greetings.com/keep-in-touch-messages/,page,medium,2,yes,234,5,0,,,3,1,7,"There are 5 fun, relatable messages (plus 2 empty blocks) with loose punctuation and a 3-item FAQ. The page lacks the sections its meta promises: family, acquaintances, and professional contacts.","• Add 35+ messages in sections: 'Nostalgic' (6; this would make the existing nav item valid), 'For Old Friends' (6), 'For Family' (5), 'For Former Coworkers / Professional' (6), 'After Moving Away' (5), 'Short Check-In Texts' (8).
• Add a short intro about how easy it is to lose touch and why a two-line message is enough.
• Add tips: open with a specific memory, ask one easy question, and suggest a concrete catch-up.
• Add FAQs: How do you reconnect with a friend after years? How do you say let’s keep in touch professionally?
• Link to /just-because-day/, /funny-friendship-messages/, and /invitation-messages/.
• Add an eCard CTA for 'Thinking of You' / 'Miss You' eCards."
https://blog.123greetings.com/spring-messages/,page,medium,2,yes,249,15,0,50,35,0,1,3,"15 short, charming messages in one unsectioned list, well short of the 50+ promised. There is no intro, FAQ or first-day-of-spring content despite the meta. Off-season now; refresh before March 2027.","• Add an intro: first day of spring (vernal equinox, March 20, 2027), what spring symbolizes
• Add 35+ messages in sections: First Day of Spring, Funny Spring Puns, For Friends, For Family, Romantic Spring, Spring Break, Inspirational/New Beginnings, Short Captions for Instagram
• Add FAQs: When is the first day of spring? What do you write in a spring card?
• Link /easter-messages/, /earth-day-messages/, /summer-messages/, /fall-messages/, /inspiration-messages/
• Add an eCard CTA to spring eCards, scheduled for March 20"
https://blog.123greetings.com/candy-corn-day-messages/,page,medium,2,yes,274,5,0,,,5,1,3,"5 playful messages and a solid FAQ, including correct history (George Renninger, Wunderle Candy Co., 1880s). But the page is thin and never states the Oct 30 date, which is a month away.","• Add 30+ messages in sections: Funny/Love-it-or-hate-it Debate (8), For Kids (5), For Coworkers (5), Halloween-Party Invites (4), Instagram Captions (8)
• Intro with date (Oct 30), history, and fun facts (originally called 'chicken feed', around 35 million pounds made each year)
• FAQ: 'When is National Candy Corn Day?', 'Why is candy corn so divisive?'
• Link to /halloween-messages/, /pumpkin-day-messages/, /fall-messages/, /dessert-day-messages/
• eCard CTA: Candy Corn Day / Halloween eCards"
https://blog.123greetings.com/stepfamily-day-messages/,page,medium,2,yes,277,5,0,,,5,1,1,"5 thoughtful, honest messages and a correct date (Sept 16), but no recipient sections. The 2026 date has passed; stepparent content is evergreen.","• Add an intro about National Stepfamily Day (Sept 16) and blended-family realities
• Add 25+ messages in sections: For Stepmom, For Stepdad, For Stepkids, For Stepsiblings, From the Whole Blended Family, Funny Blended-Family Messages, For a New Stepfamily
• Add tips on sensitive wording (don't replace the biological parent; acknowledge effort)
• Add FAQs: What do you say to a stepparent? How do you celebrate a blended family?
• Link /birthday-messages-for-stepmother/, /birthday-messages-for-stepfather/, /mothers-day-wishes-for-stepmom-50-heartfelt-card-messages/, /anniversary-messages-for-stepmother/, /parents-day-messages/, /family-messages/
• Add an eCard CTA to Stepfamily Day and family eCards"
https://blog.123greetings.com/birthday-messages-for-across-the-miles/,page,medium,2,yes,284,12,0,50,38,0,1,1,"12 good, clean messages with consistent tone, but in a single section against a 50+ claim. There is no split by recipient or situation, and no intro or FAQ.","• An intro with long-distance celebration ideas (video-call cake, surprise delivery, scheduled eCard)
• Sections of 6–8 each: For Best Friend, For Partner (long-distance relationship), For Mom/Dad, For Sibling, For Military/Deployed, Different Time Zones
• A 'Funny Long-Distance' section with 8 and a 'Short Texts' section with 10
• A 'Virtual Party ideas' list
• FAQs: How can I celebrate a birthday from far away? When should I send so it arrives on time across time zones?
• Internal links: /keep-in-touch-messages/, /birthday-messages-for-best-friend/, /birthday-messages-for-boyfriend/, /birthday-messages-for-girlfriend/, /birthday-messages-for-mom/, /belated-birthday-messages-for-sorry-i-missed/
• eCard CTA: 'Schedule a birthday eCard to arrive at midnight their time'"
https://blog.123greetings.com/national-relaxation-day-messages/,page,medium,2,yes,291,5,0,,,5,1,1,"Five good messages and an accurate date (Aug 15). It's thin, and one FAQ cross-links an unrelated occasion.","• Add 30 messages in sections: For a Busy Friend (8), For Coworkers/Employees (6), For Moms/Parents (5), Funny (6), Short Texts (5)
• Add an intro: Aug 15, stress-relief ideas
• Add 5 self-care tips and sign-offs ('Stay horizontal')
• Link to /positive-thinking-day-messages/, /national-day-of-encouragement-messages/ and /working-parents-day/
• Add an eCard CTA to the Relaxation Day cards"
https://blog.123greetings.com/birthday-thankyou-messages/,page,medium,2,yes,293,5,0,,,5,1,6,"The FAQ is helpful, but there are only 5 short messages and no sections by recipient or channel. Social-media replies to birthday wishes are a big use case and aren't covered.","• Add 40+ messages in sections: For Family (6), For Friends (6), For Coworkers (5), For Gifts Received (6), For a Surprise Party (5), Social Media Group Thank-You Posts (8), Funny (6), Belated Thank-You (4)
• Add 'reply to a Facebook/Instagram birthday wish' one-liners
• A 'what to include' tip (name the gift or wish, say how you'll use or remember it)
• FAQ: 'How do you thank everyone for birthday wishes on Facebook?'
• Link to /birthday-messages/, /thankyou-messages/, /congratulations-thankyou-messages/, /dailies-thankyou-messages/
• eCard CTA: thank-you eCards"
https://blog.123greetings.com/thank-you-day-messages/,page,medium,2,yes,298,5,0,,,5,0,4,5 sincere but generic messages and an FAQ that never says what or when Thank You Day is. It duplicates /national-thank-you-day-messages/. Next occurrence is Jan 11 (International Thank-You Day).,"• Add an intro: International Thank-You Day, January 11, and why it's a good day to send overdue thank-yous
• Add 25+ messages in sections: For Friends, For Family, For Coworkers, For Teachers & Mentors, For Healthcare/Service Workers, For Your Partner, Funny, Short Texts
• Add FAQ 'When is Thank You Day?' and a 'late thank-you' tip
• Consolidate with /national-thank-you-day-messages/; link /thank-you-messages/, /thankyou-messages/, /colleagues-thankyou-messages/, /dailies-thankyou-messages/
• Add an eCard CTA to Thank You eCards scheduled for Jan 11"
https://blog.123greetings.com/pumpkinfest-tennessee-messages/,page,medium,2,yes,301,5,0,,,5,1,4,"Five generic fall messages and a mostly accurate FAQ (the Oct 24–25, 2026 two-day format is confirmed). The event is upcoming, but it's a local niche.","• Add 20 messages in sections: Inviting Friends to Go (6), Family/Kids (5), Pet Costume Contest (4), Short Captions (5)
• Add an intro: downtown Franklin, Heritage Foundation, 41st year, first two-day festival
• Add FAQs: parking/free admission, pet policy
• Link to /pumpkin-day-messages/, /fall-messages/ and /halloween-messages/
• Add an eCard CTA to the Pumpkinfest cards"
https://blog.123greetings.com/september-flower-month-messages/,page,medium,2,yes,305,5,0,,,5,1,3,5 generic September wishes (only 2 mention the flowers); the symbolism appears only in one FAQ line. The title promises more than the page delivers.,"• Add a symbolism section: aster (love, wisdom, faith, patience; colors: purple, pink, white) and morning glory (affection, renewal, and its 'unrequited love' meaning, so choose wording carefully)
• Add 20+ messages in sections: September Birthday Wishes, Romantic Birth-Flower Messages, For Mom/Grandma Born in September, Short Captions for a Flower Bouquet Card
• Add a 'pair the flower with the birthstone (sapphire)' tip and card-writing ideas
• Add FAQs: What does the aster symbolize? What color aster should I give?
• Link /birthday-messages-for-virgo/, /birthday-messages-for-libra/, /birthday-messages/, /fall-messages/, /international-sunflower-day-messages/, /red-rose-day-messages/
• Add an eCard CTA to September Birth Flower cards"
https://blog.123greetings.com/teddy-bear-day-messages/,page,medium,2,yes,306,6,0,,,5,1,8,"6 short romantic messages, all with punctuation problems; the FAQ is useful but contains a date/name error. The FAQ says the day suits kids and friends, but every message is romantic. Next dates: Feb 10 (Valentine's Week) and Sept 9, 2027.","• Add an intro covering both dates: Feb 10 Teddy Day (Valentine's Week) and Sept 9 National Teddy Bear Day, plus the 1902 Theodore Roosevelt origin story
• Add 25+ messages in sections: For Girlfriend, For Boyfriend, For Husband/Wife, For Kids, For Best Friend, For Siblings, Long-Distance ('sending a teddy hug'), Funny, Short Captions to Attach to a Teddy Gift
• Add a 'what to write on the teddy bear gift tag' mini-list
• Add FAQs: When is Teddy Day in Valentine's Week? Why is it called a teddy bear?
• Link /hug-week-messages/, /chocolate-day-messages/, /red-rose-day-messages/, /hug-your-sweetheart-day-messages/, /cute-messages/, /love-messages/
• Add an eCard CTA to Teddy Bear Day eCards"
https://blog.123greetings.com/girlfriends-day-messages/,page,medium,2,yes,312,5,0,,,5,0,2,"There are only 5 real messages (plus 2 empty blocks). The page has no date or intro, and its section heading and nav are template leftovers. The FAQ is decent.","• Add an intro: National Girlfriends Day is August 1, and it celebrates both romantic partners and female friendships ('gal pals').
• Add 30+ messages in sections: 'Romantic' (10), 'Funny' (8), 'Short Texts & Instagram Captions' (8), 'Long-Distance' (5), 'New Relationship' (4), 'For Your Girl Friends / BFF' (8).
• Add tips: mention one specific thing she does, avoid clichés, and pair the message with a plan.
• Add sign-offs: 'Yours, always', 'Your biggest fan', 'Forever your person'.
• Add FAQs: When is National Girlfriends Day? Is Girlfriends Day for friends or partners? Do you give gifts on Girlfriends Day?
• Link to /hug-your-sweetheart-day-messages/, /international-kissing-day-messages/, /just-because-day/, and /funny-friendship-messages/.
• Add an eCard CTA for 123Greetings Girlfriends Day eCards, including a note that eCards can be scheduled ahead for August 1."
https://blog.123greetings.com/first-love-day-messages/,page,medium,2,yes,317,5,0,,,5,1,2,"5 reflective messages and a 5-question FAQ that never says when First Love Day is. There are no sections for the different situations (still together, married to a first love, an ex).","• Add the date to the intro and FAQ: National First Love Day is September 18 (next: Saturday, Sept 18, 2027).
• Sections: “For a First Love Who’s Still Your Partner” (10), “For Your Spouse Who Was Your First Love” (8), “Nostalgic / For an Ex, Respectfully” (8), “Short Texts” (10), “First Love Quotes” (10) and “Funny” (6).
• Etiquette tips for reaching out to a past first love. Sign-off ideas: “Always my first”, “Still smiling about us”.
• FAQs: When is First Love Day? Is it OK to message your first love if you’re in a new relationship?
• Link /dating-anniversary-messages/, /engagement-messages/ and /five-minutes-with-bob-11th-july/ (nostalgia and reconnecting).
• Turn the FAQ’s card references (First Love Day Cards, Love & Romance Card) into visible linked eCard CTAs."
https://blog.123greetings.com/congratulations-thankyou-messages/,page,medium,2,yes,317,5,0,,,5,1,4,5 short messages and a decent FAQ. No sections by occasion or relationship.,"• Add 35+ messages in sections: After a Promotion (6), After Graduation (6), After a Wedding/Engagement (6), After a New Baby (5), Professional/LinkedIn Replies (8), Group Social Post (4)
• Tips: reply within a week and name what they said
• FAQ: 'How to reply to congratulations on LinkedIn', 'How to thank everyone for congratulations on Facebook'
• Link to /congratulations-messages/, /birthday-thankyou-messages/, /colleagues-thankyou-messages/, /thankyou-messages/
• eCard CTA: thank-you eCards"
https://blog.123greetings.com/anniversary-messages-for-sister/,page,medium,2,,319,17,0,60,43,0,1,5,"17 messages with good voice and a mix of funny and heartfelt. However, they sit under one section and one is a near-duplicate of the Mom page. There is no intro, no milestone content and no FAQ.","• An intro on writing to your sister and her spouse
• Split into 'Funny' (15), 'Heartfelt' (12), 'From Brother' (6), 'From Big/Little Sister' (6) and 'Short Texts' (10)
• A '1st Anniversary for Sister' section with 6 and a 'Milestone (10th/25th)' section with 5
• A 'Long-Distance Sister' section with 5
• Sign-offs: 'Your favorite sibling (obviously)', 'Love, your built-in best friend'
• FAQs: Should I include the brother-in-law's name? What gift should I send?
• Internal links: /anniversary-messages-for-siblings/, /anniversary-messages-for-brother/, /birthday-messages-for-sister/, /messages-for-1st-anniversary/
• eCard CTA: 'Send your sister a funny anniversary eCard'"
https://blog.123greetings.com/friendship-messages-for-friends-forever/,page,medium,2,yes,319,6,0,,,5,1,7,"6 messages (two with grammar errors) and a sensible FAQ. The page is thin, with no sections for the reconnecting or long-distance angles its FAQ raises.","• Sections: “Long-Distance Friends” (8), “Childhood Friends” (8), “Reconnecting After Years” (8), “Lifelong Friends — 10, 20, 50 Years” (8), “Friendship Promises” (6) and “Short Texts” (12).
• Intro on what makes a forever friend, with sign-off ideas: “Friends for life”, “Always in your corner”.
• FAQs: What’s a good caption for a lifelong friend? What should you write to a friend you’ve known since childhood?
• Link /friendship-messages/, /friendship-anniversary-messages/, /friendship-messages-for-best-friends/ and /five-minutes-with-bob-28th-july/.
• eCard CTA: Friends Forever eCards."
https://blog.123greetings.com/invitation-thankyou-messages/,page,medium,2,yes,319,5,0,,,5,1,4,"There are 5 well-written RSVP-style replies, but the FAQ is about a different message type (post-event thanks), and there are no sections for accepting, declining, or formal replies.","• Add sections: 'Accepting an Invitation' (8), 'Declining Politely' (8), 'Formal / Business Replies' (5), 'Wedding Invitation Replies' (5), 'Funny Replies' (5), 'Thank You for Hosting (after the event)' (8).
• Add tips on how to decline without over-explaining and how soon to reply.
• Add FAQs: How do you say thank you for the invitation professionally? How do you decline an invitation politely?
• Link to /invitation-messages/ and /keep-in-touch-messages/.
• Add an eCard CTA for Thank You eCards."
https://blog.123greetings.com/romance-day-messages/,page,medium,2,yes,321,5,0,,,5,1,2,5 pleasant messages with a template 'Funny' heading and a Nostalgic nav but no matching content. There is no date or intro.,"• Add an intro with the date and origin, and how it differs from Valentine's Day and Romance Awareness Month
• Add 20+ messages: Funny Romance Day texts, For Husband, For Wife, For Boyfriend/Girlfriend, Long-Distance, Short Captions for Instagram
• Add low-cost romantic date ideas, each paired with a card message
• Add FAQs: When is Romance Day? Is Romance Day the same as Valentine's Day?
• Link /romance-awareness-month-messages/, /true-love-forever-day-messages/, /love-messages/, /first-love-day-messages/, /sneak-a-kiss-day-messages/
• Add an eCard CTA for romantic animated eCards"
https://blog.123greetings.com/anniversary-messages-for-fiance/,page,medium,2,yes,328,14,0,50,36,0,1,6,"Fourteen messages, two of them addressed to the wrong recipient. There is a single unlabeled section and no distinction between an engagement anniversary and a dating anniversary.","• Expand to 50+: Engagement Anniversary (10), Dating Anniversary (8), Romantic (10), Funny Wedding-Planning Jokes (8), Long-Distance (6), Short Texts (8)
• Tips on what to write before the wedding, plus sign-offs ('Your future wife', 'Almost-Mrs.')
• FAQs: 'Do engaged couples celebrate their engagement anniversary?'
• Link to /anniversary-messages-for-fiancee/, /anniversary-messages-for-boyfriend/, and engagement congratulations messages
• eCard CTA: romantic anniversary eCards"
https://blog.123greetings.com/womens-friendship-day-messages/,page,medium,2,yes,328,5,0,,,5,1,1,"5 fun, well-written messages and a basic FAQ, but no date, sections or intro.","• An intro with the date and background of the observance
• Add 35+ messages in sections: For My Best Friend (8), Long-Distance Friends (5), Group of Girlfriends (5), Work Bestie (5), Sister-Friend (5), Funny (8), Short Texts (8)
• 8 attributed friendship quotes
• Ideas: brunch, a group voice note, a memory photo collage
• Link to /you-go-girl-day-messages/ and /wife-appreciation-day-messages/, plus Friendship Day via /what-to-write-in-a-card/
• eCard CTA: Women's Friendship Day eCards, plus a group-send tip"
https://blog.123greetings.com/national-dog-day-messages/,page,medium,2,yes,329,5,0,,,5,1,2,"Five good messages and an accurate FAQ (Aug 26). It's thin. The date just passed, but the query recurs every year.","• Add 30+ messages in sections: Funny Dog (10), For a Dog Mom/Dad (8), From the Dog (6), Rescue/Adoption (5), Short Captions (8)
• Add a separate, gently worded 'Remembering a Beloved Dog' section (5)
• Add an intro: Aug 26, founded 2004 by Colleen Paige, adoption focus
• Add FAQs: National Dog Day vs National Puppy Day (Mar 23)
• Link to /national-cat-day-messages/ and /international-cat-day-messages/
• Add an eCard CTA to the National Dog Day cards"
https://blog.123greetings.com/colleagues-thankyou-messages/,page,medium,2,yes,329,5,0,,,5,1,7,"5 messages and a solid FAQ, with no recipient or occasion sections. Thin for a common workplace query.","• Add 35+ messages in sections: For Covering for Me (5), After a Big Project (6), For a Mentor/Senior Colleague (5), Farewell/Leaving Colleague (6), Team-Wide Thank-You (5), Funny (6), Slack/Email one-liners (8)
• Tips: be specific about the help, and copy their manager when appropriate
• FAQ: 'How do you thank a colleague professionally in an email?'
• Link to /at-work-messages/, /work-anniversary-messages/, /bosss-day-messages/, /birthday-messages-for-co-worker/, /anniversary-messages-for-co-worker/
• eCard CTA: thank-you eCards for coworkers"
https://blog.123greetings.com/dailies-thankyou-messages/,page,medium,2,yes,331,5,0,,,5,1,6,"5 short messages and a reasonable FAQ. The jargon name ('Dailies') hurts discoverability, and there are no sections.","• Rename to 'Everyday Thank-You Messages' / 'Just Because Thank You Messages'
• Add 40+ messages in sections: For a Partner (6), For a Friend (6), For Parents (5), For a Neighbor (4), For Service Workers/Mail Carrier/Barista (5), For a Small Favor (6), Funny (6), Short Texts (8)
• Tips on noticing everyday kindness (name the specific thing)
• Link to /thankyou-messages/, /thank-you-messages/, /national-thank-you-day-messages/, /everyday-messages/, /colleagues-thankyou-messages/
• eCard CTA: thank-you / just-because eCards"
https://blog.123greetings.com/angel-week-messages/,page,medium,2,yes,332,5,0,,,5,1,3,Five generic messages and an FAQ that names a different occasion. It never explains what Angel Week is or when it takes place.,"• Add an intro explaining Angel Week (dates, origin, who it celebrates)
• Expand to 30+ messages in sections: For Mom, For a Friend, For Your Partner, For Caregivers & Nurses, For Teachers, Guardian Angel / In Memory, Short Texts
• Add 'what to write' tips (name the specific kindness they showed)
• Add FAQs: 'When is Angel Week?', 'Is Angel Week the same as Guardian Angel Day (Oct 2)?'
• Link to /guardian-angel-day-messages/ and thank-you message pages
• eCard CTA: 'Send an angel eCard'"
https://blog.123greetings.com/friendship-messages-here-for-you/,page,medium,2,yes,333,5,0,,,5,1,4,"5 supportive messages (one with leaked layout notes) and a generic FAQ. There are no situation-specific sections, which is what people searching for supportive messages need.","• Situation sections: “After a Breakup” (8), “Grief / Loss” (8), “Illness or Surgery” (6), “Job Loss” (6), “Exam or Work Stress” (6), “Mental-Health Check-In” (8), “Long-Distance Support” (6) and “Short Texts” (12).
• Tips on what to say and what not to say (avoid “everything happens for a reason”, offer specific help). Sign-off ideas: “Always here”, “Just a call away”.
• FAQs: What do you text a friend who is going through a hard time? How do you support a friend who doesn’t want to talk?
• Link /everyday-messages/ (Thinking of You, Get Well Soon), /friendship-messages-for-friends-forever/ and /five-minutes-with-bob-29th-july/.
• eCard CTA: Here for You and Thinking of You eCards (already named in the FAQ; make them visible links)."
https://blog.123greetings.com/longest-kiss-day-messages/,page,medium,2,yes,334,7,0,,,5,1,9,"There are 7 short flirty messages, several with its/it’s errors and missing punctuation, plus an FAQ that never gives the date or the record. It is a niche query, but easy to own with modest expansion.","• Add 20+ messages in sections: Romantic, Funny/Flirty, For Husband, For Wife, For Boyfriend/Girlfriend, Long-Distance ('saving this kiss for when I see you'), Short Captions.
• Add an intro stating the observance date and the record-kiss trivia (58h 35m 58s, Thailand, Valentine’s 2013).
• Add tips on making it personal: reference your first kiss, a place, an inside joke.
• Add sign-offs such as 'Yours, lips and all,' 'Counting the seconds,' 'XOXO (x infinity)'.
• Add FAQs: 'When is Longest Kiss Day?', 'What is the world record for the longest kiss?', 'How is it different from International Kissing Day (July 6)?'
• Link internally to /international-kissing-day-messages/, /sneak-a-kiss-day-messages/, /kiss-and-make-up-day-messages/, /hug-your-sweetheart-day-messages/, /love-messages/.
• Add an eCard CTA for Love & Romance / Kisses eCards: 'Send a kiss that lasts: pick an animated eCard'."
https://blog.123greetings.com/fall-messages/,page,medium,2,yes,335,10,0,,,5,1,9,"10 short, casual messages with punctuation slips and a 5-question FAQ. The FAQ promises romantic fall messages that don’t exist, and the page has no sections or recipient angles in peak season.","• Intro: fall begins with the autumnal equinox (Sept 22, 2026 in the US). Mention first-day-of-fall wishes.
• Add “Romantic” (10, which FAQ Q4 promises), “For Friends” (10), “For Family” (8), “For Coworkers” (6), “Funny / Pumpkin Spice” (10), “Inspirational” (8), “First Day of Fall” (6) and 15 Instagram captions.
• Tips: mention a shared fall memory or local tradition. Sign-off ideas: “Stay cozy”, “Warmly”, “Happy fall, y’all”.
• FAQs: When is the first day of fall 2026? What are good fall Instagram captions? Fall vs. autumn: which should you write?
• Link /daylight-saving-time-ends-messages/, /day-of-the-dead-messages/ and /dessert-day-messages/.
• eCard CTA: fall and autumn eCards after the intro and after the romantic section."
https://blog.123greetings.com/chocolate-day-messages/,page,medium,2,yes,335,10,0,,,5,1,9,"10 messages (mostly romantic) and a light FAQ. The page never says which Chocolate Day it covers (Feb 9 in Valentine's Week, World Chocolate Day on July 7, or National Chocolate Day on Oct 28).","• Intro stating the date and context (Feb 9, third day of Valentine's Week), plus a note on National Chocolate Day (Oct 28) and World Chocolate Day (July 7)
• Add sections: Romantic (keep and expand to 12), Funny (8), For Friends (6), For Family/Kids (5), Short Texts & Captions (10), For a Crush (5)
• Pairing tips: message plus favorite chocolate, handwritten tag ideas
• FAQ: 'When is Chocolate Day?', 'What comes after Chocolate Day in Valentine's Week?'
• Link to /teddy-bear-day-messages/, /red-rose-day-messages/, /chocolate-milk-day-messages/, /love-messages/, /dessert-day-messages/
• eCard CTA: Chocolate Day / Valentine's Week eCards"
https://blog.123greetings.com/daylight-saving-time-ends-messages/,page,medium,2,yes,336,5,0,,,4,1,2,"Five pleasant, clean messages and a useful FAQ. The page gives no date (Nov 1, 2026 in the US/Canada; Oct 25, 2026 in the UK/EU), has no funny section even though the FAQ recommends humor, and has no recipient angles.","• Intro with dates: Sunday, Nov 1, 2026 at 2 a.m. (US/Canada) and Sunday, Oct 25, 2026 (UK/EU). Note that Hawaii and most of Arizona don’t change their clocks.
• Add “Funny” (10 fall-back and extra-hour jokes), “For Parents of Little Kids” (5: the kids didn’t get the memo), “For Night-Shift Workers” (5), “For Coworkers” (5), “Cozy Good Night” (5) and 10 short texts or captions.
• Add practical-reminder messages: reset the car clock, check smoke-detector batteries.
• FAQs: When does DST end in 2026? Do we gain or lose an hour? Why do we “fall back”? Which places don’t observe DST?
• Link /fall-messages/, /everyday-messages/ (Good Morning / Good Night) and /day-of-the-dead-messages/.
• eCard CTA: the FAQ already mentions the Daylight Saving Time Ends collection; make it a visible linked button."
https://blog.123greetings.com/guy-fawkes-day-messages/,page,medium,2,yes,336,5,0,,,4,1,2,"There are 5 pleasant, near-interchangeable messages and 4 FAQs. The page has no history, no humor section, and nothing tied to the UK audience, though the day (Nov 5) is upcoming.","• Add an intro with the 1605 Gunpowder Plot story and the rhyme 'Remember, remember the fifth of November'.
• Add 25+ messages in sections: 'Funny / Pun Wishes' (8), 'Bonfire Party Invitations' (5), 'For Kids' (4), 'Stay-Safe Wishes' (4), 'Instagram Captions' (6).
• Add a short fireworks and bonfire safety tip list, which fits the 'stay warm, keep your distance' tone.
• Add FAQs: Is Guy Fawkes Night a bank holiday? What food is eaten on Bonfire Night (parkin, toffee apples, jacket potatoes)?
• Link to /halloween-messages/ and /invitation-messages/ (bonfire party invites).
• Add an eCard CTA for Guy Fawkes Day eCards on 123Greetings."
https://blog.123greetings.com/positive-thinking-day-messages/,page,medium,2,yes,343,5,0,,,5,1,1,"Five thoughtful, non-toxic-positivity messages with an accurate date (Sept 13) and a decent FAQ. It's just thin.","• Add 30 messages in sections: For Friends (8), For Coworkers/Teams (6), For Someone Struggling (6), Short Affirmations (10)
• Add an intro: Sept 13, the benefits of optimism, how to celebrate
• Add 'positive vs toxic positivity' writing tips
• Link to /national-day-of-encouragement-messages/, /more-inspiration-messages/ and /inspiration-messages-motivation/
• Add an eCard CTA to the Positive Thinking Day cards"
https://blog.123greetings.com/birthday-messages-for-granddaughter/,page,medium,2,yes,345,18,0,80,62,0,1,5,"18 messages (one of the better pages) against an 80+ claim. Messages #6–#15 read like generic grandparent notes with no birthday line, and nothing is sectioned by sender (grandma/grandpa) or age.","• Sections: From Grandma (12), From Grandpa (12), Little granddaughter 1–10 (10), Teen granddaughter (8), Adult granddaughter (8), Short texts (8)
• Add a 'Happy birthday' closer to generic notes #6–#15, or group them as 'Sweet notes to add to her card'
• Add 5 first-birthday wishes, 5 Sweet 16/18th wishes and 5 religious blessings
• Add 5 long-distance grandparent wishes
• Tips on writing to a grandchild (keep it simple for little ones, add a family memory for older ones) and sign-offs ('Love, Grandma & Grandpa', 'Hugs from Nana')
• FAQs: What do grandparents write in a granddaughter's birthday card? What’s a short blessing for a granddaughter?
• Internal links: /birthday-messages-for-grandson/, /birthday-messages-for-daughter/, /birthday-messages-for-sweet-16/, /anniversary-messages-for-granddaughter/, /birthday-messages-for-niece/
• eCard CTA: 'Send an animated birthday eCard from Grandma'"
https://blog.123greetings.com/dessert-day-messages/,page,medium,2,yes,347,5,0,,,5,1,6,"5 flirty one-liners with missing punctuation and a solid FAQ. The FAQ says the day suits friends, family and coworkers, but only romantic messages exist. National Dessert Day (Oct 14) is two weeks out.","• Add “For Friends” (10), “For Family & Kids” (8), “For Coworkers” (8) and “Funny Dessert Puns” (12, e.g. “You’re one smart cookie”). Rename the current block “For Your Sweetheart” and grow it to 12.
• Dessert-specific mini-sections for cake, cookies, ice cream, pie and chocolate (5 each), plus 15 Instagram captions.
• Intro: National Dessert Day is October 14 (a Wednesday in 2026). Mention related days such as National Chocolate Day (Oct 28).
• Tips: pair the message with a baked treat or a dessert delivery. Sign-off ideas: “Sweetly yours”, “With sprinkles on top”.
• FAQs: What should I write on a bakery box or dessert gift tag? What’s a funny Dessert Day text?
• Link /fall-messages/, /friendship-messages-for-best-friends/ and /dating-anniversary-messages/.
• eCard CTA: “Send a sweet Dessert Day eCard”."
https://blog.123greetings.com/be-an-angel-day-messages/,page,medium,2,yes,348,5,0,,,5,0,3,"5 messages plus a useful 5-question FAQ. The section labels are wrong ('Funny', 'Nostalgic'), there is no date or origin intro, and there is no variety by recipient. The next occurrence is Aug 22, 2027.","• An intro: August 22, founded 1993 by Rev. Jayne Howard Feldman, with ideas for acts of kindness
• A real 'Funny' section with 6 messages ('You deserve a halo, or at least a nap')
• A 'Thank You to My Real-Life Angel' section with 8
• A 'For Nurses, Caregivers & Teachers' section with 8 and a 'For Friends & Neighbors' section with 6
• A 'Faith / Guardian Angel Blessings' section with 6
• A 'Short Texts & Social Captions' section with 10
• A '10 ways to be an angel today' kindness-idea list
• Internal links: /guardian-angel-day-messages/, /angel-week-messages/, /thank-you-messages/, /national-thank-you-day-messages/, /send-a-smile-day-messages/, /caring-friendship-messages/
• Keep the eCard CTA and add one after the messages: 'Send a Be an Angel Day eCard'"
https://blog.123greetings.com/hug-your-sweetheart-day-messages/,page,medium,2,yes,349,5,0,,,5,1,2,There are 5 romantic messages (plus 2 empty blocks) and 5 generic FAQs. The page never gives the date or the backstory.,"• Add an intro: Hug Your Sweetheart Day is August 23. Contrast it with National Hugging Day (Jan 21).
• Add 25+ messages: 'Romantic' (8), 'Funny' (6), 'Long-Distance' (5), 'For Spouse' (4), 'Short Texts & Captions' (6).
• Add ideas for celebrating: a hug at the door, a slow dance, a surprise note.
• Add FAQ: When is Hug Your Sweetheart Day?
• Link to /hug-week-messages/, /international-kissing-day-messages/, /girlfriends-day-messages/, and /honey-month-messages/.
• Add an eCard CTA for romantic hug eCards."
https://blog.123greetings.com/love-thankyou-messages/,page,medium,2,yes,350,7,0,,,5,1,10,"There are 7 short messages, most missing final punctuation, plus a decent FAQ. The H1 is misspelled and the meta is broken. The angle (thanking a partner for their love) is distinctive but underdeveloped.","• Add 25+ messages in sections: For Husband, For Wife, For Boyfriend, For Girlfriend, 'Thank You for Loving Me Through Hard Times', Funny Thank-You-for-Loving-Me, Short Texts.
• Add an intro on why thanking a partner for love (not favors) matters, and a 3-line template: [what their love looks like] + [how it changed you] + [thank you].
• Add sign-off ideas: 'Grateful and yours,' 'Thankful every day,' 'Lucky me'.
• Add FAQ: 'What’s the difference between a love message and a thank-you message?'
• Link internally to /love-messages/, /thank-you-messages/, /love-messages-for-wife-the-thank-you-i-owed-my-wife-for-two-years/, /wife-appreciation-day-messages/, /anniversary-messages-for-husband/, /national-thank-you-day-messages/.
• Add an eCard CTA pairing with Thank You and Love eCards: 'Say thank you for loving me with an eCard today'."
https://blog.123greetings.com/international-cat-day-messages/,page,medium,2,yes,352,5,0,,,5,1,5,There are 5 witty messages (plus 2 empty blocks) and a good FAQ. The page has no sections and no intro.,"• Add 30+ messages: 'Funny' (10), 'For Cat Parents' (6), 'From the Cat' (written in the cat's voice, 6), 'In Memory of a Beloved Cat' (4), 'Cat Puns & Captions' (8).
• Add an intro: August 8; started by IFAW in 2002, run by International Cat Care since 2020. Suggest donating to or volunteering at a shelter.
• Add FAQ: Is there a difference between International Cat Day (Aug 8) and National Cat Day (Oct 29 in the US)?
• Link to /happiness-happens-day-messages/ and /funny-friendship-messages/.
• Add an eCard CTA for animated cat eCards."
https://blog.123greetings.com/true-love-forever-day-messages/,page,medium,2,yes,355,5,0,,,5,1,5,"5 messages, 3 with grammar errors, and a template 'Funny' heading and Nostalgic nav with no content. There is no date or origin. The day (Aug 16) has passed for 2026.","• Add an intro: August 16, the tie to The Bridges of Madison County, celebrating lasting love
• Add 25+ messages in sections: For Husband, For Wife, For Long-Married Couples, For Boyfriend/Girlfriend, Vow-Renewal Style, Long-Distance, Funny 'Forever' Messages, Short Texts
• Add 'write your own forever vow' tips
• Add FAQs: When is True Love Forever Day? How is it different from Valentine's Day?
• Link /romance-awareness-month-messages/, /romance-day-messages/, /wedding-anniversary-messages/, /anniversary-messages-for-husband/, /anniversary-messages-for-wife/, /love-messages/
• Add an eCard CTA to romantic eCards"
https://blog.123greetings.com/national-thank-you-day-messages/,page,medium,2,yes,371,5,0,,,5,1,3,"Five well-written messages and a clean FAQ, but no date, no recipient sections, and little depth.","• Add 40 messages in sections: For Friends (8), For Family (8), For Coworkers/Boss (8), For Teachers/Mentors (6), For Frontline/Service Workers (5), Short Thank-You Texts (5)
• Add an intro with the date and origin
• Add 'How to write a thank-you note' tips (name the act, the impact, and a warm sign-off) and 8 sign-off ideas
• Link to /thank-you-messages/, /thankyou-messages/, /thank-you-day-messages/ (consolidate or cross-link the duplicate topic) and /colleagues-thankyou-messages/
• Add an eCard CTA to the Thank You cards"
https://blog.123greetings.com/senior-citizen-day-messages/,page,medium,2,yes,372,10,0,,,5,0,9,"10 messages, several ungrammatical or missing punctuation. The FAQ is useful, but its date is outdated. The Aug 21 observance has passed, but grandparent/senior messages are evergreen.","• Add an intro: National Senior Citizens Day, Aug 21, proclaimed by President Reagan in 1988
• Add 25+ messages in sections: For Grandma, For Grandpa, For Parents, For Retired Mentors/Teachers, For Neighbors & Residents of Senior Living, Funny (gentle, not ageist), Short Texts
• Add 'what to write' tips: thank them for a specific lesson, ask for a story, avoid 'old' jokes unless you know they'll land
• Add FAQs: Is it Senior Citizen Day or Senior Citizens Day? What age counts as a senior citizen?
• Link /grandparents-day-messages/, /birthday-messages-for-grandma/, /birthday-messages-for-grandpa/, /messages-for-70th-birthday/, /messages-for-80th-birthday/, /messages-for-90th-birthday/
• Add an eCard CTA and suggest printing the card for seniors who don't use email"
https://blog.123greetings.com/national-day-of-encouragement-messages/,page,medium,2,yes,373,5,0,,,5,1,2,"Five solid messages and an accurate date (Sept 12). It's thin, and the FAQ carries a leaked AI citation.","• Add 30+ messages in sections: For a Friend (8), For Family (6), For Coworkers/Employees (6), For Students (5), For Someone Going Through a Hard Time (6)
• Add an intro: Sept 12, started in 2007 by Harding University students, recognized by presidential proclamation
• Add 10 short text-message versions
• Add 'How to encourage someone' tips (be specific, avoid minimizing)
• Link to /more-inspiration-messages/, /inspiration-messages/, /encouragement-inspiration-messages/ and /positive-thinking-day-messages/
• Add an eCard CTA to the Encouragement cards"
https://blog.123greetings.com/wife-appreciation-day-messages/,page,medium,2,yes,416,6,0,,,5,1,2,"6 good, clean messages, but no date, no intro, no quotes despite the title, and no sections.","• An intro with the date (third Sunday of September; next is September 19, 2027) and a line on the observance
• Add 40+ messages in sections: Romantic (10), Funny (8), Short Texts (8), For a New Wife (5), For My Wife of Many Years (5), For My Wife and Mother of Our Kids (5)
• A Quotes section with 8–10 attributed love and marriage quotes, as the title promises
• 5 celebration ideas beyond the card
• Link to /wedding-anniversary-messages/, /working-parents-day/, /womens-friendship-day-messages/ and /you-go-girl-day-messages/
• eCard CTA: Wife Appreciation Day eCards, with a reminder for next year's date"
https://blog.123greetings.com/friendship-week/,page,medium,2,yes,439,10,0,,,5,1,13,"10 messages (several missing punctuation), two empty blocks, a nav link to a non-existent Nostalgic section, and a FAQ that never says when Friendship Week is.","• Intro stating which Friendship Week the page targets and its dates (e.g. the week leading up to Friendship Day, the first Sunday of August), since the FAQ assumes it.
• Build the promised “Nostalgic” section (8) and add “Heartfelt” (10), a real “Funny” section (10), “Long-Distance” (6) and “Short Texts” (12).
• A day-by-day “7 days, 7 messages” idea list for the week.
• FAQs: When is Friendship Week 2027? How is Friendship Week different from Friendship Day?
• Link /friendship-day-messages/, /friendship-messages/, /friendship-messages-for-best-friends/ and /friendship-anniversary-messages/.
• eCard CTA: Friendship eCards after the intro and each section."
https://blog.123greetings.com/romance-awareness-month-messages/,page,medium,2,yes,445,5,0,,,5,1,6,"5 real messages; several are grammatically broken. The Funny heading and Nostalgic nav are empty, and the page never states the date. The FAQ is decent.","• Add an intro: Romance Awareness Month is August; include ideas for a 31-day romance challenge
• Add 25+ messages in sections: For Husband, For Wife, For Boyfriend/Girlfriend, Long-Distance, Funny, Short Text/Good-Morning Texts, Love Notes for the Lunchbox/Mirror
• Add a '31 small romantic gestures' list, one per day in August, each paired with a one-line note
• Add FAQ 'When is Romance Awareness Month?' and tips for writing a love note
• Link /romance-day-messages/, /true-love-forever-day-messages/, /love-note-day-messages/, /love-messages/, /national-i-love-you-day-messages/, /hug-your-sweetheart-day-messages/
• Add an eCard CTA to romantic/love eCards plus a 'schedule a card for every week of August' idea"
https://blog.123greetings.com/caring-friendship-messages/,page,medium,2,yes,453,8,0,,,5,1,4,"8 warm messages and a useful FAQ, but every message is about hugs. There's no variety (check-ins, tough times, long distance) and no sections.","• Add 35+ messages in sections: Checking In (8), For a Tough Day (8), Long-Distance Friend (6), Just Because (6), Short Texts (8), Virtual Hugs (keep existing)
• Intro: when to send a caring message and why low-pressure check-ins matter
• Tips: avoid unsolicited advice, offer specific help ('Can I drop off dinner Thursday?')
• FAQ: 'What do you text a friend who's going through something?', 'How to check on a friend without being pushy'
• Link to /friendship-messages-here-for-you/, /get-well-soon-messages/, /hug-week-messages/, /friendship-messages/, /keep-in-touch-messages/
• eCard CTA: Thinking of You / Caring eCards"
https://blog.123greetings.com/smile-month-messages/,page,medium,2,yes,502,14,0,,,5,1,13,"14 messages, most of them missing punctuation or containing grammar errors. There are no sections or date, but the FAQ is good. Needs an edit pass more than anything.","• Add an intro: when Smile Month is (align with 123Greetings' August event listing; mention the UK Oral Health Foundation's National Smile Month in May–June) and what it promotes
• Split into sections: Heartfelt, Funny, For Friends, For Coworkers, For Someone Going Through a Tough Time, Short Captions
• Add 15+ more messages, including dental-health themed lines (for dentists and hygienists) and kid-friendly smile wishes
• Add a '31 days of smiles' idea list
• Link /send-a-smile-day-messages/, /happiness-happens-day-messages/, /positive-thinking-day-messages/, /national-day-of-encouragement-messages/, /cute-messages/
• Add an eCard CTA to Smile Month eCards"
https://blog.123greetings.com/raksha-bandhan-messages/,page,medium,2,yes,660,19,0,,,5,1,10,"19 fun sibling messages with a sound FAQ, but a broken nav, mis-sectioned heartfelt messages, many punctuation gaps, and no date or intro. Raksha Bandhan is next in August 2027.","• Add 50+ messages in sections: For Brother (12), For Sister (12), Brother Far Away (8), For Bhabhi / Lumba Rakhi (5), For Cousins (5), Heartfelt/Nostalgic (10)
• Add 15 Hindi/Hinglish wishes and 10 short WhatsApp statuses
• Add religious blessings (5) and gift-tag lines (5)
• Add an intro: Shravan Purnima, the tradition of tying rakhi, and the next date
• Add FAQs: When is Raksha Bandhan? What to write with a rakhi sent by post?
• Link to /birthday-messages-for-brother/, /birthday-messages-for-sister/, /anniversary-messages-for-siblings/ and /birthday-card-messages-when-my-brother-and-i-stopped-talking-about-things-that-mattered/
• Add an eCard CTA to a Raksha Bandhan event page instead of search results"
https://blog.123greetings.com/anniversary-messages-for-fiancee/,page,medium,3,yes,256,14,0,,,0,1,4,"Fourteen well-written messages with good variety (long-distance, wedding planning), but one section and no guidance.","• Expand to 50+: Engagement Anniversary (10), Romantic (10), Funny Wedding-Planning (8), Last Anniversary Before the Wedding (6), Long-Distance (6), Short Texts (8)
• Tips and sign-offs ('Your future husband', 'Counting the days')
• FAQs: 'What to write for your fiancée’s engagement anniversary?'
• Link to /anniversary-messages-for-fiance/, /anniversary-messages-for-girlfriend/
• eCard CTA: romantic eCards"
https://blog.123greetings.com/anniversary-messages-for-daughter/,page,medium,3,yes,316,15,0,75,60,0,1,2,"Fifteen tender messages that fit the recipient, but it is thin against the '75+' promise and has no sub-sections.","• Expand to 75+: From Mom (12), From Dad (12), To Daughter & Son-in-Law (12), First Anniversary (8), Milestones — 5th, 10th, 25th (8), Religious Blessings (6), Long-Distance Parents (5), Funny (6)
• Tips on including the son-in-law or daughter-in-law and a sign-off list ('Love always, Mom & Dad')
• FAQs: 'What do parents write in their daughter’s anniversary card?'
• Link to /anniversary-messages-for-granddaughter/, /anniversary-messages-for-dad/, and anniversary messages for son
• eCard CTA after the From Mom and From Dad sections"
https://blog.123greetings.com/,page,medium,3,,362,0,0,,,0,667,6,"A decent hub with category tiles and a seasonal module, but the H1 is a paragraph, there is little explanatory copy, and the seasonal and trending blocks are stale or unordered.","• Keyword H1 plus a 120-word intro explaining how to use the message library (pick an occasion, pick a recipient, personalize, send an eCard)
• A 'What to write in a card' quick guide: 5 tips (open with their name, one specific memory, the wish, a warm sign-off) and 10 sign-off ideas
• Under each category tile, 4–6 links to the most-searched recipient pages, e.g. /birthday-messages-for-mom/, /anniversary-messages-for-boyfriend/, /anniversary-messages-for-girlfriend/, /anniversary-messages-for-dad/
• Refresh the October module in date order and add Boss’s Day (Oct 16, 2026), Sweetest Day (Oct 17, 2026), World Teachers’ Day (Oct 5), plus Diwali (Nov 8, 2026) and All Saints’ Day (/all-saints-day-messages/) as 'coming next'
• A 'Latest from Bob' strip linking the newest Weekly Bobcast posts
• A FAQ block (What should I write in a birthday card? How long should a card message be? How do I sign off a sympathy card?) with FAQ schema
• A visible eCard CTA per category ('Send a free Birthday eCard →' to www.123greetings.com/birthday/)"
https://blog.123greetings.com/wake-up-with-bob-23rd-july/,post,medium,3,,366,0,0,,,0,24,4,"A moving 366-word piece on motherhood with obvious card tie-ins (new baby, new mom, Mother's Day) that go unused. It has two visible text errors.","• Unique title/H1 about the nine months of pregnancy
• 10 'congratulations, new mom' messages and 5 for the new parents
• Link to New Baby messages (New Baby tile on /what-to-write-in-a-card/) and to /what-to-write-in-a-mothers-day-card-shell-actually-keep/
• eCard CTA: new-baby and 'congratulations, Mom' cards
• Pick one series name ('Wake Up With Bob' or 'Five Minutes with Bob') and use it everywhere"
https://blog.123greetings.com/thankyou-messages/,page,medium,3,,394,0,0,,,0,1,6,"A clean hub page with an intro and 6 category cards, but no sample messages. It competes with /thank-you-messages/ for the same head term.","• Add 2–3 sample messages under each category card so the hub ranks on its own
• Add categories: Gifts, Sympathy Received, Teachers, Wedding, Baby Shower, Graduation, Healthcare Workers, with child pages or links to /teachers-day-messages/ etc.
• Make sure each 'Browse Messages →' links to /dailies-thankyou-messages/, /birthday-thankyou-messages/, /love-thankyou-messages/, /invitation-thankyou-messages/, /colleagues-thankyou-messages/, /congratulations-thankyou-messages/
• Add a short 'how to write a thank-you note' section and a FAQ
• Resolve overlap with /thank-you-messages/: make one the hub and the other a canonical list, and cross-link
• Add an eCard CTA to the Thank You eCard category"
https://blog.123greetings.com/anniversary-messages-for-customers/,page,medium,3,yes,399,21,0,40,19,0,1,5,"Twenty-one decent messages, but three different use cases are mixed without labels. There are no email or social templates for businesses.","• Split into labeled sections and bring each to 12–15: Customer Loyalty Anniversary, Our Business Anniversary Thank-You, Customer’s Wedding Anniversary (for salons, jewelers, florists)
• Add 10 email subject lines and 5 social-post templates for a business anniversary
• Add 6 'anniversary offer' lines (discount/gift wording) and 6 formal B2B messages
• Tips: personalize with the customer's name and start year, and keep it on-brand
• Link to /anniversary-messages-for-employee/, /anniversary-messages-for-boss/, and thank-you messages for customers
• eCard CTA: business/corporate eCards with multiple recipients"
https://blog.123greetings.com/bon-voyage-messages/,page,medium,3,,607,33,0,,,0,1,11,"33 messages in 6 tone sections with working anchors. There are several grammar errors and no intro, occasion-type sections or FAQ.","• Add an intro on what 'bon voyage' means (French for 'good journey') and when to use it
• Add occasion sections (6 each): Retirement Trip, Honeymoon, Cruise, Moving Abroad/Relocation, Study Abroad, Work Trip/Coworker Leaving, Solo Travel
• Add 10 short texts/captions and 5 farewell-card sign-offs ('Bon voyage and come back soon!')
• FAQ: 'What to write in a bon voyage card', 'Is bon voyage only for sea travel?', 'Bon voyage vs farewell'
• Link to /keep-in-touch-messages/, /birthday-messages-for-across-the-miles/, /summer-messages/, /congratulations-messages/
• eCard CTA: bon voyage / travel eCards"
https://blog.123greetings.com/inspiration-messages-you-can-do-it/,page,medium,3,,687,17,0,,,4,1,7,"There are 17 encouraging messages and a decent FAQ, but no intro or situation-based sections, which are what people searching 'you can do it' messages need.","• Add sections: 'Before an Exam' (6), 'Job Interview / New Job' (6), 'Big Game / Competition' (5), 'Before Surgery or Treatment' (5), 'From Parent to Child' (5), 'Funny Encouragement' (6), 'Short One-Liners' (10).
• Add an intro on when a 'you can do it' note helps most: the night before, the morning of, or a random low day.
• Add a template: 'I remember when you ___ . That same ___ is going to carry you through ___ .'
• Add FAQ: What do you say to someone before a big exam or interview?
• Link to /inspiration-messages/, /inspiration-messages-motivation/, /get-well-soon-messages/, and /graduation-messages/.
• Add an eCard CTA for Good Luck and Encouragement eCards."
https://blog.123greetings.com/rosh-hashanah-messages/,page,medium,3,,698,21,0,,,5,1,17,"21 messages, some good traditional Hebrew blessings, and a reasonable FAQ. However, there are no sections, no date or explanation of the greetings, and many later-added messages lack punctuation. The 2026 holiday (Sept 11–13) has passed; refresh it for 2027.","• Add an intro with the date (next: sundown Fri Oct 1 – nightfall Sun Oct 3, 2027), what Rosh Hashanah is, and the apples-and-honey, shofar and tashlich customs
• Add a 'Hebrew greetings explained' box: Shanah Tovah, Shanah Tovah u'Metukah, L'Shanah Tovah Tikatevu (v'Techatemu), Chag Sameach, Gmar Chatimah Tovah (for Yom Kippur)
• Organize into sections: Traditional Blessings, For Family, For Friends, For Colleagues/Clients (business-appropriate), Short Text Messages, For Someone Who Had a Hard Year
• Add 15+ more messages, including interfaith-friendly wishes for non-Jewish senders and professional greetings
• Add FAQs: When is Rosh Hashanah? What does Shanah Tovah mean? Is it OK to say 'Happy Rosh Hashanah'?
• Link /sukkot-messages/ and create/link a Yom Kippur page; add a Jewish holiday eCard CTA with scheduling ahead of sundown"
https://blog.123greetings.com/inspiration-messages-motivation/,page,medium,3,,775,19,0,,,4,1,2,"There are 19 warm, well-written motivation messages and a thoughtful FAQ, but no intro, sections, or quotes. The messages drift toward encouragement rather than action-focused motivation.","• Add sections with anchors: 'Short Motivational Texts' (10), 'Monday Motivation' (6), 'For Work & Career' (6), 'For Students & Exams' (6), 'Fitness Goals' (5), 'Starting Over' (5), 'Motivational Quotes' (10, with attribution).
• Add a 2–3 sentence intro on the difference between motivation and encouragement (this is currently only in the FAQ).
• Add tips: tie the message to their 'why', name one step they've already taken, and avoid toxic-positivity phrases.
• Add sign-offs: 'In your corner', 'Cheering loudly', 'Go get it'.
• Link to /inspiration-messages/ (hub), /inspiration-messages-you-can-do-it/, and /graduation-messages/.
• Add an eCard CTA for 123Greetings Motivation eCards."
https://blog.123greetings.com/graduation-card-messages-when-my-dad-struggled-with-saying-he-was-proud-of-me/,post,medium,3,,862,0,0,,,0,9,2,"A moving, well-written story post (862 words) with a clear three-sentence method and FAQ. For a 'graduation card messages' query, though, it gives no ready-to-use messages at all.","• Add a 'Three-Sentence Card Template' box: (1) the specific memory, (2) what it meant, (3) the thank-you. Include 2 filled-in examples.
• Add 15–20 sample messages: 'For a Quiet Dad' (5), 'From Son' (4), 'From Daughter' (4), 'For Stepdad' (3), 'For a Dad Who Couldn’t Attend' (2), 'Honoring a Late Grandparent' (2).
• Show the actual three sentences the author sent (anonymized) to deliver on 'Here’s how I wrote mine'.
• Add FAQs: What do you write to your dad on your graduation day? How do you thank your parents in a graduation card?
• Link inline to /graduation-messages/ plus the parent/funny subpages already listed under 'Related'.
• Put a 'Send a Graduation eCard' button right after the three-sentence template, with a scheduling tip for ceremony day."
https://blog.123greetings.com/new-baby-messages/,page,medium,3,,894,40,0,,,4,2,5,"40 messages across 9 sensible sections. Many are generic and repetitive ('precious little one'), and the Gen Z section isn't Gen Z. There's no intro or tips.","• Add sections of 6–8 each: Twins/Multiples, Adoption, Religious/Blessing, From Grandparents, For a Coworker, Second Baby/New Big Sibling, For a Premature/NICU Baby (gentle)
• Add 10 short card-and-gift-tag lines and 8 sign-off ideas
• Add 'What to write in a new baby card' tips (name the baby, praise the parents, offer help)
• Add FAQs: new baby vs baby shower card, what not to write
• Link to /birthday-messages-for-son/, /birthday-messages-for-daughter/ and /mothers-day-messages/ (first Mother’s Day)
• Add an eCard CTA to the New Baby cards, split by boy, girl and twins"
https://blog.123greetings.com/more-inspiration-messages/,page,medium,3,,918,60,0,80,20,0,1,12,"About 60 decent encouragement messages split into Friend and Partner, each with six mood sections. There's no intro, no FAQ and no tips, the H1 doesn't match the 'Words of Encouragement' title, and several messages are weak or mis-sectioned.","• Rename the H1 and intro around 'Words of Encouragement'. Add a 60–80 word intro on when to send encouragement (a hard week, exams, job hunt, illness, grief, a new venture).
• Add a 'For Family' section (parent, child, sibling), 10–12 messages, which the meta already promises
• Add situation sections of 8–10 messages each: Before an Exam/Interview, After a Setback or Job Loss, During Illness/Recovery, Starting Something New, For a Coworker/Team
• Add 15 short text-message lines (under 12 words) and 10 faith-based/blessing encouragement messages
• Add 'How to write words of encouragement' tips: name the specific struggle, avoid toxic positivity, offer concrete help, and sign-off ideas ('In your corner always', 'Rooting for you')
• Add FAQs: What do you write to encourage someone who is struggling? What not to say? Short words of encouragement for a card?
• Link to /inspiration-messages/, /encouragement-inspiration-messages/, /inspiration-messages-you-can-do-it/, /national-day-of-encouragement-messages/ and /positive-thinking-day-messages/
• Add an eCard CTA to 123Greetings Encouragement & Inspiration cards after each section"
https://blog.123greetings.com/love-messages-for-wife-the-thank-you-i-owed-my-wife-for-two-years/,post,medium,3,,926,0,0,,,0,9,5,"This is an engaging 926-word first-person story with a clear 3-sentence formula, FAQs and a CTA. It is undermined by a leaked editorial label, internal contradictions (a 4-sentence card, 'handwritten'), and a title promising 'love messages' that the post doesn’t deliver.","• Add a scannable box of 12–15 thank-you messages for a wife, grouped by situation: when you were sick, during a hard work year, for being a great mom, for the invisible daily load, for standing by you in a crisis.
• Present the '3-sentence thank-you formula' as a highlighted template: [What she did] + [You noticed] + [Saying it now].
• Add 5 sign-off ideas such as 'Noticed every day,' 'Late but meant,' 'Your grateful husband'.
• Point the 'Related' arrows to real pages: /anniversary-messages-for-wife/, /birthday-messages-for-wife/, /wife-appreciation-day-messages/, /love-thankyou-messages/, /thank-you-messages/, /mothers-day-messages-for-wife-what-she-actually-wants/.
• Add an FAQ: 'What if she brings it up and wants to talk about it?'
• Keep the scheduling/PRO CTA, but add a button to the Thank You and Love eCard categories right after the formula."
https://blog.123greetings.com/happy-mothers-day-2026-messages-what-to-write-in-the-card/,post,medium,3,,1268,0,0,,,0,10,3,"An engaging 1,268-word story with a useful 'Danny formula' and FAQ. The title promises Mother's Day messages but only 3 example lines are given, and the post is now stale because it's pinned to the 2026 date.","• Add 25–30 ready-to-use messages built on the Danny formula (one specific thing, one feeling, one thank-you): 'From Son' (6), 'From Daughter' (6), 'Short Texts' (6), 'Funny' (6), 'For a Mom Who Says Don’t Make a Fuss' (4).
• Add a fill-in-the-blank template box: 'Thank you for ___ . I still think about ___ . I love you for ___ .'
• Make it evergreen: retitle without the year, add a 'Mother’s Day 2027: Sunday, May 9' line, and republish in April 2027.
• Add FAQs: What do you write in a Mother’s Day card from both siblings? What to write to a mom you’re not close with?
• Keep the Related links and add /heartfelt-mothers-day-messages-that-prove-you-were-paying-attention/ inline near the formula.
• Add an eCard CTA after the formula with a 'schedule it up to 60 days ahead' reminder."
https://blog.123greetings.com/mothers-day-card-ideas-12-things-my-mom-used-to-say-that-finally-make-sense-now/,post,medium,3,,1365,0,0,,,0,7,4,"A strong, relatable story built on 12 mom sayings with useful FAQs. But it never turns each saying into a ready-to-use card message, the countdown is stale, and the related links are misleading.","• Under each of the 12 sayings, add a copy-ready card line (e.g. 'You were right about the fridge. And the haircut. And everything else. Happy Mother’s Day.'), for 12+ messages
• Add a 'Funny sayings-based messages' block (10) and a 'From daughter / From son' variant block (10)
• Add 5–8 sign-off ideas ('Finally listening, love ___', 'Your kid who gets it now')
• Replace the countdown with evergreen date info (second Sunday in May; May 9, 2027)
• Add FAQs: funny things to write in a Mother’s Day card, what to write for a mom who says 'I’m fine'
• Link to /mothers-day-messages/ and the sibling posts (grandma, stepmom, mother-in-law, wife, from son)
• Add an eCard CTA to 123Greetings Mother’s Day cards, plus an app scheduling CTA"
https://blog.123greetings.com/mothers-day-messages-for-mom-what-to-write-when-she-saved-it-all/,post,medium,3,yes,1397,0,0,,,0,9,7,"A moving 'velvet pouch' story with sound advice about specific details. It has no actual message list, a stale countdown, and a confusing 'Bob' meta.","• Add 20 sentimental messages for a mom who keeps everything (keepsakes, report cards, baby teeth)
• Add 'From Daughter' and 'From Son' variants (8 each), plus 10 'I noticed' specific-memory templates
• Add a 'Fill-in-the-blank' message builder ('I still remember when you ___. I didn’t know you remembered too.')
• Add sign-off ideas and a short 'how to write it' checklist (one memory, one thank you, one promise)
• Add FAQs: what to write in a card for a sentimental mom, what to write for a mom who doesn’t like fuss
• Link to /mothers-day-messages/, /heartfelt-mothers-day-messages-that-prove-you-were-paying-attention/ and /birthday-messages-for-mom/
• Add an eCard CTA to Mother’s Day cards, plus app scheduling"
https://blog.123greetings.com/what-to-write-in-a-mothers-day-card-shell-actually-keep/,post,medium,4,,1319,0,0,,,0,9,4,"A strong, original 1,319-word personal essay with good structure and a FAQ. It lacks the example card lines its meta promises and is now dated to Mother's Day 2026.","• 15–20 'voicemail-style' example card lines grouped by sender: From Son, From Daughter, From Far Away, For Stepmom, For Grandma
• A fill-in-the-blank template ('This week I… It made me think of you because…')
• A sensitive section: what to write when the relationship is complicated, or for a mom who has passed
• Update for Mother's Day 2027 (Sunday, May 9, 2027) or make the dates evergreen
• Link the 'More Mother’s Day Messages' list to the actual message pages
• eCard CTA: Mother's Day eCards with a scheduling reminder"
https://blog.123greetings.com/4th-of-july-messages/,page,medium,4,,1737,77,0,100,23,7,1,10,"A solid seasonal page with 77 messages in 15 sections and a useful FAQ. It needs more messages to back up its 100+ claim, some cleanup, and date/history context.","• Add 25–30 more messages to genuinely pass 100: 10 short text/SMS wishes, 8 Instagram captions, 6 for veterans (separate from active duty), 6 business wishes for customers and employees
• Add a 'For First Responders' section (firefighters, police, EMTs working the holiday)
• Add a 'For Kids' section and a 'Faith & Blessings' section (e.g. 'God bless America' wishes)
• Add a 2026 recap / 'America at 250' (Semiquincentennial) angle, then roll it forward to 'Happy 251st' for 2027
• Add an intro with the date (always July 4; July 4, 2027 is a Sunday, observed Monday July 5), the 1776 background, and how to choose a message
• Add FAQs: 'Why July 4 and not July 2?', 'What should I write in a 4th of July card for a veteran?'
• Link to related pages: Memorial Day, Veterans Day, Labor Day and Flag Day messages, and the 29th June Bobcast
• Put a 'Send a free Fourth of July eCard' CTA after every 2–3 sections"
https://blog.123greetings.com/fathers-day-messages/,page,medium,4,,1872,47,0,100,53,7,1,11,"A strong page with 47 messages across 16 recipient sections and a useful FAQ. Several sections hold only one message, one message contains leaked description text, and the FAQ is keyed to the now-past 2026 date.","• Update the FAQ and intro to Father’s Day 2027 (Sunday, June 20, 2027).
• Expand the one-message sections: From Children (1 → 8), For Your Dad in Heaven (1 → 8), Formal Wishes (1 → 6). Bring From Daughters and From Sons to 8 each.
• New sections: “First Father’s Day / New Dad” (8), “For Your Brother” (6), “For a Friend Who’s a Dad” (6), “Religious Blessings” (8), “Short Texts” (15) and “Long-Distance Dad” (6).
• Intro covering the history (Sonora Smart Dodd, 1910; a permanent US observance since 1972) and “what to write” tips with sign-off ideas.
• Link /family-messages/, /five-minutes-with-bob-31st-july/ (mentors) and /everyday-messages/.
• Per-section eCard CTAs (Grandfather, Stepdad, Dad in Heaven, Husband)."
https://blog.123greetings.com/anniversary-messages-for-neighbours/,page,low,1,yes,104,5,0,,,0,1,1,"The page is nearly empty: 5 generic messages (104 words), with no intro, sections or FAQ.","• An intro on when and how to wish neighbors (a card in the mailbox, a note with baked goods)
• A 'Friendly & Casual' section with 8 messages
• A 'Funny Neighbor' section with 6 (borrowed ladders, lawn envy, shared fence)
• A 'For Long-Time / Elderly Neighbors' section with 6 that honor 30th–50th milestones
• A 'Short Note to Leave on the Door' section with 8
• A 'From the Whole Family / Street' section with 4
• Tips: sign with the house number or family name, and add a small gift
• FAQs: Is it appropriate to give neighbors an anniversary card? What gift is appropriate?
• Internal links: /anniversary-messages-for-friends/, /friendship-anniversary-messages/, /messages-for-50th-anniversary/, /thank-you-messages/
• eCard CTA: 'Send your neighbors an anniversary eCard'"
https://blog.123greetings.com/contact-us/,page,low,2,yes,86,0,0,,,0,665,2,A minimal utility page with a form and two sentences. It gives no expected response time and no alternative contact details or examples.,"• State the expected reply time and what happens next (e.g. 'we'll email you a custom message within 3 days')
• Add 3 example requests ('a card for my estranged sister's wedding', 'a retirement card for a night-shift nurse')
• Link to the main 123Greetings support page for eCard or account issues, and to /about-us/
• Add links to popular hubs (/birthday-messages/, /anniversary-messages/, /what-to-write-in-a-card/) for people who haven't searched yet"
https://blog.123greetings.com/wake-up-with-bob-15th-july/,post,low,2,yes,216,0,0,,,0,14,2,"A short 216-word column on 'never outsource your happiness'. The idea is nice, but it is the thinnest post in the series and has no practical takeaway or link.","• Unique title/H1 around 'Never outsource your happiness'
• 3–5 concrete, practical ways to take back the 'steering wheel' (morning routine, boundaries, reframing)
• A short set of 'you are in charge of your own happiness' encouragement messages for a friend who is having a hard week
• Link to Inspiration and Everyday messages via /what-to-write-in-a-card/
• eCard CTA: 'Thinking of you / you've got this' encouragement cards
• Previous/next Bob links and a series hub"
https://blog.123greetings.com/cousins-day-messages/,page,low,2,yes,276,5,0,,,5,1,2,"5 messages under one 'Funny' heading and a broken 'Nostalgic' nav link. The FAQ is fine and the July 24 date is correct. The day has passed, so expand the page before next July.","• Add 35+ messages in sections: Nostalgic/Childhood Memories (8, fixes the nav), Funny (expand to 10), For a Cousin Who's Like a Sibling (6), Long-Distance Cousin (5), Instagram Captions (8)
• Intro: National Cousins Day on July 24, plus ideas (photo swap, video call, family reunion)
• FAQ: 'Is there a National Cousins Day?', 'Caption ideas for cousin photos'
• Link to /family-messages/, /friendship-messages-for-best-friends/, /birthday-messages-for-across-the-miles/
• eCard CTA: Cousins Day eCards"
https://blog.123greetings.com/honey-month-messages/,page,low,2,yes,302,8,0,,,5,1,8,"There are 8 short, unpunctuated, all-romantic messages and a decent FAQ. The page has no intro on the observance, and today (Sept 30) is its last day.","• Add an intro: September is National Honey Month in the US, promoted by the National Honey Board since 1989 and timed to the end of the honey harvest.
• Add 25+ messages: 'For Your Partner' (8), 'For Friends' (5), 'For Mom / Grandma' (4), 'Bee Puns' (6), 'For Beekeepers & Honey Lovers' (4).
• Add 3–4 fun honey facts to share in a card (honey never spoils; it takes about 12 bees their whole lives to make a teaspoon).
• Link to /hug-your-sweetheart-day-messages/, /just-because-day/, and /ice-cream-day-messages/.
• Add an eCard CTA for Honey Month eCards, and refresh the page before next September."
https://blog.123greetings.com/chocolate-milk-day-messages/,page,low,2,yes,322,5,0,,,5,1,2,"5 messages and a FAQ that doesn't give the date (National Chocolate Milk Day is September 27, which just passed). Expand it before next September.","• Intro with the date (Sept 27) and fun facts (post-workout recovery drink, nostalgic school-lunch staple)
• Add 25+ messages in sections: For Kids (6), Funny (6), For Friends (5), Nostalgic/Childhood (5), Captions (6)
• FAQ: 'When is National Chocolate Milk Day?'
• Link to /chocolate-day-messages/, /national-coffee-day-messages/, /ice-cream-day-messages/, /dessert-day-messages/
• eCard CTA: fun food-day eCards"
https://blog.123greetings.com/happiness-happens-day-messages/,page,low,2,yes,328,5,0,,,5,1,1,There are 5 nice messages and 5 FAQs. The page never says when the day is and has no sections. The query is niche but seasonal (Aug 8).,"• Add an intro: August 8; the Secret Society of Happy People (founded by Pamela Gail Johnson); August is also Happiness Happens Month.
• Add 25+ messages: 'Short Uplifting Texts' (8), 'For Friends' (5), 'For Coworkers' (4), 'Funny' (4), 'Happiness Quotes' (6).
• Add a list of '10 small ways to celebrate' (compliment a stranger, write a gratitude note…).
• Link to the /inspiration-messages/ hub, /just-because-day/, /keep-in-touch-messages/, and /international-sunflower-day-messages/.
• Add an eCard CTA for Happiness Happens Day eCards, e.g. 'Send a smile today'."
https://blog.123greetings.com/international-sunflower-day-messages/,page,low,2,yes,370,11,0,,,5,1,11,"There are 11 messages, but 5 are generic 'Flower Day' copy and 2 name the wrong occasion. The FAQ gives a wrong date, and the page should probably target 'National Sunflower Day'.","• Rename and target 'National Sunflower Day (first Saturday in August)'. Add an intro with the date, the 2023 origin, and sunflower symbolism (loyalty, positivity, turning toward the light).
• Replace the Flower Day messages and add 20+ sunflower-specific ones: 'For Friends' (6), 'Cheer-Up / Hope' (6), 'Romantic' (4), 'Sunflower Puns & Captions' (6).
• Add 3 sunflower facts to use in cards (heliotropism in young plants; a head can hold 1,000+ seeds).
• Link to /happiness-happens-day-messages/, /inspiration-messages/, and /get-well-soon-messages/.
• Add an eCard CTA for sunflower and flower eCards."
https://blog.123greetings.com/wake-up-with-bob-20th-july/,post,low,3,,259,0,0,,,0,17,2,A 259-word concert reflection that works well as a column. It has a garbled question and a missed chance to tie into friendship messages.,"• Unique title/H1: 'Which Song Reminds You of Someone?'
• Tie-in to friendship: 8–10 'this song reminds me of you' messages to send a friend
• Link to Friendship messages via /what-to-write-in-a-card/ and to /womens-friendship-day-messages/
• eCard CTA: musical friendship eCards
• Reader poll or comment prompt listing favorite 'person songs'"
https://blog.123greetings.com/wake-up-with-bob-18th-july/,post,low,3,,304,0,0,,,0,18,3,A thoughtful 304-word reflection on maximizing versus committing. The double punctuation and the lack of any link or card tie-in weaken it.,"• Unique title/H1: 'Did I Make the Perfect Choice?'
• 3 practical 'satisficing' tips for big decisions
• 8–10 good-luck and encouragement messages for someone facing a big decision (new job, move, marriage)
• Link to Inspiration and Good Luck messages via /what-to-write-in-a-card/
• eCard CTA: good-luck and new-beginnings cards
• Cite Barry Schwartz (The Paradox of Choice) for the maximizer research"
https://blog.123greetings.com/five-minutes-with-bob-11th-july/,post,low,3,,316,0,0,,,0,18,1,"A clean, well-written ~316-word reflection on sounds, nostalgia and childhood friends, with a good reader prompt. It lacks internal links and a greeting CTA that would turn the prompt into action.","• Add an inline CTA after the reader prompt: “Reconnect with an old friend — send a Thinking of You or Miss You eCard”.
• Link /everyday-messages/ (Miss You / Thinking of You sections) and /friendship-messages-for-friends-forever/ (its FAQ covers reconnecting).
• Add 3 sample “it’s been too long” messages readers can copy.
• Add a unique H1 and previous/next navigation within the Five Minutes With Bob series."
https://blog.123greetings.com/wake-up-with-bob-24th-july/,post,low,3,,327,0,0,,,0,70,1,"A good 327-word friendship reflection built around the butterfly-garden quote, and one of the cleaner columns. It has no friendship-message tie-in.","• Unique title/H1 using the butterfly-garden quote
• Attribute the quote (it is commonly credited to Brazilian poet Mário Quintana)
• 8–10 'thank you for being my friend' messages for new-city friends
• Link to /womens-friendship-day-messages/ and Friendship messages via /what-to-write-in-a-card/
• eCard CTA: friendship and 'glad I met you' cards"
https://blog.123greetings.com/wake-up-with-bob-16th-july/,post,low,3,,328,0,0,,,0,12,3,A solid 328-word reflection on redefining success after a missed promotion. It is heavy on emoji and has no title identity or card tie-in.,"• Unique title/H1: 'Would Your Future Self Thank You?'
• A short 'future-self' exercise box with 3 guided questions
• 8–10 encouragement messages for someone who missed a promotion or had a career setback
• Link to /work-anniversary-messages/ and to Congratulations/Inspiration via /what-to-write-in-a-card/
• eCard CTA: 'Don't give up' encouragement cards
• Cut the emoji density for readability, especially in the headings"
https://blog.123greetings.com/five-minutes-with-bob-28th-july/,post,low,3,,331,0,0,,,0,65,4,"A good ~331-word reflection on friends growing and changing. It needs a custom title and H1, a fix for a doubtful quote attribution, and links to friendship pages.","• Add a custom title and H1.
• Link /friendship-messages-for-friends-forever/, /friendship-messages/ and /friendship-anniversary-messages/.
• CTA: “Tell a friend you’ve noticed their growth — send a Friendship eCard”, plus a Bon Voyage eCard tie-in for Steve’s trip.
• Add 3 sample “I’m proud of who you’ve become” messages."
https://blog.123greetings.com/wake-up-with-bob-14th-july/,post,low,3,,339,0,0,,,0,17,2,"A warm 339-word column about a first paycheck. It works as a daily reflection, but the generic title and H1 hide it from search, and it doesn't link to any card or message content.","• Unique SEO title and H1 subtitle, e.g. 'Do You Remember Your First Salary?'
• A short box of 8–10 'Congratulations on your first paycheck / first job' card messages, plus 5 'thank you, Mom and Dad' lines for the moment you hand over that first salary
• Link to /what-to-write-in-a-card/ (Congratulations and Thank You tiles) and /work-anniversary-messages/
• eCard CTA: 'Proud of you, first job' and 'Thank you, Mom & Dad' cards
• Previous/next links to /wake-up-with-bob-13th-july/ and /wake-up-with-bob-15th-july/, plus a Wake Up With Bob series hub page
• Show 2–3 reader 'first salary' stories from the comments to reward engagement"
https://blog.123greetings.com/about-us/,page,low,3,,343,0,0,,,0,665,2,"A short but reasonable About page. It lacks authorship and E-E-A-T signals, and its testimonials are weak.","• Meet the writers: short bios for Bob and the message writers, and how messages are written and reviewed
• Company timeline (1997 launch, milestones, eCards sent)
• Editorial standards (inclusive language, sensitivity review for sympathy content)
• Links to top hubs (birthday, anniversary, sympathy, holidays) and to the Weekly Bobcast archive
• Contact / suggest-a-message form and a 'Send a free eCard' CTA"
https://blog.123greetings.com/five-minutes-with-bob-27th-july/,post,low,3,,351,0,0,,,0,70,3,"A pleasant ~351-word reflection on hobbies and flow with a good reader question. It has a generic title and H1, one punctuation slip and no internal links.","• Add a custom title and H1.
• Link /friendship-messages-for-best-friends/ and /family-messages/ (shared hobbies with a grandparent, a friend or a partner).
• CTA: “Share the hobby — send a ‘Let’s do this together’ eCard to the person you’d invite”.
• Include 2–3 sample invitation messages (e.g. to start a playlist swap)."
https://blog.123greetings.com/five-minutes-with-bob-13th-july/,post,low,3,,357,0,0,,,0,21,2,"A thoughtful ~357-word column on how people remember feelings, not details. It has a generic title and H1, no internal links and no message or eCard hook.","• Add a custom title and H1.
• Add a CTA: “Make someone feel appreciated today — send a Thank You or Thinking of You eCard”.
• Link /everyday-messages/ (Thinking of You, Sorry) and /friendship-messages-here-for-you/.
• Include 3 short appreciation messages readers can send right away."
https://blog.123greetings.com/five-minutes-with-bob-31st-july/,post,low,3,,359,0,0,,,0,62,2,"A good ~359-word piece on mentors, with a clear call to thank them. It lacks a custom title and H1 and doesn’t link the site’s mentor and thank-you messages.","• Add a custom title and H1.
• Link /fathers-day-messages/ (For your Mentor section) and the site’s thank-you-teacher and thank-you-mentor pages.
• Add a direct eCard CTA under “You changed my life, and I am grateful for it”: “Send a Thank You eCard”.
• Add 3 sample thank-you notes for a mentor, teacher or neighbor."
https://blog.123greetings.com/wake-up-with-bob-22nd-july/,post,low,3,,360,0,0,,,0,21,3,"A 360-word reflection on fear of failure. The CTA is good ('send them a message'), but it has no link and the key sentence is broken.","• Unique title/H1: 'Make Better Mistakes'
• Turn 'You could then send them a message' into a real CTA with 8–10 thank-you-mentor and encouragement messages
• Link to Thank You and Inspiration messages via /what-to-write-in-a-card/
• eCard CTA: 'Thank you for believing in me' cards
• Previous/next Bob links"
https://blog.123greetings.com/wake-up-with-bob-26th-july/,post,low,3,,369,0,0,,,0,69,4,A 369-word reflection on emotional decision-making after a car purchase. It reads well but has a meta typo and punctuation gaps.,"• Unique title/H1: 'Who Really Chose My New Car?'
• 8–10 'Congratulations on your new car' card messages, a natural tie-in
• Link to Congratulations messages via /what-to-write-in-a-card/
• eCard CTA: new-car congratulations cards
• Previous/next Bob links and a series hub"
https://blog.123greetings.com/wake-up-with-bob-21st-july/,post,low,3,,374,0,0,,,0,16,3,A warm 374-word self-care column with a memorable anecdote. It needs a unique title and could link to self-love messages.,"• Unique title/H1 about saying 'I love you' to yourself
• A '7-day thank-your-body' mini-plan (one body part per day)
• 8–10 self-love affirmations or notes-to-self
• Link to Inspiration and Love messages via /what-to-write-in-a-card/
• eCard CTA: self-care and 'take care of yourself' cards to send a friend"
https://blog.123greetings.com/five-minutes-with-bob/,post,low,3,,380,0,0,,,0,4,3,"A well-told ~380-word piece on listening. Its closing paragraph is near-identical to the July 13 post, and the bare series URL is occupied by a single post rather than a series hub.","• Add a custom title and H1, and turn /five-minutes-with-bob/ into a hub that lists every column.
• Vary the closing CTA paragraph so it differs from the July 13 post.
• Link /everyday-messages/ (Thinking of You) and /friendship-messages-here-for-you/.
• CTA: “Be a better listener today — send a ‘How are you, really?’ eCard”."
https://blog.123greetings.com/five-minutes-with-bob-2nd-august/,post,low,3,,391,0,0,,,0,63,2,"An engaging ~391-word column with a custom title. It was published on Friendship Day (Aug 2, 2026, the first Sunday of August) but never ties in to it or links friendship content.","• Add a tie-in line and link to /friendship-day-messages/, since the post went live on Friendship Day.
• Link /friendship-messages-for-best-friends/ and /friendship-messages-for-friends-forever/.
• CTA: “Missing your travel crew? Send a Best Friends eCard”.
• Include 3 sample messages for a friend returning from a girls’ trip."
https://blog.123greetings.com/wake-up-with-bob-19th-july/,post,low,3,,403,0,0,,,0,14,3,A lovely 403-word 'tiny museums' reflection with a strong personal anecdote. It has a couple of grammar slips and doesn't point to any sentimental or keepsake messages.,"• Unique title/H1: 'What’s the One Thing You’ll Never Throw Away?'
• Invite readers to share a photo or story of their keepsake
• Tie-in to Keep in Touch and nostalgic 'remember when' messages via /what-to-write-in-a-card/
• 8–10 nostalgic card lines to send the person linked to your keepsake
• eCard CTA: 'Thinking of you / memories' cards
• Previous/next Bob links"
https://blog.123greetings.com/wake-up-with-bob-25th-july/,post,low,3,,403,0,0,,,0,61,4,A 403-word reflection on passion through a film. It gets a basic fact about the film wrong and has punctuation slips.,"• Correct the character names and add film context (1978, with Christopher Plummer, Anthony Hopkins and Nanette Newman)
• A 'find your horse' prompt with 3 questions
• 8–10 'follow your passion' encouragement messages
• Link to Inspiration messages via /what-to-write-in-a-card/ and /you-go-girl-day-messages/
• eCard CTA: 'Chase your dreams' cards"
https://blog.123greetings.com/22nd-june-your-weekly-bobcast/,post,low,3,,422,0,0,,,0,14,7,"A short, pleasant column on Pink Day and birthday candles. It is the thinnest Bobcast (about 420 words), with no links to birthday message pages.","• Link the birthday candle section to birthday message hubs (e.g. /birthday-messages-for-mom/, birthday for friend) and a Birthday eCard CTA
• Add 3 'blow out the candles' birthday card lines
• Link Public Service Day, John the Baptist feast, Pineapple and Handshake Day items to message pages
• Author box and series navigation"
https://blog.123greetings.com/wake-up-with-bob-17th-july/,post,low,3,,432,0,0,,,0,11,8,"An engaging 432-word piece on memory and learning from elders, and one of the stronger columns. It is let down by unreadable Unicode headings, several punctuation slips, and no link to the natural Grandparents' Day tie-in.","• Unique title/H1: 'Our Greatest Superpower Isn’t Strength. It’s Memory.'
• Box of 10 conversation-starter questions to ask a grandparent or mentor
• Tie-in to Grandparents' Day with 8–10 'thank you for your wisdom' messages for grandparents
• eCard CTA: Grandparents' Day and 'thank you, mentor' cards
• Cite the article or author Bob read (it is currently unnamed)
• Previous/next Bob links"
https://blog.123greetings.com/five-minutes-with-bob-29th-july/,post,low,3,,436,0,0,,,0,66,3,"A well-argued ~436-word piece on conflict and empathy. The closing question is garbled, and it lacks internal links to apology and reconnection messages.","• Add a custom title and H1.
• Link /everyday-messages/ (Sorry section) and /friendship-messages-here-for-you/.
• CTA: “Take the first step — send a Thinking of You or Sorry eCard”.
• Include 3 sample olive-branch messages (“I’ve been thinking about our conversation…”)."
https://blog.123greetings.com/five-minutes-with-bob-30th-july/,post,low,3,,455,0,0,,,0,65,2,"A thoughtful ~455-word essay on ambition and “enough”. It has a generic title and H1, and it offers no greeting hook even though retirement and thank-you tie-ins would fit naturally.","• Add a custom title and H1.
• Link the site’s retirement and thank-you message pages, and /family-messages/ (time with grandchildren).
• CTA: “Know someone who found their ‘enough’? Send a Retirement or Congratulations eCard”.
• Add 3 sample retirement or “enjoy your time” messages."
https://blog.123greetings.com/19th-may-your-week-with-bob/,post,low,3,,583,0,0,,,0,14,6,A funny promotion mix-up story and a scheduling-feature plug. There are no links to the relevant message pages and one date is wrong.,"• Link Marcus’s story to congratulations-on-promotion messages and add 3 copyable promotion wishes
• Link the mom's-birthday scheduling story to /birthday-messages-for-mom/ and to the eCard scheduler on www.123greetings.com
• Link Shavuot, World Turtle Day and Brothers Day items to their message pages
• Rename to the 'Weekly Bobcast' series format for consistency and add an author box"
https://blog.123greetings.com/15th-june-your-weekly-bobcast/,post,low,3,,590,0,0,,,0,21,4,"A warm Father’s Day column (the Rolex story) plus a Solstice anecdote. The mislabeled heading hurts it, and there are no links to Father’s Day message pages.","• Link to Father’s Day message pages (e.g. /fathers-day-messages/, 'messages for dad in heaven' given the 'Dad’s gone now' story) with a Father’s Day eCard CTA
• Link Juneteenth, International Yoga Day, World Music Day and Summer Solstice items to their message pages
• Add a 'Borrow these words' box with 3 Father’s Day lines, including one for someone missing their late father
• Author box and links to other Bobcast posts"
https://blog.123greetings.com/29th-june-your-weekly-bobcast/,post,low,3,,615,0,0,,,0,16,4,A good I Forgot Day list and a 250th Fourth of July reflection. It doesn't link to the 4th of July message page.,"• Link the 250th section to /4th-of-july-messages/ and a Fourth of July eCard CTA
• Link Canada Day, Hug Holiday, Joke Day and UFO Day items to message pages
• Add a 'Don’t forget' eCard-scheduler CTA tied to item 1 (parents’ birthdays)
• Author box and series navigation"
https://blog.123greetings.com/1st-june-your-weekly-bobcast/,post,low,3,,653,0,0,,,0,14,4,A charming Egg Day and graduation column. It mentions the Message Board without linking to graduation messages.,"• Link the graduation section to graduation message pages (for daughter/son, from parents) and a Graduation eCard CTA
• Add 3 copyable 'proud parent' graduation lines
• Link World Milk Day, Cheese Day, Doughnut Day and World Environment Day items to message pages
• Author box and series navigation"
https://blog.123greetings.com/6th-july-your-weekly-bobcast/,post,low,3,,656,0,0,,,0,16,2,A fun Kissing Day science piece and a moving 100th-birthday story. It has one wrong date and no links to message pages.,"• Link the Mr. Burns story to a 100th birthday messages page and add 3 copyable centenarian card lines plus a Birthday eCard CTA
• Link International Kissing Day and World Chocolate Day items to message pages
• Add a 'What to write for a 100th birthday' mini-list (memories, a newspaper-from-their-birth-year idea)
• Author box and series navigation"
https://blog.123greetings.com/7th-june-your-weekly-bobcast/,post,low,3,,687,0,0,,,0,17,7,"A strong Best Friends Day essay and a 40th-birthday roast story. There are small punctuation slips, a misleading meta description, and no links to friendship or birthday message pages.","• Link to best friend birthday and friendship message pages plus /anniversary-messages-for-friends/, with a Best Friends Day eCard CTA
• Link Greg’s story to 40th birthday messages and add 3 'roast-turned-tribute' card lines
• Link World Ocean Day, Red Rose Day and Flag Day items to message pages
• State the Best Friends Day date (June 8) in the opening"
https://blog.123greetings.com/canada-day-messages/,page,low,3,,712,28,0,100,72,5,1,6,"28 messages across 9 recipient sections with working anchors and a helpful FAQ. The main gaps are occasion background and more message types. It's seasonal and July 1 has passed, so update it before June 2027.","• Intro: July 1 marks Confederation in 1867 (formerly Dominion Day, renamed 1982), plus typical celebrations (fireworks, red and white, maple leaf)
• Add sections: Funny/Maple-Syrup Puns (8), For Kids (5), For Canadians Abroad (5), Instagram Captions (10), French-language wishes 'Bonne fête du Canada!' (5), Reflective/Inclusive wishes that acknowledge Indigenous peoples (4)
• FAQ: 'What does Canada Day celebrate?', 'How do you say Happy Canada Day in French?'
• Link to /canadian-thanksgiving-messages/, /4th-of-july-messages/, /summer-messages/
• eCard CTA: Canada Day eCards"
https://blog.123greetings.com/13th-july-your-weekly-bobcast/,post,low,3,,721,0,0,,,0,11,7,"An engaging weekly column (Bastille Day, Harrison Ford, a late-reply message). It is time-bound and has almost no internal links to message pages.","• Link each calendar item to its message page (e.g. National Ice Cream Day messages, Bastille Day messages) with a 'Send an eCard' button
• Turn 'Borrow these words' into 3–5 copyable late-reply/reconnect texts and link to a friendship messages hub
• Link Harrison Ford’s 84th to a birthday-for-friend or milestone-birthday message page
• Add an author box for Bob (bio + link to all Bobcast posts) and prev/next post navigation
• Add a 'Summer friends' eCard CTA (e.g. 'Thinking of you' eCards on www.123greetings.com)"
https://blog.123greetings.com/24th-may-your-weekly-bobcast/,post,low,3,,784,0,0,,,0,11,5,"A lively Brothers Day story and a multiple-recipient plug. There are tone slips around Memorial Day and teens, and no links to Brothers Day or Memorial Day messages.","• Link to Brothers Day messages and brother birthday/anniversary pages (e.g. /anniversary-messages-for-brother/) with a Brothers Day eCard CTA
• Link Memorial Day to a respectful Memorial Day messages page, kept separate from the grill joke
• Add 3 copyable 'to my brother' lines
• Author box and series navigation"
https://blog.123greetings.com/congratulations-card-messages-when-i-realized-id-quietly-let-an-old-friendship-drift/,post,low,3,,947,0,0,,,0,11,5,"An engaging personal story with practical advice and reader Q&A. But it gives only one sample message despite the 'Card Messages' title, and has weak links to message pages.","• Add 10+ copy-ready reconnection messages: congrats on a promotion, new job, engagement, baby, and house, each opening with a shared memory
• Add a 3-sentence template box: 'Saw the ___ news. Knew you’d ___. Also — remember ___?'
• Link to /congratulations-messages/, /keep-in-touch-messages/, /friendship-messages/, /friendship-anniversary-messages/
• Add one FAQ on the time gap: 'How long is too long to reconnect?'
• Inline eCard CTA to the congratulations eCard collection with the scheduling feature"
https://blog.123greetings.com/birthday-card-messages-when-my-brother-and-i-stopped-talking-about-things-that-mattered/,post,low,3,,961,0,0,,,0,8,5,"A strong personal story (961 words) with a clear three-sentence formula and a useful 'people ask me' FAQ. But its core advice contradicts itself, and it gives only one example message despite the 'Birthday Card Messages' title.","• A 'Borrow These Lines' box with 12 reconnecting birthday messages for a brother you've drifted from, and 6 sister variants
• A fill-in template: 'Happy birthday, [Name]. [Specific memory]. [One honest line about missing him].'
• 3 worked examples for different situations (after a parent's death, after an argument, living far apart)
• An FAQ: 'What if we had a real falling-out?' linking to /sorry-messages/
• Internal links: /birthday-messages-for-brother/, /birthday-messages-for-sister/, /keep-in-touch-messages/, /family-messages/, /anniversary-messages-for-brother/
• A scheduling CTA with a screenshot/steps of how to schedule a card on 123Greetings (keep the PRO pitch, fix the timing contradiction)"
https://blog.123greetings.com/five-minutes-with-bob-1st-august/,post,low,4,,398,0,0,,,0,63,1,"A warm, well-structured ~398-word story about family storytellers, with a custom title and an engaging comments prompt (comments are open). It needs internal links to birthday and family message pages.","• Link /family-messages/ (For Aunt section) and the site’s 50th-birthday and birthday-for-aunt message pages.
• CTA: “Celebrating a milestone birthday? Send a 50th Birthday eCard”.
• Add 3 sample toasts or card lines for a 50th birthday, inspired by Andrew’s speech.
• Add a unique H1 and series navigation."
https://blog.123greetings.com/summer-messages/,page,low,4,,937,39,0,50,11,5,2,6,39 varied messages in 6 tone-based sections with a useful FAQ. It's one of the stronger seasonal pages; minor edits needed and it's off-season now.,"• Add an intro with the first day of summer (June 21, 2027 solstice)
• Add recipient/occasion sections: For Kids (School's Out), For Teachers (Summer Break), Summer Vacation/Bon Voyage, Long-Distance Friends, Summer Birthday, End of Summer/Goodbye Summer, Short Instagram Captions
• Add 15+ messages to reach the 50+ promised
• Add FAQs: When is the first day of summer? What do you write in a summer vacation card?
• Link /spring-messages/, /fall-messages/, /4th-of-july-messages/, /ice-cream-day-messages/, /national-relaxation-day-messages/, /bon-voyage-messages/, /labor-day-messages/
• Add an eCard CTA to summer and summer-love eCards"
https://blog.123greetings.com/sorry-messages-for-coworkers-when-my-coworker-struggled-with-saying-sorry/,post,low,4,,952,0,0,,,0,10,3,"A strong, specific narrative post with a clear takeaway (three sentences, no 'but'), a useful FAQ and CTAs. It lacks ready-to-copy coworker apology examples.","• Add a box of 10–15 copy-ready three-sentence apologies for common workplace situations: took credit, missed a deadline, snapped in a meeting, harsh email tone, forgot to loop someone in, apology to your boss, apology to your team
• Add a 'what not to say' list (“sorry if…”, “but…”, “I was stressed”)
• Add FAQs: Should I apologize in Slack or in person? How do I apologize to my boss?
• Link /sorry-messages/, /at-work-messages/, /colleagues-thankyou-messages/, /work-anniversary-messages/, /what-to-write-in-a-card/
• Link directly to a specific sorry eCard design, not only the collection, to match 'the exact card you can send today'"
https://blog.123greetings.com/thank-you-card-messages-when-my-father-in-law-said-the-quiet-thing-out-loud/,post,low,4,,964,0,0,,,0,9,1,"A well-crafted, emotional story with a clear three-sentence formula, FAQ and CTAs. It needs a timeline fix and could add copy-ready examples.","• Add a box of 8–10 copy-ready three-sentence thank-you notes for unexpected gestures: from a father-in-law, uncle, old coach, mentor, neighbor, grandparent
• Add a 'what not to write' list (don't outdo the gesture, don't restate it)
• Add FAQs: How do you thank someone for a family heirloom? What do you write to a father-in-law who isn't a talker?
• Link /birthday-messages-for-father-in-law/, /fathers-day-messages/, /graduation-messages/, /graduation-card-messages-when-my-dad-struggled-with-saying-he-was-proud-of-me/, /thank-you-messages/
• Link a specific Thank You/Father eCard design directly in the CTA"
https://blog.123greetings.com/congratulations-messages/,page,low,4,,1442,62,0,75,13,0,1,14,"A solid page with 62 messages across 12 sections and working anchors. It mixes occasions with tones, has no wedding or engagement section despite the meta, and has no intro or FAQ.","• Add sections the meta and search demand call for: Engagement (6), Wedding (6), Passing an Exam/Driving Test (5), Award/Recognition (5), Pregnancy Announcement (5), Business Launch (5)
• Separate occasion sections from tone sections (two groups in the nav)
• Short intro plus a 'What to write in a congratulations card' template, and link to /what-to-write-in-a-card/
• FAQ: 'How do you say congratulations professionally?', 'Short congratulations texts', 'Congratulations vs Congrats'
• Link to /graduation-messages/, /new-baby-messages/, /engagement-messages/, /wedding-messages-to-congratulate-the-couple/, /congratulations-thankyou-messages/
• eCard CTA per section: congratulations eCards"
https://blog.123greetings.com/heartfelt-mothers-day-messages-that-prove-you-were-paying-attention/,post,low,4,,1548,0,0,,,0,8,1,"A strong, memorable 1,548-word story with practical advice and a good FAQ. The only real gap is sample messages that put the 'specific moment' advice into practice.","• Add 15–20 'paying attention' sample messages that each name a specific moment: 'From Daughter' (6), 'From Son' (5), 'For a Mom Who Got You Through a Breakup / Hard Time' (5), 'Short Texts' (4).
• Add a template: 'Thank you for [specific night/moment]. I didn’t say it then, but ___. I noticed.'
• Add FAQ: What do you write to a mom who does everything quietly?
• Link inline to /happy-mothers-day-2026-messages-what-to-write-in-the-card/ (Danny formula) and to grandma/stepmom message pages.
• Add an eCard CTA with a scheduling reminder for next Mother’s Day."
https://blog.123greetings.com/everyday-messages/,page,low,4,,2214,111,0,,,0,3,25,"A solid 111-message page across 12 everyday sections. It needs a proofreading pass (Goodmorning, emoji placeholders, near-duplicates, “Stay hard!”), a split of the mixed “You are Welcome” section, and short intros per section.","• Split “You are Welcome” into “Welcome Home / Welcome Back” and “You’re Welcome (Replying to Thanks)”, with 6–8 messages each.
• Rename “Have a Great Day” to “Good Afternoon & Evening”, or add 10 true have-a-great-day wishes.
• Grow the thin sections: Thinking of You (4 → 12), Get Well Soon (4 → 12), Monday Blues (2 → 8).
• New sections: “Thank You” (12), “Congratulations” (10), “Encouragement / You’ve Got This” (10) and a separate “Happy Friday” (8).
• A two-line intro at the top, plus a per-section eCard CTA (Good Morning, Get Well Soon, Sorry and Miss You eCards).
• FAQs: What’s a nice random message to send someone? How do I say good morning in a unique way? What do I write in a get-well card?
• Link /friendship-messages-here-for-you/, /friendship-messages-for-best-friends/, /family-messages/ and /five-minutes-with-bob-11th-july/ (reconnecting)."
