url,type,status,sitemap,title,title_len,meta_desc_len,h1_count,words,messages,empty_blocks,title_claims,shortfall,dup_in_page,msgs_also_on_other_pages,faqs,inlinks,thin,published,modified
https://blog.123greetings.com/,page,200,page,Card Messages & What to Write in a Card | 123Greetings Blog,59,108,1,362,0,0,,,0,0,0,667,,2026-05-11T06:10:38+00:00,2026-09-30T07:05:27+00:00
https://blog.123greetings.com/13th-july-your-weekly-bobcast/,post,200,post,"13th JULY: Your Weekly Bobcast! - 123Greetings Blog - Free eCards, Card Message Ideas & What to Write in Any Greeting Card",122,137,1,721,0,0,,,0,0,0,11,,2026-07-12T10:00:18+00:00,
https://blog.123greetings.com/15th-june-your-weekly-bobcast/,post,200,post,"15th JUNE: Your Weekly Bobcast - 123Greetings Blog - Free eCards, Card Message Ideas & What to Write in Any Greeting Card",121,137,1,590,0,0,,,0,0,0,21,,2026-06-14T10:00:18+00:00,2026-06-19T11:59:44+00:00
https://blog.123greetings.com/19th-may-your-week-with-bob/,post,200,post,"19th May: Your Week With Bob - 123Greetings Blog - Free eCards, Card Message Ideas & What to Write in Any Greeting Card",119,141,2,583,0,0,,,0,0,0,14,,2026-05-19T10:00:19+00:00,2026-05-22T12:23:00+00:00
https://blog.123greetings.com/1st-june-your-weekly-bobcast/,post,200,post,"1st JUNE: Your Weekly Bobcast - 123Greetings Blog - Free eCards, Card Message Ideas & What to Write in Any Greeting Card",120,141,1,653,0,0,,,0,0,0,14,,2026-06-01T05:29:53+00:00,2026-06-04T10:00:39+00:00
https://blog.123greetings.com/22nd-june-your-weekly-bobcast/,post,200,post,"22nd JUNE: Your Weekly Bobcast - 123Greetings Blog - Free eCards, Card Message Ideas & What to Write in Any Greeting Card",121,119,1,422,0,0,,,0,0,0,14,,2026-06-21T10:00:20+00:00,2026-06-21T10:02:24+00:00
https://blog.123greetings.com/24th-may-your-weekly-bobcast/,post,200,post,"24th May: Your Weekly Bobcast - 123Greetings Blog - Free eCards, Card Message Ideas & What to Write in Any Greeting Card",120,138,1,784,0,0,,,0,0,0,11,,2026-05-24T10:00:15+00:00,2026-05-26T12:45:02+00:00
https://blog.123greetings.com/29th-june-your-weekly-bobcast/,post,200,post,"29th JUNE: Your Weekly Bobcast - 123Greetings Blog - Free eCards, Card Message Ideas & What to Write in Any Greeting Card",121,137,1,615,0,0,,,0,0,0,16,,2026-06-28T10:00:41+00:00,
https://blog.123greetings.com/4th-of-july-messages/,page,200,page,100+ 4th of July Messages — Patriotic Wishes & Quotes,53,141,1,1737,77,0,100,23,0,0,7,1,,2026-06-20T07:20:07+00:00,2026-06-23T11:15:12+00:00
https://blog.123greetings.com/6th-july-your-weekly-bobcast/,post,200,post,"6th JULY: Your Weekly Bobcast - 123Greetings Blog - Free eCards, Card Message Ideas & What to Write in Any Greeting Card",120,140,1,656,0,0,,,0,0,0,16,,2026-07-05T10:00:16+00:00,
https://blog.123greetings.com/7th-june-your-weekly-bobcast/,post,200,post,"7th JUNE: Your Weekly Bobcast - 123Greetings Blog - Free eCards, Card Message Ideas & What to Write in Any Greeting Card",120,137,1,687,0,0,,,0,0,0,17,,2026-06-07T10:00:55+00:00,
https://blog.123greetings.com/about-us/,page,200,page,About 123Greetings Blog – The People Behind the Cards,53,112,1,343,0,0,,,0,0,0,665,,2025-11-25T09:00:03+00:00,2026-06-04T10:39:20+00:00
https://blog.123greetings.com/all-saints-day-messages/,page,200,page,All Saints’ Day Messages and Greetings | 123Greetings,53,120,1,301,5,0,,,0,0,4,1,yes,2026-09-23T05:22:50+00:00,2026-09-23T06:15:08+00:00
https://blog.123greetings.com/always-live-better-than-yesterday-day-messages/,page,200,page,25+ Live Better Than Yesterday Day Messages & Wishes,52,139,2,133,6,0,25,19,0,0,0,1,yes,2026-06-27T08:20:15+00:00,2026-06-29T06:31:19+00:00
https://blog.123greetings.com/angel-week-messages/,page,200,page,Angel Week Messages & Wishes | 123Greetings,43,129,1,332,5,0,,,0,0,5,1,yes,2026-08-13T13:03:50+00:00,2026-08-13T13:11:37+00:00
https://blog.123greetings.com/anniversary-messages-for-aunt/,page,200,page,"Anniversary Messages for Aunt, Fun & Heartfelt",46,126,1,112,6,0,,,0,0,0,1,yes,2026-08-22T07:18:10+00:00,2026-08-22T09:21:00+00:00
https://blog.123greetings.com/anniversary-messages-for-boss/,page,200,page,50+ Work Anniversary Wishes for Boss — Professional & Warm,58,140,2,321,15,0,50,35,0,0,0,1,,2026-05-20T12:48:19+00:00,2026-07-02T12:50:17+00:00
https://blog.123greetings.com/anniversary-messages-for-boyfriend/,page,200,page,100+ Anniversary Wishes for Boyfriend — Romantic & Sweet,56,139,2,201,11,0,100,89,0,0,0,1,yes,2026-05-20T11:52:20+00:00,2026-06-15T08:09:57+00:00
https://blog.123greetings.com/anniversary-messages-for-brother/,page,200,page,"100+ Anniversary Wishes for Brother, Heartfelt & Warm Meta Title",64,141,2,84,3,0,100,97,0,0,0,1,yes,2026-05-20T11:55:55+00:00,2026-06-17T11:49:56+00:00
https://blog.123greetings.com/anniversary-messages-for-co-worker/,page,200,page,Work Anniversary Messages for Coworker - Warm & Professional,60,140,2,214,9,0,,,0,0,0,1,yes,2026-05-20T12:51:19+00:00,2026-07-14T05:28:55+00:00
https://blog.123greetings.com/anniversary-messages-for-customers/,page,200,page,40+ Business Anniversary Messages for Customers — Grateful,58,135,2,399,21,0,40,19,0,0,0,1,,2026-05-20T12:46:49+00:00,2026-07-02T12:44:36+00:00
https://blog.123greetings.com/anniversary-messages-for-dad/,page,200,page,50+ Anniversary Wishes for Dad — Heartfelt & Warm,49,138,2,239,12,0,50,38,0,0,0,1,yes,2026-05-20T11:48:41+00:00,2026-06-15T08:14:48+00:00
https://blog.123greetings.com/anniversary-messages-for-daughter/,page,200,page,75+ Anniversary Wishes for Daughter — Proud & Loving,52,128,2,316,15,0,75,60,0,0,0,1,,2026-05-20T11:17:38+00:00,2026-09-15T13:23:47+00:00
https://blog.123greetings.com/anniversary-messages-for-employee/,page,200,page,Anniversary Messages for Employee: Work Anniversary Wishes,58,130,2,128,7,0,,,0,0,0,1,yes,2026-05-20T12:49:42+00:00,2026-06-15T07:25:50+00:00
https://blog.123greetings.com/anniversary-messages-for-fiance/,page,200,page,50+ Anniversary Wishes for Fiance — Loving & Heartfelt,54,132,2,328,14,0,50,36,0,0,0,1,,2026-05-20T11:57:33+00:00,2026-06-18T05:30:00+00:00
https://blog.123greetings.com/anniversary-messages-for-fiancee/,page,200,page,Anniversary Messages for Fiancee: Romantic Wishes & Quotes,58,140,2,256,14,0,,,0,0,0,1,yes,2026-05-20T11:21:40+00:00,2026-09-16T13:16:17+00:00
https://blog.123greetings.com/anniversary-messages-for-friends/,page,200,page,50+ Anniversary Wishes for Friends — Warm & Cheerful,52,129,2,154,5,0,50,45,0,0,0,1,yes,2026-05-20T12:05:14+00:00,2026-07-14T05:23:11+00:00
https://blog.123greetings.com/anniversary-messages-for-girlfriend/,page,200,page,75+ Anniversary Wishes for Girlfriend — Romantic & Sweet,56,138,2,248,16,0,75,59,0,0,0,1,yes,2026-05-20T11:15:45+00:00,2026-07-03T12:26:44+00:00
https://blog.123greetings.com/anniversary-messages-for-granddaughter/,page,200,page,"Anniversary Messages for Granddaughter, from the Heart",54,124,1,116,6,0,,,0,0,0,1,yes,2026-08-22T07:07:16+00:00,2026-09-17T05:54:15+00:00
https://blog.123greetings.com/anniversary-messages-for-grandma/,page,200,page,"Anniversary Messages for Grandma, Wholesome & Sweet",51,127,1,128,6,0,,,0,0,0,1,yes,2026-08-22T07:13:31+00:00,2026-09-17T05:55:23+00:00
https://blog.123greetings.com/anniversary-messages-for-grandpa/,page,200,page,Anniversary Wishes for Grandpa | Heartfelt Messages,51,128,1,193,5,0,,,0,0,0,1,yes,2026-09-01T09:57:43+00:00,2026-09-01T10:02:47+00:00
https://blog.123greetings.com/anniversary-messages-for-grandparents/,page,200,page,100+ Anniversary Wishes for Grandparents — Proud & Loving,57,139,2,294,16,0,100,84,0,0,0,1,yes,2026-05-20T12:03:00+00:00,2026-06-26T10:35:02+00:00
https://blog.123greetings.com/anniversary-messages-for-grandson/,page,200,page,Anniversary Wishes for Grandson | Loving Messages,49,125,1,189,5,0,,,0,0,0,1,yes,2026-09-01T10:06:09+00:00,2026-09-01T10:12:42+00:00
https://blog.123greetings.com/anniversary-messages-for-husband/,page,200,page,100+ Anniversary Wishes for Husband — Romantic & Loving,55,127,2,207,8,0,100,92,0,0,0,1,yes,2026-05-20T11:50:23+00:00,2026-09-17T05:59:06+00:00
https://blog.123greetings.com/anniversary-messages-for-in-laws/,page,200,page,75+ Anniversary Wishes for In-Laws — Warm & Respectful,54,136,2,163,7,0,75,68,0,0,0,1,yes,2026-05-20T12:07:21+00:00,2026-07-14T05:25:32+00:00
https://blog.123greetings.com/anniversary-messages-for-mom/,page,200,page,50+ Anniversary Wishes for Mom — Loving & Heartfelt,51,124,2,313,16,0,50,34,0,0,0,1,,2026-05-20T11:09:31+00:00,2026-09-15T12:59:14+00:00
https://blog.123greetings.com/anniversary-messages-for-mother-in-law/,page,200,page,Happy Anniversary Wishes for Mother-in-Law | Sweet Messages,59,138,1,151,6,0,,,0,0,0,1,yes,2026-08-27T06:57:12+00:00,2026-09-17T05:57:47+00:00
https://blog.123greetings.com/anniversary-messages-for-neighbours/,page,200,page,Anniversary Messages for Neighbours | 123Greetings,50,141,1,104,5,0,,,0,0,0,1,yes,2026-08-31T07:27:04+00:00,2026-08-31T07:56:51+00:00
https://blog.123greetings.com/anniversary-messages-for-niece/,page,200,page,Happy Anniversary Wishes for Niece | Heartfelt Messages,55,139,1,154,7,0,,,0,0,0,1,yes,2026-08-27T06:32:56+00:00,2026-09-17T05:56:36+00:00
https://blog.123greetings.com/anniversary-messages-for-parents/,page,200,page,75+ Anniversary Wishes for Parents — Heartfelt & Proud,54,130,2,158,5,0,75,70,0,0,0,1,yes,2026-05-20T12:01:16+00:00,2026-07-14T05:21:01+00:00
https://blog.123greetings.com/anniversary-messages-for-siblings/,page,200,page,Anniversary Messages for Siblings | 123Greetings,48,114,1,100,5,0,,,0,0,0,1,yes,2026-08-31T07:21:40+00:00,2026-08-31T07:54:14+00:00
https://blog.123greetings.com/anniversary-messages-for-sister/,page,200,page,60+ Anniversary Wishes for Sister — Heartfelt & Warm,52,130,2,319,17,0,60,43,0,0,0,1,,2026-05-20T11:19:18+00:00,2026-07-03T12:28:10+00:00
https://blog.123greetings.com/anniversary-messages-for-son/,page,200,page,50+ Anniversary Wishes for Son — Proud & Heartfelt,50,118,2,203,11,0,50,39,0,0,0,1,yes,2026-05-20T11:53:42+00:00,2026-06-15T08:04:10+00:00
https://blog.123greetings.com/anniversary-messages-for-stepmother/,page,200,page,Anniversary wishes for Step Mom – Celebrating Her & Dad,55,108,1,114,7,0,,,0,0,0,1,yes,2026-08-27T09:25:25+00:00,2026-08-27T09:29:09+00:00
https://blog.123greetings.com/anniversary-messages-for-uncle/,page,200,page,Anniversary Wishes for Uncle | Heartfelt Messages,49,137,1,83,5,0,,,0,0,0,1,yes,2026-09-01T10:35:43+00:00,2026-09-01T10:40:26+00:00
https://blog.123greetings.com/anniversary-messages-for-wife/,page,200,page,100+ Anniversary Wishes for Wife — Romantic & Heartfelt,55,139,2,154,6,0,100,94,0,0,0,1,yes,2026-05-20T11:13:45+00:00,2026-07-03T12:26:31+00:00
https://blog.123greetings.com/anniversary-messages/,page,200,page,250+ Anniversary Messages — Heartfelt Wishes for Everyone,57,138,1,135,0,0,250,250,0,0,0,2,yes,2026-05-20T10:21:49+00:00,2026-09-01T10:44:36+00:00
https://blog.123greetings.com/april-fools-day-messages/,page,200,page,50+ April Fools' Day Messages — Funny Wishes & Pranks,53,136,2,44,2,0,50,48,0,0,0,1,yes,2026-05-27T10:13:27+00:00,2026-05-28T12:10:38+00:00
https://blog.123greetings.com/archive/,page,200,page,All Posts – Card Messages & Wishes | 123Greetings Blog,54,139,1,209,0,0,,,0,0,0,0,yes,2026-04-13T07:40:52+00:00,2026-04-28T10:05:10+00:00
https://blog.123greetings.com/at-work-messages/,page,200,page,50+ Workplace Messages — Professional Wishes for Colleagues,59,125,2,188,6,0,50,44,0,0,0,0,yes,2026-05-27T08:18:10+00:00,2026-06-01T09:55:35+00:00
https://blog.123greetings.com/author/iblog123greetingsgmail-com/,author,200,author,"Bob, Author at 123Greetings Blog - Free eCards, Card Message Ideas & What to Write in Any Greeting Card",103,0,1,10,0,0,,,0,0,0,411,,,
https://blog.123greetings.com/author/iblog123greetingsgmail-com/page/2/,author,200,,"Bob, Author at 123Greetings Blog - Free eCards, Card Message Ideas & What to Write in Any Greeting Card - Page 2 of 5",117,0,1,19,0,0,,,0,0,0,3,,,
https://blog.123greetings.com/author/iblog123greetingsgmail-com/page/3/,author,200,,"Bob, Author at 123Greetings Blog - Free eCards, Card Message Ideas & What to Write in Any Greeting Card - Page 3 of 5",117,0,1,21,0,0,,,0,0,0,4,,,
https://blog.123greetings.com/author/iblog123greetingsgmail-com/page/4/,author,200,,"Bob, Author at 123Greetings Blog - Free eCards, Card Message Ideas & What to Write in Any Greeting Card - Page 4 of 5",117,0,1,20,0,0,,,0,0,0,3,,,
https://blog.123greetings.com/author/iblog123greetingsgmail-com/page/5/,author,200,,"Bob, Author at 123Greetings Blog - Free eCards, Card Message Ideas & What to Write in Any Greeting Card - Page 5 of 5",117,0,1,21,0,0,,,0,0,0,4,,,
https://blog.123greetings.com/be-an-angel-day-messages/,page,200,page,Best Be an Angel Day Messages to Brighten Someone's Day,55,135,2,348,5,0,,,0,0,5,0,yes,2026-07-18T06:10:10+00:00,2026-07-18T07:27:11+00:00
https://blog.123greetings.com/belated-anniversary-messages-for-her/,page,200,page,40+ Belated Anniversary Wishes for Her — Sweet & Sorry,54,129,2,122,6,0,40,34,0,0,0,1,yes,2026-05-20T12:54:48+00:00,2026-06-15T07:35:30+00:00
https://blog.123greetings.com/belated-anniversary-messages-for-him/,page,200,page,40+ Belated Anniversary Wishes for Him — Heartfelt & Sorry,58,137,2,100,5,0,40,35,0,0,0,1,yes,2026-05-20T12:57:10+00:00,2026-06-15T07:37:36+00:00
https://blog.123greetings.com/belated-anniversary-messages-for-sorry-i-forgot/,page,200,page,40+ Sorry I Forgot Our Anniversary Messages — Sincere Apology,61,136,2,171,7,0,40,33,0,0,0,1,yes,2026-05-20T12:59:19+00:00,2026-06-15T07:43:42+00:00
https://blog.123greetings.com/belated-birthday-messages-for-her/,page,200,page,50+ Belated Birthday Wishes for Her — Sweet & Apologetic,56,128,2,168,5,0,50,45,0,0,0,1,yes,2026-05-20T06:02:35+00:00,2026-09-15T12:52:45+00:00
https://blog.123greetings.com/belated-birthday-messages-for-him/,page,200,page,50+ Belated Birthday Wishes for Him — Funny & Heartfelt,55,127,2,165,5,0,50,45,0,0,0,1,yes,2026-05-20T06:05:08+00:00,2026-09-15T12:53:51+00:00
https://blog.123greetings.com/belated-birthday-messages-for-sorry-i-missed/,page,200,page,50+ Sorry I Missed Your Birthday Messages — Sincere & Sweet,59,136,2,117,5,0,50,45,0,0,0,1,yes,2026-05-20T06:12:23+00:00,2026-09-15T12:56:24+00:00
https://blog.123greetings.com/birthday-card-messages-when-my-brother-and-i-stopped-talking-about-things-that-mattered/,post,200,post,"Birthday Card Messages: When My Brother and I Stopped Talking About Things That Mattered - 123Greetings Blog - Free eCards, Card Message Ideas & What to Write in Any Greeting Card",179,138,1,961,0,0,,,0,0,0,8,,2026-05-15T10:00:03+00:00,
https://blog.123greetings.com/birthday-message-for-dad/,page,200,page,"100+ Birthday Wishes for Dad — Heartfelt, Funny & Warm",54,129,2,226,6,0,100,94,0,0,0,2,yes,2026-05-19T10:13:58+00:00,2026-09-08T13:42:02+00:00
https://blog.123greetings.com/birthday-messages-for-across-the-miles/,page,200,page,50+ Long Distance Birthday Wishes — Across the Miles,52,121,2,284,12,0,50,38,0,0,0,1,yes,2026-05-19T12:51:28+00:00,2026-06-26T08:08:09+00:00
https://blog.123greetings.com/birthday-messages-for-aquarius/,page,200,page,50+ Birthday Wishes for Aquarius — Unique & Visionary,53,134,2,133,5,0,50,45,0,0,0,1,yes,2026-05-20T05:58:53+00:00,2026-08-08T07:05:33+00:00
https://blog.123greetings.com/birthday-messages-for-aries/,page,200,page,50+ Birthday Wishes for Aries — Bold & Fiery Messages,53,131,2,102,5,0,50,45,0,0,0,1,yes,2026-05-20T05:38:53+00:00,2026-09-15T12:15:11+00:00
https://blog.123greetings.com/birthday-messages-for-aunt/,page,200,page,"75+ Birthday Wishes for Aunt — Warm, Funny & Loving",51,123,2,121,6,0,75,69,0,0,0,1,yes,2026-05-18T13:20:37+00:00,2026-07-03T12:38:00+00:00
https://blog.123greetings.com/birthday-messages-for-best-friend/,page,200,page,100+ Birthday Wishes for Best Friend — Funny & Sweet,52,131,2,143,5,0,100,95,0,0,0,1,yes,2026-05-19T12:44:07+00:00,2026-09-11T12:02:11+00:00
https://blog.123greetings.com/birthday-messages-for-boss/,page,200,page,50+ Professional Birthday Wishes for Your Boss (2026),53,128,2,143,6,0,50,44,0,0,0,1,yes,2026-05-19T12:45:54+00:00,2026-09-11T12:03:20+00:00
https://blog.123greetings.com/birthday-messages-for-boyfriend/,page,200,page,100+ Birthday Wishes for Boyfriend — Romantic & Sweet,53,141,2,102,5,0,100,95,0,0,0,1,yes,2026-05-19T11:51:26+00:00,2026-09-08T13:44:07+00:00
https://blog.123greetings.com/birthday-messages-for-brother/,page,200,page,100+ Birthday Wishes for Brother — Funny & Heartfelt,52,133,2,167,5,0,100,95,0,0,0,1,yes,2026-05-19T11:57:15+00:00,2026-09-11T11:05:46+00:00
https://blog.123greetings.com/birthday-messages-for-cancer/,page,200,page,50+ Birthday Wishes for Cancer — Warm & Heartfelt,49,130,2,120,5,0,50,45,0,0,0,1,yes,2026-05-20T05:44:59+00:00,2026-08-08T06:49:07+00:00
https://blog.123greetings.com/birthday-messages-for-capricorn/,page,200,page,50+ Birthday Wishes for Capricorn — Ambitious & Steady,54,128,2,140,5,0,50,45,0,0,0,1,yes,2026-05-20T05:56:07+00:00,2026-09-08T11:25:11+00:00
https://blog.123greetings.com/birthday-messages-for-co-worker/,page,200,page,50+ Birthday Wishes for Coworker — Professional & Friendly,58,134,2,155,5,0,50,45,0,0,0,1,yes,2026-05-19T12:47:51+00:00,2026-07-25T07:15:26+00:00
https://blog.123greetings.com/birthday-messages-for-daughter/,page,200,page,100+ Birthday Wishes for Daughter — Heartfelt & Proud,53,141,2,185,6,0,100,94,0,1,0,2,yes,2026-05-18T12:58:59+00:00,2026-07-25T07:08:06+00:00
https://blog.123greetings.com/birthday-messages-for-father-in-law/,page,200,page,50+ Birthday Wishes for Father-in-Law — Warm & Sincere,54,123,2,106,5,0,50,45,0,0,0,1,yes,2026-05-19T12:31:59+00:00,2026-07-25T06:46:14+00:00
https://blog.123greetings.com/birthday-messages-for-gemini/,page,200,page,50+ Birthday Wishes for Gemini — Witty & Fun Messages,53,131,2,107,5,0,50,45,0,0,0,1,yes,2026-05-20T05:43:33+00:00,2026-08-06T06:51:32+00:00
https://blog.123greetings.com/birthday-messages-for-girlfriend/,page,200,page,120+ Birthday Wishes for Girlfriend — Romantic & Cute,53,141,2,124,6,0,120,114,0,0,0,1,yes,2026-05-18T12:53:24+00:00,2026-09-08T13:18:39+00:00
https://blog.123greetings.com/birthday-messages-for-granddaughter/,page,200,page,80+ Birthday Wishes for Granddaughter — Proud & Sweet,53,126,2,345,18,0,80,62,0,0,0,1,,2026-05-18T13:15:20+00:00,2026-07-03T12:39:43+00:00
https://blog.123greetings.com/birthday-messages-for-grandma/,page,200,page,100+ Birthday Wishes for Grandma — Heartfelt & Loving,53,134,2,335,17,0,100,83,0,0,0,1,,2026-05-18T13:12:40+00:00,2026-06-01T12:42:28+00:00
https://blog.123greetings.com/birthday-messages-for-grandpa/,page,200,page,80+ Birthday Wishes for Grandpa — Loving & Heartfelt,52,132,2,107,5,0,80,75,0,0,0,1,yes,2026-05-19T12:16:21+00:00,2026-07-03T12:47:41+00:00
https://blog.123greetings.com/birthday-messages-for-grandson/,page,200,page,80+ Birthday Wishes for Grandson — Proud & Heartfelt,52,123,2,134,7,0,80,73,0,0,0,1,yes,2026-05-19T12:22:04+00:00,2026-09-11T12:00:13+00:00
https://blog.123greetings.com/birthday-messages-for-husband/,page,200,page,120+ Birthday Wishes for Husband — Romantic & Funny,51,134,2,171,6,0,120,114,0,0,0,2,yes,2026-05-19T10:17:53+00:00,2026-07-25T07:11:37+00:00
https://blog.123greetings.com/birthday-messages-for-leo/,page,200,page,50+ Birthday Wishes for Leo — Bold & Radiant Messages,53,134,2,129,5,0,50,45,0,0,0,1,yes,2026-05-20T05:46:31+00:00,2026-08-08T06:52:00+00:00
https://blog.123greetings.com/birthday-messages-for-libra/,page,200,page,50+ Birthday Wishes for Libra — Charming & Balanced,51,136,2,149,5,0,50,45,0,0,0,1,yes,2026-05-20T05:50:35+00:00,2026-08-08T06:58:20+00:00
https://blog.123greetings.com/birthday-messages-for-mom/,page,200,page,"115+ Birthday Messages for Mom — Heartfelt, Funny & Sweet",57,139,2,300,7,0,115,108,0,0,0,2,yes,2026-05-18T08:09:51+00:00,2026-09-08T13:16:21+00:00
https://blog.123greetings.com/birthday-messages-for-mother-in-law/,page,200,page,65+ Birthday Wishes for Mother-in-Law — Warm & Respectful,57,129,2,108,6,0,65,59,0,0,0,1,yes,2026-05-18T13:24:48+00:00,2026-07-25T06:48:43+00:00
https://blog.123greetings.com/birthday-messages-for-nephew/,page,200,page,"60+ Birthday Wishes for Nephew — Proud, Fun & Loving",52,115,2,103,5,0,60,55,0,0,0,1,yes,2026-05-19T12:30:11+00:00,2026-07-25T06:44:44+00:00
https://blog.123greetings.com/birthday-messages-for-niece/,page,200,page,"80+ Birthday Wishes for Niece — Sweet, Proud & Fun",50,120,2,155,7,0,80,73,0,0,0,1,yes,2026-05-18T13:22:21+00:00,2026-07-25T06:41:00+00:00
https://blog.123greetings.com/birthday-messages-for-pisces/,page,200,page,50+ Birthday Wishes for Pisces — Dreamy & Heartfelt,51,133,2,129,5,0,50,45,0,0,0,1,yes,2026-05-20T06:00:57+00:00,2026-09-15T12:33:58+00:00
https://blog.123greetings.com/birthday-messages-for-sagittarius/,page,200,page,50+ Birthday Wishes for Sagittarius — Adventurous & Free,56,134,2,146,5,0,50,45,0,0,0,1,yes,2026-05-20T05:54:38+00:00,2026-08-08T07:01:49+00:00
https://blog.123greetings.com/birthday-messages-for-scorpio/,page,200,page,50+ Birthday Wishes for Scorpio — Deep & Passionate,51,124,2,143,5,0,50,45,0,0,0,1,yes,2026-05-20T05:53:16+00:00,2026-09-15T12:30:52+00:00
https://blog.123greetings.com/birthday-messages-for-sister/,page,200,page,"100+ Birthday Wishes for Sister — Funny, Loving & Sweet",55,127,2,202,6,0,100,94,0,0,0,1,yes,2026-05-18T13:08:31+00:00,2026-09-08T13:23:24+00:00
https://blog.123greetings.com/birthday-messages-for-son/,page,200,page,100+ Birthday Wishes for Son — Proud & Heartfelt (2026),55,123,2,187,8,0,100,92,1,1,0,2,yes,2026-05-19T11:54:33+00:00,2026-09-11T11:58:05+00:00
https://blog.123greetings.com/birthday-messages-for-stepfather/,page,200,page,40+ Birthday Wishes for Stepdad — Thoughtful & Genuine,54,127,2,145,6,0,40,34,0,0,0,1,yes,2026-05-19T12:34:32+00:00,2026-09-11T11:11:58+00:00
https://blog.123greetings.com/birthday-messages-for-stepmother/,page,200,page,40+ Birthday Wishes for Stepmom — Thoughtful & Warm,51,118,2,113,5,0,40,35,0,0,0,1,yes,2026-05-18T13:26:41+00:00,2026-07-03T12:36:38+00:00
https://blog.123greetings.com/birthday-messages-for-sweet-16/,page,200,page,75+ Sweet 16 Birthday Wishes — Fun & Heartfelt Messages,55,138,2,125,5,0,75,70,0,0,0,1,yes,2026-05-19T13:22:24+00:00,2026-09-11T12:04:32+00:00
https://blog.123greetings.com/birthday-messages-for-taurus/,page,200,page,50+ Birthday Wishes for Taurus — Loyal & Grounded,49,131,2,98,5,0,50,45,0,0,0,1,yes,2026-05-20T05:41:19+00:00,2026-08-06T06:50:09+00:00
https://blog.123greetings.com/birthday-messages-for-teacher/,page,200,page,50+ Birthday Wishes for Teacher — Respectful & Warm,51,130,1,245,11,0,50,39,0,0,0,1,yes,2026-05-19T12:49:28+00:00,2026-06-26T09:37:43+00:00
https://blog.123greetings.com/birthday-messages-for-uncle/,page,200,page,"60+ Birthday Wishes for Uncle — Warm, Funny & Heartfelt",55,132,2,123,6,0,60,54,0,0,0,1,yes,2026-05-19T12:26:42+00:00,2026-07-03T12:46:24+00:00
https://blog.123greetings.com/birthday-messages-for-virgo/,page,200,page,50+ Birthday Wishes for Virgo — Thoughtful & Graceful,53,134,2,106,5,0,50,45,0,0,0,1,yes,2026-05-20T05:47:54+00:00,2026-09-15T12:22:10+00:00
https://blog.123greetings.com/birthday-messages-for-wife/,page,200,page,150+ Birthday Wishes for Wife — Romantic & Heart Touching,57,134,2,140,4,0,150,146,0,0,0,2,yes,2026-05-18T12:48:33+00:00,2026-09-08T13:17:22+00:00
https://blog.123greetings.com/birthday-messages/,page,200,page,"500+ Birthday Messages — Heartfelt, Funny & Unique Wishes",57,140,1,189,0,0,500,500,0,0,0,3,yes,2026-05-15T06:06:31+00:00,2026-07-07T10:25:22+00:00
https://blog.123greetings.com/birthday-thankyou-messages/,page,200,page,Thank You Birthday Wishes in Return,35,125,1,293,5,0,,,0,0,5,1,yes,2026-09-22T10:01:46+00:00,2026-09-22T10:22:50+00:00
https://blog.123greetings.com/bon-voyage-messages/,page,200,page,Bon Voyage Messages: Heartfelt & Fun Wishes for Safe Travels,60,136,1,607,33,0,,,0,0,0,1,,2026-08-27T09:41:26+00:00,2026-08-27T11:50:52+00:00
https://blog.123greetings.com/bosss-day-messages/,page,200,page,Boss's Day Messages & Wishes for Your Boss,42,122,1,309,5,0,,,0,0,5,1,yes,2026-08-25T10:34:14+00:00,2026-08-25T10:45:10+00:00
https://blog.123greetings.com/business-anniversary-messages/,page,200,page,Business Anniversary Messages & Wishes,38,137,1,98,5,0,,,0,0,0,1,yes,2026-08-25T11:23:18+00:00,2026-08-25T11:49:24+00:00
https://blog.123greetings.com/canada-day-messages/,page,200,page,100+ Canada Day Messages & Wishes — Patriotic (July 1),54,139,1,712,28,0,100,72,0,0,5,1,,2026-06-22T07:14:58+00:00,2026-06-22T08:23:54+00:00
https://blog.123greetings.com/canadian-thanksgiving-messages/,page,200,page,Canadian Thanksgiving Messages & Wishes,39,139,1,345,5,0,,,0,0,5,1,yes,2026-08-25T10:23:06+00:00,2026-08-25T10:32:41+00:00
https://blog.123greetings.com/candy-corn-day-messages/,page,200,page,National Candy Corn Day Messages & Wishes | 123Greetings,56,122,1,274,5,0,,,0,0,5,1,yes,2026-08-25T12:31:03+00:00,2026-08-25T12:36:59+00:00
https://blog.123greetings.com/caring-friendship-messages/,page,200,page,Caring Messages for Friends: Heartfelt & Thoughtful Wishes,58,135,1,453,8,0,,,0,0,5,1,yes,2026-09-17T10:32:23+00:00,2026-09-18T06:53:50+00:00
https://blog.123greetings.com/category/123greetings/,category,200,category,"123greetings Archives - 123Greetings Blog - Free eCards, Card Message Ideas & What to Write in Any Greeting Card",112,0,1,10,0,0,,,0,0,0,4,,,
https://blog.123greetings.com/category/123greetings/page/2/,category,200,,"123greetings Archives - Page 2 of 5 - 123Greetings Blog - Free eCards, Card Message Ideas & What to Write in Any Greeting Card",126,0,1,19,0,0,,,0,0,0,3,,,
https://blog.123greetings.com/category/123greetings/page/3/,category,200,,"123greetings Archives - Page 3 of 5 - 123Greetings Blog - Free eCards, Card Message Ideas & What to Write in Any Greeting Card",126,0,1,21,0,0,,,0,0,0,4,,,
https://blog.123greetings.com/category/123greetings/page/4/,category,200,,"123greetings Archives - Page 4 of 5 - 123Greetings Blog - Free eCards, Card Message Ideas & What to Write in Any Greeting Card",126,0,1,20,0,0,,,0,0,0,3,,,
https://blog.123greetings.com/category/123greetings/page/5/,category,200,,"123greetings Archives - Page 5 of 5 - 123Greetings Blog - Free eCards, Card Message Ideas & What to Write in Any Greeting Card",126,0,1,21,0,0,,,0,0,0,4,,,
https://blog.123greetings.com/chocolate-day-messages/,page,200,page,Chocolate Day Wishes: Sweet Messages to Share,45,107,1,335,10,0,,,0,0,5,1,,2026-06-23T12:55:15+00:00,2026-09-02T13:51:49+00:00
https://blog.123greetings.com/chocolate-milk-day-messages/,page,200,page,Chocolate Milk Day Messages & Wishes | 123Greetings,51,112,1,322,5,0,,,0,0,5,1,yes,2026-08-13T13:12:54+00:00,2026-08-13T13:23:17+00:00
https://blog.123greetings.com/clergy-appreciation-day-messages/,page,200,page,Clergy Appreciation Day Messages & Wishes,41,126,1,346,5,0,,,0,0,5,2,yes,2026-08-22T06:42:40+00:00,2026-08-22T06:52:14+00:00
https://blog.123greetings.com/colleagues-thankyou-messages/,page,200,page,Thank You Colleagues – Messages for the Team,44,118,1,329,5,0,,,0,0,5,1,yes,2026-09-25T11:21:58+00:00,2026-09-25T12:02:40+00:00
https://blog.123greetings.com/columbus-day-messages/,page,200,page,Columbus Day Messages & Wishes |123Greetings,44,141,1,334,5,0,,,0,0,5,1,yes,2026-09-15T08:20:09+00:00,2026-09-15T09:21:34+00:00
https://blog.123greetings.com/company-anniversary-messages/,page,200,page,Company Anniversary Messages & Wishes,37,128,1,114,5,0,,,0,0,0,1,yes,2026-08-25T11:05:50+00:00,2026-08-25T11:14:59+00:00
https://blog.123greetings.com/congratulations-card-messages-when-i-realized-id-quietly-let-an-old-friendship-drift/,post,200,post,"Congratulations Card Messages: When I Realized I’d Quietly Let an Old Friendship Drift - 123Greetings Blog - Free eCards, Card Message Ideas & What to Write in Any Greeting Card",177,141,1,947,0,0,,,0,0,0,11,,2026-05-14T10:00:50+00:00,
https://blog.123greetings.com/congratulations-messages/,page,200,page,75+ Congratulations Messages — Warm & Inspiring Wishes,54,141,1,1442,62,0,75,13,0,0,0,1,,2026-05-27T07:31:08+00:00,2026-08-22T07:35:39+00:00
https://blog.123greetings.com/congratulations-thankyou-messages/,page,200,page,Thank You Messages for Congratulations Received,47,122,1,317,5,0,,,0,0,5,1,yes,2026-09-25T11:50:31+00:00,2026-09-25T12:03:36+00:00
https://blog.123greetings.com/contact-us/,page,200,page,Contact 123Greetings Blog – Suggest a Topic or Get in Touch,59,121,1,86,0,0,,,0,0,0,665,yes,2025-11-25T09:00:14+00:00,2026-06-03T10:17:34+00:00
https://blog.123greetings.com/cousins-day-messages/,page,200,page,Cousins Day Messages: Heartwarming Wishes for Family Favorites,62,138,2,276,5,0,,,0,0,5,1,yes,2026-07-21T12:25:28+00:00,2026-07-22T07:14:26+00:00
https://blog.123greetings.com/cute-messages/,page,200,page,Cute Messages for Your Partner: Sweet Everyday Texts to Share,61,133,2,249,7,0,,,0,0,3,1,yes,2026-07-14T05:46:47+00:00,2026-09-15T07:35:11+00:00
https://blog.123greetings.com/dailies-thankyou-messages/,page,200,page,Thank You Dailies – Everyday Gratitude Messages,47,125,1,331,5,0,,,0,0,5,1,yes,2026-09-18T10:37:24+00:00,2026-09-22T10:20:49+00:00
https://blog.123greetings.com/dance-day-messages/,page,200,page,30+ International Dance Day Messages & Wishes (Apr 29),54,137,2,111,6,0,30,24,0,0,0,1,yes,2026-06-27T07:37:04+00:00,2026-06-29T06:28:29+00:00
https://blog.123greetings.com/dating-anniversary-messages/,page,200,page,Dating Anniversary Messages & Wishes,36,132,1,119,5,0,,,0,0,0,1,yes,2026-08-22T06:13:58+00:00,2026-08-22T08:23:44+00:00
https://blog.123greetings.com/day-of-the-dead-messages/,page,200,page,Fascinating Day of the Dead Messages & Greetings | 123Greetings,63,107,1,329,5,0,,,0,0,4,1,yes,2026-09-23T05:32:56+00:00,2026-09-23T05:47:10+00:00
https://blog.123greetings.com/daylight-saving-time-ends-messages/,page,200,page,Daylight Saving Time Ends: Messages & Wishes | 123Greetings,59,114,1,336,5,0,,,0,0,4,1,yes,2026-09-26T06:42:15+00:00,2026-09-26T06:52:19+00:00
https://blog.123greetings.com/dessert-day-messages/,page,200,page,Dessert Day Messages for the Sweetest Person,44,116,1,347,5,0,,,0,0,5,1,yes,2026-09-14T08:15:10+00:00,2026-09-14T08:24:25+00:00
https://blog.123greetings.com/earth-day-messages/,page,200,page,"50+ Earth Day Messages & Wishes — Inspire, Share, Act",53,119,2,88,4,0,50,46,0,0,0,1,yes,2026-05-27T09:19:29+00:00,2026-05-28T12:48:39+00:00
https://blog.123greetings.com/easter-messages/,page,200,page,"75+ Easter Messages & Wishes — Warm, Joyful & Blessed",53,137,2,31,2,0,75,73,0,0,0,1,yes,2026-05-27T10:09:03+00:00,2026-05-28T12:09:49+00:00
https://blog.123greetings.com/engagement-messages/,page,200,page,100+ Engagement Wishes — Congratulations to the Couple!,55,142,2,45,1,0,100,99,0,0,0,1,yes,2026-06-01T09:46:44+00:00,2026-06-02T11:07:40+00:00
https://blog.123greetings.com/everyday-messages/,page,200,page,Everyday Messages & Wishes — Brighten Someone's Day,51,137,1,2214,111,0,,,0,0,0,3,,2026-05-27T06:01:45+00:00,2026-06-22T10:39:03+00:00
https://blog.123greetings.com/fall-messages/,page,200,page,Fall Wishes & Seasonal Ecards to Send,37,126,1,335,10,0,,,0,0,5,1,,2026-08-08T07:56:04+00:00,2026-08-08T08:05:26+00:00
https://blog.123greetings.com/family-messages/,page,200,page,60+ Family Messages — Loving Wishes for Your Loved Ones,55,132,1,427,25,0,60,35,0,0,0,2,,2026-05-27T07:48:46+00:00,2026-06-01T13:30:29+00:00
https://blog.123greetings.com/fathers-day-messages/,page,200,page,100+ Father's Day Messages — Heartfelt Wishes for Dad,53,135,1,1872,47,0,100,53,1,0,7,1,,2026-06-01T10:42:26+00:00,2026-06-19T13:25:42+00:00
https://blog.123greetings.com/first-love-day-messages/,page,200,page,First Love Day Messages & Wishes | 123Greetings,47,141,1,317,5,0,,,0,0,5,1,yes,2026-08-11T12:09:58+00:00,2026-08-11T12:20:24+00:00
https://blog.123greetings.com/five-minutes-with-bob-11th-july/,post,200,post,A Couple of Minutes | Five Minutes With Bob,43,137,1,316,0,0,,,0,0,0,18,,2026-07-11T13:00:46+00:00,2026-07-31T11:23:10+00:00
https://blog.123greetings.com/five-minutes-with-bob-13th-july/,post,200,post,"Five Minutes With Bob - 123Greetings Blog - Free eCards, Card Message Ideas & What to Write in Any Greeting Card",112,110,1,357,0,0,,,0,0,0,21,,2026-07-13T13:00:21+00:00,2026-07-28T11:27:04+00:00
https://blog.123greetings.com/five-minutes-with-bob-1st-august/,post,200,post,Aunt Helen's 50th Birthday | Five Minutes With Bob,50,121,1,398,0,0,,,0,0,0,63,,2026-08-01T13:00:24+00:00,
https://blog.123greetings.com/five-minutes-with-bob-27th-july/,post,200,post,"Five Minutes With Bob - 123Greetings Blog - Free eCards, Card Message Ideas & What to Write in Any Greeting Card",112,131,1,351,0,0,,,0,0,0,70,,2026-07-27T13:00:04+00:00,
https://blog.123greetings.com/five-minutes-with-bob-28th-july/,post,200,post,"Five Minutes With Bob - 123Greetings Blog - Free eCards, Card Message Ideas & What to Write in Any Greeting Card",112,140,1,331,0,0,,,0,0,0,65,,2026-07-28T13:00:05+00:00,
https://blog.123greetings.com/five-minutes-with-bob-29th-july/,post,200,post,"Five Minutes With Bob - 123Greetings Blog - Free eCards, Card Message Ideas & What to Write in Any Greeting Card",112,141,1,436,0,0,,,0,0,0,66,,2026-07-29T13:00:59+00:00,
https://blog.123greetings.com/five-minutes-with-bob-2nd-august/,post,200,post,An Unusual Luxury | Five Minutes With Bob,41,131,1,391,0,0,,,0,0,0,63,,2026-08-02T13:00:52+00:00,
https://blog.123greetings.com/five-minutes-with-bob-30th-july/,post,200,post,"Five Minutes With Bob - 123Greetings Blog - Free eCards, Card Message Ideas & What to Write in Any Greeting Card",112,132,1,455,0,0,,,0,0,0,65,,2026-07-30T13:00:51+00:00,
https://blog.123greetings.com/five-minutes-with-bob-31st-july/,post,200,post,"Five Minutes With Bob - 123Greetings Blog - Free eCards, Card Message Ideas & What to Write in Any Greeting Card",112,125,1,359,0,0,,,0,0,0,62,,2026-07-31T13:00:52+00:00,
https://blog.123greetings.com/five-minutes-with-bob/,post,200,post,"Five Minutes With Bob - 123Greetings Blog - Free eCards, Card Message Ideas & What to Write in Any Greeting Card",112,135,1,380,0,0,,,0,0,0,4,,2026-07-12T13:00:05+00:00,2026-07-29T11:18:01+00:00
https://blog.123greetings.com/friendship-anniversary-messages/,page,200,page,Friendship Anniversary Messages & Wishes,40,124,1,104,5,0,,,0,0,0,1,yes,2026-08-25T11:51:16+00:00,2026-08-25T11:55:38+00:00
https://blog.123greetings.com/friendship-day-messages/,page,200,page,75+ Friendship Day Messages & Wishes — Fun & Heartfelt,54,136,2,393,6,0,75,69,0,0,5,2,yes,2026-06-01T11:56:48+00:00,2026-07-18T10:14:59+00:00
https://blog.123greetings.com/friendship-messages-for-best-friends/,page,200,page,"Best Friend Messages: Funny, Heartfelt & Wishes",47,136,1,386,8,0,,,0,0,5,1,yes,2026-09-16T09:44:58+00:00,2026-09-22T09:21:25+00:00
https://blog.123greetings.com/friendship-messages-for-friends-forever/,page,200,page,Friends Forever Messages: Heartfelt & Fun Friendship Wishes,59,110,1,319,6,0,,,0,0,5,1,yes,2026-09-16T10:48:45+00:00,2026-09-22T09:27:20+00:00
https://blog.123greetings.com/friendship-messages-here-for-you/,page,200,page,Here for You Messages for Friends | 123Greetings,48,126,1,333,5,0,,,0,0,5,1,yes,2026-09-22T07:32:29+00:00,2026-09-22T08:04:47+00:00
https://blog.123greetings.com/friendship-messages/,page,200,page,Top Friendship Messages That will Rekindle The Bond,51,134,1,552,0,0,,,0,0,5,3,,2026-09-16T12:37:38+00:00,2026-09-22T09:43:41+00:00
https://blog.123greetings.com/friendship-week/,page,200,page,"Friendship Week Messages- Wishes, Quotes & Greetings",52,111,2,439,10,0,,,0,0,5,1,,2026-07-15T05:35:24+00:00,2026-07-18T05:35:49+00:00
https://blog.123greetings.com/funny-belated-birthday-messages/,page,200,page,50+ Funny Belated Birthday Wishes — Hilarious & Late,52,134,2,168,6,0,50,44,0,0,0,1,yes,2026-05-20T06:06:37+00:00,2026-08-04T07:15:59+00:00
https://blog.123greetings.com/funny-friendship-messages/,page,200,page,Funny Messages for Friends: Witty & Humorous Wishes,51,113,1,480,10,0,,,0,0,5,1,,2026-09-17T11:10:21+00:00,2026-09-18T06:58:10+00:00
https://blog.123greetings.com/get-well-soon-messages/,page,200,page,"100+ Get Well Soon Messages - Warm, Heartfelt & Caring",54,140,1,624,18,0,100,82,0,0,0,3,,2026-06-22T08:06:35+00:00,2026-06-22T09:42:25+00:00
https://blog.123greetings.com/girlfriends-day-messages/,page,200,page,"Girlfriend's Day Messages, Wishes & Greetings",45,130,2,312,5,0,,,0,0,5,0,yes,2026-07-18T06:24:42+00:00,2026-07-18T06:34:46+00:00
https://blog.123greetings.com/graduation-card-messages-when-my-dad-struggled-with-saying-he-was-proud-of-me/,post,200,post,"Graduation Card Messages: When My Dad Struggled with Saying He Was Proud of Me - 123Greetings Blog - Free eCards, Card Message Ideas & What to Write in Any Greeting Card",169,139,1,862,0,0,,,0,0,0,9,,2026-05-12T10:00:27+00:00,2026-05-12T10:09:23+00:00
https://blog.123greetings.com/graduation-messages/,page,200,page,100+ Graduation Wishes — What to Write in a Grad Card,53,134,2,598,20,0,100,80,0,0,0,1,,2026-05-27T10:02:09+00:00,2026-06-01T07:16:05+00:00
https://blog.123greetings.com/grandparents-day-messages/,page,200,page,"Grandparents Day Messages, Wishes & Heartfelt Greetings",55,125,2,281,5,0,,,0,0,5,1,yes,2026-07-23T10:31:52+00:00,2026-07-23T10:57:18+00:00
https://blog.123greetings.com/guardian-angel-day-messages/,page,200,page,Guardian Angel Day Wishes & Messages | 123Greetings,51,112,1,364,5,0,,,0,0,5,2,yes,2026-09-03T09:49:32+00:00,2026-09-03T10:02:57+00:00
https://blog.123greetings.com/guy-fawkes-day-messages/,page,200,page,"Guy Fawkes Day Messages & Wishes: Fun, Bright & Festive",55,141,1,336,5,0,,,0,0,4,1,yes,2026-09-26T06:53:38+00:00,2026-09-26T06:59:31+00:00
https://blog.123greetings.com/halloween-messages/,page,200,page,"Halloween Messages & Wishes: Spooky, Funny & Fun",48,137,1,356,11,0,,,0,0,5,2,,2026-09-10T06:24:48+00:00,2026-09-10T10:58:06+00:00
https://blog.123greetings.com/happiness-happens-day-messages/,page,200,page,"Happiness Happens Day Wishes, Messages & Greetings",50,141,1,328,5,0,,,0,0,5,1,yes,2026-08-04T09:42:33+00:00,2026-08-04T09:53:33+00:00
https://blog.123greetings.com/happy-mothers-day-2026-messages-what-to-write-in-the-card/,post,200,post,"Happy Mother’s Day 2026 Messages: What to Write in the Card - 123Greetings Blog - Free eCards, Card Message Ideas & What to Write in Any Greeting Card",150,136,1,1268,0,0,,,0,0,0,10,,2026-05-10T10:00:41+00:00,
https://blog.123greetings.com/heartfelt-belated-birthday-messages/,page,200,page,50+ Heartfelt Belated Birthday Wishes — Sincere & Sweet,55,135,2,103,4,0,50,46,0,0,0,1,yes,2026-05-20T06:10:40+00:00,2026-08-08T07:07:55+00:00
https://blog.123greetings.com/heartfelt-mothers-day-messages-that-prove-you-were-paying-attention/,post,200,post,"Heartfelt Mother’s Day Messages That Prove You Were Paying Attention - 123Greetings Blog - Free eCards, Card Message Ideas & What to Write in Any Greeting Card",159,136,1,1548,0,0,,,0,0,0,8,,2026-05-03T10:00:55+00:00,
https://blog.123greetings.com/honey-month-messages/,page,200,page,Honey Month Messages for the One Who Sweetens Life,50,111,1,302,8,0,,,0,0,5,1,yes,2026-08-17T05:59:09+00:00,2026-08-17T10:39:41+00:00
https://blog.123greetings.com/hug-week-messages/,page,200,page,30+ Hug Week Messages & Wishes — Warm & Heartfelt,49,136,2,92,5,0,30,25,0,0,0,1,yes,2026-06-27T07:29:29+00:00,2026-06-29T06:26:08+00:00
https://blog.123greetings.com/hug-your-sweetheart-day-messages/,page,200,page,Hug Your Sweetheart Day Messages – Wishes & Greetings,53,140,2,349,5,0,,,0,0,5,1,yes,2026-07-14T06:22:02+00:00,2026-07-14T12:05:30+00:00
https://blog.123greetings.com/ice-cream-day-messages/,page,200,page,30+ National Ice Cream Day Messages & Wishes — Sweet!,53,138,2,107,6,0,30,24,0,0,0,1,yes,2026-06-27T07:20:57+00:00,2026-06-29T06:22:49+00:00
https://blog.123greetings.com/inspiration-messages-motivation/,page,200,page,Motivation Messages & Inspirational Words | 123Greetings,56,132,1,775,19,0,,,0,0,4,1,,2026-09-24T11:04:46+00:00,2026-09-25T12:58:33+00:00
https://blog.123greetings.com/inspiration-messages-you-can-do-it/,page,200,page,You Can Do It Messages & Encouraging Words | 123Greetings,57,135,1,687,17,0,,,0,0,4,1,,2026-09-24T10:54:14+00:00,2026-09-25T12:53:48+00:00
https://blog.123greetings.com/inspiration-messages/,page,200,page,"Inspiration Messages - 123Greetings Blog - Free eCards, Card Message Ideas & What to Write in Any Greeting Card",111,0,1,489,0,0,,,0,0,5,1,,2026-09-24T10:23:26+00:00,2026-09-25T13:10:07+00:00
https://blog.123greetings.com/international-cat-day-messages/,page,200,page,International Cat Day: Fun & Quirky Messages for Cat Lovers,59,128,2,352,5,0,,,0,0,5,1,yes,2026-07-18T07:47:28+00:00,2026-07-18T10:07:03+00:00
https://blog.123greetings.com/international-daughters-day-messages/,page,200,page,International Daughter's Day Wishes & Messages,46,142,1,386,5,0,,,0,0,5,1,yes,2026-08-05T10:28:25+00:00,2026-08-05T11:07:14+00:00
https://blog.123greetings.com/international-kissing-day-messages/,page,200,page,30+ International Kissing Day Messages & Wishes (Jul 6),55,134,2,72,4,0,30,26,0,0,0,1,yes,2026-06-20T07:38:13+00:00,2026-06-22T06:58:01+00:00
https://blog.123greetings.com/international-sunflower-day-messages/,page,200,page,Sunflower Day Messages: Warm Wishes to Brighten Their Day,57,130,2,370,11,0,,,0,0,5,1,,2026-07-18T07:28:17+00:00,2026-07-18T09:55:02+00:00
https://blog.123greetings.com/international-yoga-day-messages/,page,200,page,50+ International Yoga Day Messages & Wishes (Jun 21),53,134,2,44,2,0,50,48,0,0,0,1,yes,2026-06-10T07:34:30+00:00,2026-06-10T12:08:14+00:00
https://blog.123greetings.com/invitation-messages/,page,200,page,"Invitation Messages for Birthdays, Anniversaries & More",55,114,1,205,6,0,,,0,0,3,1,yes,2026-07-14T05:59:15+00:00,2026-09-15T07:13:16+00:00
https://blog.123greetings.com/invitation-thankyou-messages/,page,200,page,Thank You Invitations for Being Included,40,116,1,319,5,0,,,0,0,5,1,yes,2026-09-25T11:14:45+00:00,2026-09-25T11:59:47+00:00
https://blog.123greetings.com/just-because-day/,page,200,page,Just Because Day Messages- Sweet Messages & Greetings,53,135,2,307,4,0,,,0,0,5,0,yes,2026-07-15T05:27:46+00:00,2026-07-18T06:21:57+00:00
https://blog.123greetings.com/keep-in-touch-messages/,page,200,page,Keep in Touch Messages: Fun Ways to Stay Connected,50,134,2,234,5,0,,,0,0,3,1,yes,2026-07-14T05:53:37+00:00,2026-09-15T07:31:34+00:00
https://blog.123greetings.com/kiss-and-make-up-day-messages/,page,200,page,Kiss and Make Up Day Messages & Wishes,38,133,1,431,5,0,,,0,0,5,1,yes,2026-08-06T07:39:30+00:00,2026-08-06T07:49:12+00:00
https://blog.123greetings.com/labor-day-messages/,page,200,page,Labor Day Messages: 50+ Warm & Meaningful Wishes,48,128,1,519,12,0,50,38,2,0,5,1,,2026-07-25T07:22:45+00:00,2026-09-02T13:28:56+00:00
https://blog.123greetings.com/longest-kiss-day-messages/,page,200,page,Longest Kiss Day Messages for Your Special Someone,50,125,1,334,7,0,,,0,0,5,1,yes,2026-08-17T05:44:21+00:00,2026-08-17T10:41:59+00:00
https://blog.123greetings.com/love-messages-for-wife-the-thank-you-i-owed-my-wife-for-two-years/,post,200,post,"Love Messages for Wife: The Thank-You I Owed My Wife for Two Years - 123Greetings Blog - Free eCards, Card Message Ideas & What to Write in Any Greeting Card",157,139,1,926,0,0,,,0,0,0,9,,2026-05-13T10:00:50+00:00,2026-05-13T10:29:17+00:00
https://blog.123greetings.com/love-messages/,page,200,page,"100+ Love Messages — Romantic, Sweet & Deeply Heartfelt",55,129,1,609,38,0,100,62,0,0,0,2,,2026-05-27T07:19:44+00:00,2026-08-08T06:41:46+00:00
https://blog.123greetings.com/love-note-day-messages/,page,200,page,Love Note Day Messages & Wishes | 123Greetings,46,141,1,331,5,0,,,0,0,5,1,yes,2026-08-11T12:30:30+00:00,2026-08-11T12:42:10+00:00
https://blog.123greetings.com/love-thankyou-messages/,page,200,page,"Thank You Love Messages, Sweet & Heartfelt",42,116,1,350,7,0,,,0,0,5,1,yes,2026-09-22T10:09:46+00:00,2026-09-22T10:26:51+00:00
https://blog.123greetings.com/messages-for-100th-birthday/,page,200,page,40+ Happy 100th Birthday Wishes — A Century Celebrated,54,131,2,120,5,0,40,35,0,0,0,1,yes,2026-05-19T13:47:37+00:00,2026-08-06T06:47:55+00:00
https://blog.123greetings.com/messages-for-10th-anniversary/,page,200,page,50+ 10th Anniversary Wishes — A Decade of Love (2026),53,136,2,205,8,0,50,42,0,1,0,1,yes,2026-05-20T12:16:34+00:00,2026-07-14T05:32:44+00:00
https://blog.123greetings.com/messages-for-13th-birthday/,page,200,page,50+ Happy 13th Birthday Wishes — Official Teenager!,51,121,2,158,6,0,50,44,0,0,0,1,yes,2026-05-19T13:20:08+00:00,2026-07-03T13:04:16+00:00
https://blog.123greetings.com/messages-for-15th-anniversary/,page,200,page,50+ 15th Anniversary Wishes — Crystal to China,46,134,2,102,6,0,50,44,0,0,0,1,yes,2026-05-20T12:20:25+00:00,2026-07-06T09:52:54+00:00
https://blog.123greetings.com/messages-for-18th-birthday/,page,200,page,60+ Happy 18th Birthday Wishes — Welcome to Adulthood!,54,139,2,283,10,0,60,50,0,0,0,1,yes,2026-05-19T13:24:19+00:00,2026-09-11T11:56:31+00:00
https://blog.123greetings.com/messages-for-1st-anniversary/,page,200,page,50+ 1st Anniversary Wishes — Romantic & Sweet Messages,54,138,2,181,8,0,50,42,0,0,0,1,yes,2026-05-20T12:12:17+00:00,2026-07-14T05:30:55+00:00
https://blog.123greetings.com/messages-for-1st-birthday/,page,200,page,80+ Happy 1st Birthday Wishes — Sweet Messages for Baby,55,138,2,76,4,0,80,76,0,0,0,1,yes,2026-05-19T13:17:25+00:00,2026-07-03T13:04:24+00:00
https://blog.123greetings.com/messages-for-20th-anniversary/,page,200,page,50+ 20th Anniversary Wishes — Crystal to China,46,134,2,114,7,0,50,43,0,0,0,1,yes,2026-07-06T09:33:19+00:00,2026-07-07T05:49:38+00:00
https://blog.123greetings.com/messages-for-21st-birthday/,page,200,page,60+ Happy 21st Birthday Wishes — Funny & Inspiring,50,138,2,206,9,0,60,51,0,1,0,1,yes,2026-05-19T13:25:50+00:00,2026-09-11T12:06:54+00:00
https://blog.123greetings.com/messages-for-25th-anniversary/,page,200,page,75+ 25th Anniversary Wishes — Silver Jubilee Messages,53,134,2,150,5,0,75,70,0,1,0,1,yes,2026-05-20T12:23:52+00:00,2026-07-03T12:17:16+00:00
https://blog.123greetings.com/messages-for-30th-anniversary/,page,200,page,30th Anniversary Wishes for a Special Celebration | 123Greetings,64,135,1,144,5,0,,,0,0,0,1,yes,2026-05-20T12:26:01+00:00,2026-09-01T07:49:39+00:00
https://blog.123greetings.com/messages-for-30th-birthday/,page,200,page,60+ Happy 30th Birthday Wishes — Funny & Heartfelt,50,136,2,210,9,0,60,51,0,1,0,1,yes,2026-05-19T13:28:15+00:00,2026-09-11T12:08:09+00:00
https://blog.123greetings.com/messages-for-40th-anniversary/,page,200,page,40th Anniversary Wishes for a Special Celebration | 123Greetings,64,139,1,119,5,0,,,0,0,0,1,yes,2026-09-01T07:51:12+00:00,2026-09-01T07:56:05+00:00
https://blog.123greetings.com/messages-for-40th-birthday/,page,200,page,60+ Happy 40th Birthday Wishes — Witty & Warm (2026),52,137,2,230,11,0,60,49,0,1,0,1,yes,2026-05-19T13:29:39+00:00,2026-09-11T12:10:22+00:00
https://blog.123greetings.com/messages-for-50th-anniversary/,page,200,page,50+ 50th Anniversary Wishes — Golden Jubilee Messages,53,135,2,133,4,0,50,46,0,1,0,1,yes,2026-05-20T12:27:39+00:00,2026-07-03T12:19:21+00:00
https://blog.123greetings.com/messages-for-50th-birthday/,page,200,page,60+ Happy 50th Birthday Wishes — Inspiring & Funny,50,133,2,92,5,0,60,55,0,0,0,1,yes,2026-05-19T13:31:41+00:00,2026-09-11T12:12:43+00:00
https://blog.123greetings.com/messages-for-5th-anniversary/,page,200,page,50+ 5th Anniversary Wishes — Wood Anniversary Messages,54,134,2,30,1,0,50,49,0,0,0,1,yes,2026-05-20T12:14:07+00:00,2026-07-03T12:31:39+00:00
https://blog.123greetings.com/messages-for-60th-anniversary/,page,200,page,50+ 60th Anniversary Wishes — Diamond Jubilee Messages,54,133,2,123,6,0,50,44,0,0,0,1,yes,2026-05-20T12:29:01+00:00,2026-07-10T09:35:28+00:00
https://blog.123greetings.com/messages-for-60th-birthday/,page,200,page,60+ Happy 60th Birthday Wishes — Warm & Celebratory,51,140,2,183,6,0,60,54,0,0,0,1,yes,2026-05-19T13:33:41+00:00,2026-09-11T12:15:51+00:00
https://blog.123greetings.com/messages-for-70th-birthday/,page,200,page,60+ Happy 70th Birthday Wishes — Warm & Celebratory,51,129,2,178,6,0,60,54,0,0,0,1,yes,2026-05-19T13:35:36+00:00,2026-08-06T06:41:53+00:00
https://blog.123greetings.com/messages-for-75th-anniversary/,page,200,page,50+ 75th Anniversary Wishes — Diamond Jubilee Messages,54,139,2,147,7,0,50,43,0,0,0,1,yes,2026-05-20T12:30:29+00:00,2026-06-15T07:23:19+00:00
https://blog.123greetings.com/messages-for-80th-birthday/,page,200,page,60+ Happy 80th Birthday Wishes — Heartfelt & Inspiring,54,135,2,92,5,0,60,55,0,0,0,1,yes,2026-05-19T13:44:16+00:00,2026-08-06T06:43:58+00:00
https://blog.123greetings.com/messages-for-90th-birthday/,page,200,page,60+ Happy 90th Birthday Wishes — Honoring 9 Decades,51,130,2,122,5,0,60,55,0,0,0,1,yes,2026-05-19T13:46:04+00:00,2026-08-06T06:46:10+00:00
https://blog.123greetings.com/more-inspiration-messages/,page,200,page,80+ Words of Encouragement — Uplifting & Inspiring Messages,59,129,1,918,60,0,80,20,0,0,0,1,,2026-06-01T07:32:34+00:00,2026-09-25T13:07:42+00:00
https://blog.123greetings.com/more-wedding-messages/,page,200,page,More Wedding Messages For Every Mood | 123Greetings,51,109,1,533,23,0,,,0,0,5,1,,2026-09-09T11:48:22+00:00,2026-09-09T13:36:14+00:00
https://blog.123greetings.com/mothers-day-card-ideas-12-things-my-mom-used-to-say-that-finally-make-sense-now/,post,200,post,"Mother’s Day Card Ideas: 12 Things My Mom Used to Say That Finally Make Sense Now - 123Greetings Blog - Free eCards, Card Message Ideas & What to Write in Any Greeting Card",172,138,1,1365,0,0,,,0,0,0,7,,2026-04-30T05:48:13+00:00,2026-04-30T06:53:59+00:00
https://blog.123greetings.com/mothers-day-card-messages-for-grandma-funny-heartfelt/,post,200,post,"Mother’s Day Card Messages for Grandma: Funny & Heartfelt - 123Greetings Blog - Free eCards, Card Message Ideas & What to Write in Any Greeting Card",148,131,1,1254,0,0,,,0,0,0,10,,2026-05-08T10:00:10+00:00,
https://blog.123greetings.com/mothers-day-messages-for-mom-what-to-write-when-she-saved-it-all/,post,200,post,"Mother’s Day Messages for Mom: What to Write When She Saved It All - 123Greetings Blog - Free eCards, Card Message Ideas & What to Write in Any Greeting Card",157,133,1,1397,0,0,,,0,0,0,9,,2026-05-01T10:00:15+00:00,
https://blog.123greetings.com/mothers-day-messages-for-mother-in-law-what-to-write/,post,200,post,"Mother’s Day Messages for Mother-in-Law: What to Write - 123Greetings Blog - Free eCards, Card Message Ideas & What to Write in Any Greeting Card",145,138,1,1163,0,0,,,0,0,0,11,,2026-05-06T10:00:04+00:00,
https://blog.123greetings.com/mothers-day-messages-for-someone-who-lost-their-mom/,post,200,post,"Mother’s Day Messages for Someone Who Lost Their Mom - 123Greetings Blog - Free eCards, Card Message Ideas & What to Write in Any Greeting Card",143,138,1,1322,0,0,,,0,0,0,6,,2026-05-07T10:00:49+00:00,
https://blog.123greetings.com/mothers-day-messages-for-wife-what-she-actually-wants/,post,200,post,"Mother’s Day Messages for Wife: What She Actually Wants - 123Greetings Blog - Free eCards, Card Message Ideas & What to Write in Any Greeting Card",146,141,1,1457,0,0,,,0,0,0,8,,2026-05-04T10:00:32+00:00,
https://blog.123greetings.com/mothers-day-messages-from-son-what-to-write-when-you-live-far-away/,post,200,post,"Mother’s Day Messages From Son: What to Write When You Live Far Away - 123Greetings Blog - Free eCards, Card Message Ideas & What to Write in Any Greeting Card",159,130,1,1532,0,0,,,0,0,0,10,,2026-05-02T10:00:01+00:00,
https://blog.123greetings.com/mothers-day-messages/,page,200,page,125+ Mother's Day Messages — Heartfelt Wishes for Mom,53,135,2,1462,29,0,125,96,0,0,0,1,,2026-06-01T09:58:20+00:00,2026-06-02T11:08:54+00:00
https://blog.123greetings.com/mothers-day-wishes-for-stepmom-50-heartfelt-card-messages/,post,200,post,"Mother’s Day Wishes for Stepmom: 50+ Heartfelt Card Messages - 123Greetings Blog - Free eCards, Card Message Ideas & What to Write in Any Greeting Card",151,131,1,1302,0,0,50,50,0,0,0,11,,2026-05-09T10:00:41+00:00,
https://blog.123greetings.com/national-best-friends-day-messages/,page,200,page,50+ National Best Friends Day Messages & Wishes (Jun 8),55,139,2,968,5,0,50,45,0,0,17,1,yes,2026-06-02T07:29:24+00:00,2026-06-02T11:50:30+00:00
https://blog.123greetings.com/national-blueberry-pie-day-messages/,page,200,page,25+ National Blueberry Pie Day Messages & Wishes,48,135,2,49,2,0,25,23,0,0,0,1,yes,2026-05-27T09:51:39+00:00,2026-05-28T12:07:09+00:00
https://blog.123greetings.com/national-cat-day-messages/,page,200,page,National Cat Day Messages & Wishes | 123Greetings,49,127,1,276,5,0,,,0,0,5,1,yes,2026-08-25T12:13:55+00:00,2026-08-25T12:28:59+00:00
https://blog.123greetings.com/national-childrens-day-messages/,page,200,page,"National Children's Day Messages, Wishes & Greetings",52,136,2,53,3,0,,,0,0,0,1,yes,2026-06-10T07:23:20+00:00,2026-06-12T09:55:51+00:00
https://blog.123greetings.com/national-coffee-day-messages/,page,200,page,National Coffee Day Messages to Warm Their Day,46,129,1,280,6,0,,,0,0,5,1,yes,2026-08-17T06:12:13+00:00,2026-08-17T10:40:54+00:00
https://blog.123greetings.com/national-day-of-encouragement-messages/,page,200,page,National Day of Encouragement Messages & Wishes,47,129,1,373,5,0,,,0,0,5,1,yes,2026-08-05T09:54:43+00:00,2026-08-05T10:07:37+00:00
https://blog.123greetings.com/national-dog-day-messages/,page,200,page,National Dog Day Wishes & Messages for Every Dog Lover,54,130,1,329,5,0,,,0,0,5,1,yes,2026-08-06T07:10:19+00:00,2026-08-06T08:08:40+00:00
https://blog.123greetings.com/national-i-love-you-day-messages/,page,200,page,National I Love You Day Messages & Wishes,41,128,1,501,14,0,,,0,0,5,1,,2026-06-01T11:19:57+00:00,2026-09-01T07:18:40+00:00
https://blog.123greetings.com/national-oatmeal-day-messages/,page,200,page,"National Oatmeal Day Messages : Grainy, Crunchy & Nutritious",60,140,1,405,5,0,,,0,0,5,1,yes,2026-09-15T08:01:33+00:00,2026-09-15T08:17:35+00:00
https://blog.123greetings.com/national-relaxation-day-messages/,page,200,page,Happy National Relaxation Day Messages & Wishes,47,134,1,291,5,0,,,0,0,5,1,yes,2026-08-04T10:03:36+00:00,2026-08-04T10:12:03+00:00
https://blog.123greetings.com/national-tap-dance-day-messages/,page,200,page,30+ National Tap Dance Day Messages & Wishes (May 25),53,134,2,81,4,0,30,26,1,0,0,1,yes,2026-05-27T09:31:07+00:00,2026-05-28T12:05:24+00:00
https://blog.123greetings.com/national-thank-you-day-messages/,page,200,page,National Thank You Day Messages & Wishes | 123Greetings,55,137,1,371,5,0,,,0,0,5,1,yes,2026-08-11T11:57:41+00:00,2026-08-11T12:08:01+00:00
https://blog.123greetings.com/new-baby-messages/,page,200,page,"New Baby Messages & Wishes: Heartfelt, Cute & Funny",51,106,1,894,40,0,,,0,0,4,2,,2026-08-18T06:16:34+00:00,2026-09-16T05:17:32+00:00
https://blog.123greetings.com/parents-day-messages/,page,200,page,100+ Parents Day Messages & Wishes — Heartfelt & Loving,55,129,2,387,11,0,100,89,0,0,5,1,,2026-06-27T08:07:30+00:00,2026-07-22T07:10:04+00:00
https://blog.123greetings.com/penci-block/footer/,other,200,penci-block,"Footer - 123Greetings Blog - Free eCards, Card Message Ideas & What to Write in Any Greeting Card",97,0,0,26,0,0,,,0,0,0,0,,2022-07-26T13:16:36+00:00,2026-04-09T06:44:01+00:00
https://blog.123greetings.com/penci-block/mega-menu/,other,200,penci-block,"Mega Menu - 123Greetings Blog - Free eCards, Card Message Ideas & What to Write in Any Greeting Card",100,0,0,44,0,0,,,0,0,0,0,,2022-07-27T13:18:22+00:00,2025-10-06T06:25:46+00:00
https://blog.123greetings.com/positive-thinking-day-messages/,page,200,page,Positive Thinking Day Messages & Wishes | 123Greetings,54,111,1,343,5,0,,,0,0,5,1,yes,2026-08-14T12:02:30+00:00,2026-08-14T12:13:02+00:00
https://blog.123greetings.com/pumpkin-day-messages/,page,200,page,Pumpkin Day Wishes for Fall's Little Joys,41,109,1,345,6,0,,,0,0,5,1,yes,2026-09-14T07:13:16+00:00,2026-09-14T08:12:17+00:00
https://blog.123greetings.com/pumpkinfest-tennessee-messages/,page,200,page,Celebrate with Festive Pumpkinfest Wishes,41,127,1,301,5,0,,,0,0,5,1,yes,2026-09-10T06:38:47+00:00,2026-09-10T06:46:14+00:00
https://blog.123greetings.com/raksha-bandhan-messages/,page,200,page,Rakhi Messages for Siblings | Make Them Laugh & Smile,53,141,2,660,19,0,,,0,0,5,1,,2026-07-14T05:35:08+00:00,2026-07-14T12:21:10+00:00
https://blog.123greetings.com/red-rose-day-messages/,page,200,page,30+ Red Rose Day Messages & Wishes — Romantic (Jun 12),54,135,2,58,3,0,30,27,0,0,0,1,yes,2026-06-10T07:16:29+00:00,2026-06-10T09:23:09+00:00
https://blog.123greetings.com/relationship-anniversary-messages/,page,200,page,Relationship Anniversary Messages & Wishes,42,137,1,121,5,0,,,0,0,0,1,yes,2026-08-22T05:57:59+00:00,2026-08-22T08:20:18+00:00
https://blog.123greetings.com/romance-awareness-month-messages/,page,200,page,Romance Awareness Month Wishes & Romantic Messages,50,141,2,445,5,0,,,0,0,5,1,yes,2026-07-14T13:42:21+00:00,2026-07-14T13:53:28+00:00
https://blog.123greetings.com/romance-day-messages/,page,200,page,Romance Day Messages to Celebrate Love & Togetherness,53,139,2,321,5,0,,,0,0,5,1,yes,2026-07-14T13:28:06+00:00,2026-07-14T13:40:17+00:00
https://blog.123greetings.com/rosh-hashanah-messages/,page,200,page,"Rosh Hashanah Messages, Wishes & New Year Greetings",51,138,2,698,21,0,,,0,0,5,1,,2026-07-23T10:14:13+00:00,2026-08-08T07:45:14+00:00
https://blog.123greetings.com/samhain-messages/,page,200,page,"Samhain Festival: Messages, Wishes & Celtic Traditions",54,136,1,333,5,0,,,0,0,5,1,yes,2026-09-10T11:03:01+00:00,2026-09-10T11:18:36+00:00
https://blog.123greetings.com/say-hey-day-messages/,page,200,page,"Say Hey Day 2026: Heartfelt Wishes, Quotes & Ideas",50,142,1,374,5,0,,,0,0,5,1,yes,2026-09-07T06:56:06+00:00,2026-09-07T07:11:18+00:00
https://blog.123greetings.com/send-a-smile-day-messages/,page,200,page,Send a Smile Day Wishes & Messages | 123Greetings,49,136,1,320,5,0,,,0,0,5,1,yes,2026-09-03T10:05:04+00:00,2026-09-03T10:13:49+00:00
https://blog.123greetings.com/senior-citizen-day-messages/,page,200,page,"Senior Citizen Day Messages, Wishes & Greetings",47,116,2,372,10,0,,,0,0,5,0,,2026-07-18T05:50:41+00:00,2026-07-18T07:24:51+00:00
https://blog.123greetings.com/september-flower-month-messages/,page,200,page,September Birth Flowers: Aster & Morning Glory | 123Greetings,61,133,1,305,5,0,,,0,0,5,1,yes,2026-08-11T12:45:13+00:00,2026-08-11T12:52:06+00:00
https://blog.123greetings.com/smile-month-messages/,page,200,page,"Smile Month Messages: Wishes, Quotes & Greetings",48,133,2,502,14,0,,,0,0,5,1,,2026-07-14T12:42:57+00:00,2026-07-18T07:14:01+00:00
https://blog.123greetings.com/sneak-a-kiss-day-messages/,page,200,page,25+ Sneak a Kiss Day Messages & Wishes — Fun & Flirty,53,139,2,68,3,0,25,22,0,0,0,1,yes,2026-06-10T07:29:22+00:00,2026-06-10T12:06:48+00:00
https://blog.123greetings.com/sorry-messages-for-coworkers-when-my-coworker-struggled-with-saying-sorry/,post,200,post,"Sorry Messages for Coworkers: When My Coworker Struggled with Saying Sorry - 123Greetings Blog - Free eCards, Card Message Ideas & What to Write in Any Greeting Card",165,114,1,952,0,0,,,0,0,0,10,,2026-05-11T10:00:28+00:00,
https://blog.123greetings.com/sorry-messages/,page,200,page,100+ Sorry Messages — Heartfelt Apologies for Any Situation,59,134,1,516,15,0,100,85,0,0,0,2,,2026-06-22T10:10:21+00:00,2026-06-23T06:11:34+00:00
https://blog.123greetings.com/spring-messages/,page,200,page,50+ Happy Spring Messages & Wishes — Fresh & Cheerful,53,129,2,249,15,0,50,35,0,0,0,1,yes,2026-05-27T09:40:55+00:00,2026-06-01T07:23:23+00:00
https://blog.123greetings.com/st-francis-day-messages/,page,200,page,"St. Francis Day: Messages, Wishes & Blessings",45,141,1,349,5,0,,,0,0,5,2,yes,2026-08-22T06:29:46+00:00,2026-08-22T06:41:12+00:00
https://blog.123greetings.com/stepfamily-day-messages/,page,200,page,"Stepfamily Day Messages, Wishes & Greetings",43,132,2,277,5,0,,,0,0,5,1,yes,2026-08-03T12:16:42+00:00,2026-08-04T06:58:33+00:00
https://blog.123greetings.com/sukkot-messages/,page,200,page,Sukkot Wishes – Send Warm Wishes & Greetings,44,123,1,317,5,0,,,0,0,5,1,yes,2026-09-10T06:47:26+00:00,2026-09-10T06:53:59+00:00
https://blog.123greetings.com/summer-messages/,page,200,page,50+ Happy Summer Messages & Wishes — Warm & Cheerful,52,135,1,937,39,0,50,11,0,0,5,2,,2026-06-01T11:06:51+00:00,2026-06-23T12:40:57+00:00
https://blog.123greetings.com/sweetest-day-messages/,page,200,page,Sweetest Day Messages & Wishes: Sweet Ways to Celebrate,55,135,1,324,5,0,,,0,0,5,1,yes,2026-09-07T05:38:13+00:00,2026-09-08T09:36:14+00:00
https://blog.123greetings.com/sympathy-condolences-messages/,page,200,page,100+ Condolence Messages — Comforting Words of Sympathy,55,129,2,331,10,0,100,90,0,0,0,2,,2026-06-01T09:22:58+00:00,2026-06-02T11:06:45+00:00
https://blog.123greetings.com/tag/123greetings-app/,tag,200,post_tag,"123Greetings app Archives - 123Greetings Blog - Free eCards, Card Message Ideas & What to Write in Any Greeting Card",116,0,1,21,0,0,,,0,0,0,0,,,
https://blog.123greetings.com/tag/123greetings-pro-app/,tag,200,post_tag,"123Greetings PRO app Archives - 123Greetings Blog - Free eCards, Card Message Ideas & What to Write in Any Greeting Card",120,0,1,21,0,0,,,0,0,0,0,,,
https://blog.123greetings.com/tag/123greetings/,tag,200,post_tag,"123greetings Archives - 123Greetings Blog - Free eCards, Card Message Ideas & What to Write in Any Greeting Card",112,0,1,21,0,0,,,0,0,0,1,,,
https://blog.123greetings.com/tag/123greetings/page/2/,tag,200,,"123greetings Archives - Page 2 of 2 - 123Greetings Blog - Free eCards, Card Message Ideas & What to Write in Any Greeting Card",126,0,1,21,0,0,,,0,0,0,1,,,
https://blog.123greetings.com/tag/23/,tag,200,post_tag,"23 Archives - 123Greetings Blog - Free eCards, Card Message Ideas & What to Write in Any Greeting Card",102,0,1,21,0,0,,,0,0,0,0,,,
https://blog.123greetings.com/tag/a-friend-in-need-is-a-friend-indeed-day/,tag,200,post_tag,"A Friend In Need Is A Friend Indeed Day Archives - 123Greetings Blog - Free eCards, Card Message Ideas & What to Write in Any Greeting Card",139,0,1,21,0,0,,,0,0,0,0,,,
https://blog.123greetings.com/tag/achieve/,tag,200,post_tag,"achieve Archives - 123Greetings Blog - Free eCards, Card Message Ideas & What to Write in Any Greeting Card",107,0,1,10,0,0,,,0,0,0,0,,,
https://blog.123greetings.com/tag/algorithm/,tag,200,post_tag,"algorithm Archives - 123Greetings Blog - Free eCards, Card Message Ideas & What to Write in Any Greeting Card",109,0,1,14,0,0,,,0,0,0,0,,,
https://blog.123greetings.com/tag/alifya/,tag,200,post_tag,"Alifya Archives - 123Greetings Blog - Free eCards, Card Message Ideas & What to Write in Any Greeting Card",106,0,1,10,0,0,,,0,0,0,0,,,
https://blog.123greetings.com/tag/alps/,tag,200,post_tag,"Alps Archives - 123Greetings Blog - Free eCards, Card Message Ideas & What to Write in Any Greeting Card",104,0,1,21,0,0,,,0,0,0,0,,,
https://blog.123greetings.com/tag/americas-250th-birthday/,tag,200,post_tag,"America’s 250th birthday Archives - 123Greetings Blog - Free eCards, Card Message Ideas & What to Write in Any Greeting Card",124,0,1,21,0,0,,,0,0,0,0,,,
https://blog.123greetings.com/tag/andrew/,tag,200,post_tag,"Andrew Archives - 123Greetings Blog - Free eCards, Card Message Ideas & What to Write in Any Greeting Card",106,0,1,5,0,0,,,0,0,0,0,,,
https://blog.123greetings.com/tag/anna-jarvis/,tag,200,post_tag,"Anna Jarvis Archives - 123Greetings Blog - Free eCards, Card Message Ideas & What to Write in Any Greeting Card",111,0,1,21,0,0,,,0,0,0,0,,,
https://blog.123greetings.com/tag/anne/,tag,200,post_tag,"Anne Archives - 123Greetings Blog - Free eCards, Card Message Ideas & What to Write in Any Greeting Card",104,0,1,5,0,0,,,0,0,0,0,,,
https://blog.123greetings.com/tag/anonymous/,tag,200,post_tag,"anonymous Archives - 123Greetings Blog - Free eCards, Card Message Ideas & What to Write in Any Greeting Card",109,0,1,9,0,0,,,0,0,0,0,,,
https://blog.123greetings.com/tag/anthropologist/,tag,200,post_tag,"anthropologist Archives - 123Greetings Blog - Free eCards, Card Message Ideas & What to Write in Any Greeting Card",114,0,1,21,0,0,,,0,0,0,0,,,
https://blog.123greetings.com/tag/anthropologists/,tag,200,post_tag,"Anthropologists Archives - 123Greetings Blog - Free eCards, Card Message Ideas & What to Write in Any Greeting Card",115,0,1,10,0,0,,,0,0,0,0,,,
https://blog.123greetings.com/tag/apartment/,tag,200,post_tag,"apartment Archives - 123Greetings Blog - Free eCards, Card Message Ideas & What to Write in Any Greeting Card",109,0,1,9,0,0,,,0,0,0,0,,,
https://blog.123greetings.com/tag/appreciated/,tag,200,post_tag,"appreciated Archives - 123Greetings Blog - Free eCards, Card Message Ideas & What to Write in Any Greeting Card",111,0,1,21,0,0,,,0,0,0,0,,,
https://blog.123greetings.com/tag/apron/,tag,200,post_tag,"Apron Archives - 123Greetings Blog - Free eCards, Card Message Ideas & What to Write in Any Greeting Card",105,0,1,21,0,0,,,0,0,0,0,,,
https://blog.123greetings.com/tag/archivists/,tag,200,post_tag,"archivists Archives - 123Greetings Blog - Free eCards, Card Message Ideas & What to Write in Any Greeting Card",110,0,1,21,0,0,,,0,0,0,0,,,
https://blog.123greetings.com/tag/assistant/,tag,200,post_tag,"assistant Archives - 123Greetings Blog - Free eCards, Card Message Ideas & What to Write in Any Greeting Card",109,0,1,18,0,0,,,0,0,0,0,,,
https://blog.123greetings.com/tag/astonishing/,tag,200,post_tag,"astonishing Archives - 123Greetings Blog - Free eCards, Card Message Ideas & What to Write in Any Greeting Card",111,0,1,10,0,0,,,0,0,0,0,,,
https://blog.123greetings.com/tag/audience/,tag,200,post_tag,"audience Archives - 123Greetings Blog - Free eCards, Card Message Ideas & What to Write in Any Greeting Card",108,0,1,14,0,0,,,0,0,0,0,,,
https://blog.123greetings.com/tag/aunt/,tag,200,post_tag,"Aunt Archives - 123Greetings Blog - Free eCards, Card Message Ideas & What to Write in Any Greeting Card",104,0,1,5,0,0,,,0,0,0,0,,,
https://blog.123greetings.com/tag/autobiography/,tag,200,post_tag,"autobiography Archives - 123Greetings Blog - Free eCards, Card Message Ideas & What to Write in Any Greeting Card",113,0,1,10,0,0,,,0,0,0,0,,,
https://blog.123greetings.com/tag/bacteria/,tag,200,post_tag,"Bacteria Archives - 123Greetings Blog - Free eCards, Card Message Ideas & What to Write in Any Greeting Card",108,0,1,21,0,0,,,0,0,0,0,,,
https://blog.123greetings.com/tag/bad-judgement/,tag,200,post_tag,"Bad judgement Archives - 123Greetings Blog - Free eCards, Card Message Ideas & What to Write in Any Greeting Card",113,0,1,21,0,0,,,0,0,0,0,,,
https://blog.123greetings.com/tag/bank-accountrelationships/,tag,200,post_tag,"bank accountrelationships Archives - 123Greetings Blog - Free eCards, Card Message Ideas & What to Write in Any Greeting Card",125,0,1,10,0,0,,,0,0,0,0,,,
https://blog.123greetings.com/tag/bastille-day/,tag,200,post_tag,"Bastille Day Archives - 123Greetings Blog - Free eCards, Card Message Ideas & What to Write in Any Greeting Card",112,0,1,17,0,0,,,0,0,0,0,,,
https://blog.123greetings.com/tag/battles/,tag,200,post_tag,"battles Archives - 123Greetings Blog - Free eCards, Card Message Ideas & What to Write in Any Greeting Card",107,0,1,15,0,0,,,0,0,0,0,,,
https://blog.123greetings.com/tag/be-a-millionaire-day/,tag,200,post_tag,"Be a Millionaire Day Archives - 123Greetings Blog - Free eCards, Card Message Ideas & What to Write in Any Greeting Card",120,0,1,21,0,0,,,0,0,0,0,,,
https://blog.123greetings.com/tag/benjamin-franklin/,tag,200,post_tag,"Benjamin Franklin Archives - 123Greetings Blog - Free eCards, Card Message Ideas & What to Write in Any Greeting Card",117,0,1,15,0,0,,,0,0,0,0,,,
https://blog.123greetings.com/tag/benjamin-graham/,tag,200,post_tag,"Benjamin Graham Archives - 123Greetings Blog - Free eCards, Card Message Ideas & What to Write in Any Greeting Card",115,0,1,6,0,0,,,0,0,0,0,,,
https://blog.123greetings.com/tag/best-friend/,tag,200,post_tag,"Best Friend Archives - 123Greetings Blog - Free eCards, Card Message Ideas & What to Write in Any Greeting Card",111,0,1,20,0,0,,,0,0,0,0,,,
https://blog.123greetings.com/tag/bicycle/,tag,200,post_tag,"bicycle Archives - 123Greetings Blog - Free eCards, Card Message Ideas & What to Write in Any Greeting Card",107,0,1,5,0,0,,,0,0,0,0,,,
https://blog.123greetings.com/tag/big-talk/,tag,200,post_tag,"Big Talk Archives - 123Greetings Blog - Free eCards, Card Message Ideas & What to Write in Any Greeting Card",108,0,1,21,0,0,,,0,0,0,0,,,
https://blog.123greetings.com/tag/biggest-decisions/,tag,200,post_tag,"biggest decisions Archives - 123Greetings Blog - Free eCards, Card Message Ideas & What to Write in Any Greeting Card",117,0,1,21,0,0,,,0,0,0,0,,,
https://blog.123greetings.com/tag/birthday-candles/,tag,200,post_tag,"Birthday Candles Archives - 123Greetings Blog - Free eCards, Card Message Ideas & What to Write in Any Greeting Card",116,0,1,14,0,0,,,0,0,0,0,,,
https://blog.123greetings.com/tag/birthday/,tag,200,post_tag,"Birthday Archives - 123Greetings Blog - Free eCards, Card Message Ideas & What to Write in Any Greeting Card",108,0,1,5,0,0,,,0,0,0,0,,,
https://blog.123greetings.com/tag/blog/,tag,200,post_tag,"blog Archives - 123Greetings Blog - Free eCards, Card Message Ideas & What to Write in Any Greeting Card",104,0,1,21,0,0,,,0,0,0,0,,,
https://blog.123greetings.com/tag/blurry/,tag,200,post_tag,"blurry Archives - 123Greetings Blog - Free eCards, Card Message Ideas & What to Write in Any Greeting Card",106,0,1,19,0,0,,,0,0,0,0,,,
https://blog.123greetings.com/tag/bob/,tag,200,post_tag,"Bob Archives - 123Greetings Blog - Free eCards, Card Message Ideas & What to Write in Any Greeting Card",103,0,1,10,0,0,,,0,0,0,4,,,
https://blog.123greetings.com/tag/bob/page/2/,tag,200,,"Bob Archives - Page 2 of 5 - 123Greetings Blog - Free eCards, Card Message Ideas & What to Write in Any Greeting Card",117,0,1,19,0,0,,,0,0,0,3,,,
https://blog.123greetings.com/tag/bob/page/3/,tag,200,,"Bob Archives - Page 3 of 5 - 123Greetings Blog - Free eCards, Card Message Ideas & What to Write in Any Greeting Card",117,0,1,21,0,0,,,0,0,0,4,,,
https://blog.123greetings.com/tag/bob/page/4/,tag,200,,"Bob Archives - Page 4 of 5 - 123Greetings Blog - Free eCards, Card Message Ideas & What to Write in Any Greeting Card",117,0,1,21,0,0,,,0,0,0,3,,,
https://blog.123greetings.com/tag/bob/page/5/,tag,200,,"Bob Archives - Page 5 of 5 - 123Greetings Blog - Free eCards, Card Message Ideas & What to Write in Any Greeting Card",117,0,1,21,0,0,,,0,0,0,4,,,
https://blog.123greetings.com/tag/bobcast/,tag,200,post_tag,"Bobcast Archives - 123Greetings Blog - Free eCards, Card Message Ideas & What to Write in Any Greeting Card",107,0,1,17,0,0,,,0,0,0,0,,,
https://blog.123greetings.com/tag/bought/,tag,200,post_tag,"bought Archives - 123Greetings Blog - Free eCards, Card Message Ideas & What to Write in Any Greeting Card",106,0,1,10,0,0,,,0,0,0,0,,,
https://blog.123greetings.com/tag/brief/,tag,200,post_tag,"brief Archives - 123Greetings Blog - Free eCards, Card Message Ideas & What to Write in Any Greeting Card",105,0,1,21,0,0,,,0,0,0,0,,,
https://blog.123greetings.com/tag/brotherhood/,tag,200,post_tag,"Brotherhood Archives - 123Greetings Blog - Free eCards, Card Message Ideas & What to Write in Any Greeting Card",111,0,1,20,0,0,,,0,0,0,0,,,
https://blog.123greetings.com/tag/brothers-day/,tag,200,post_tag,"Brother’s Day Archives - 123Greetings Blog - Free eCards, Card Message Ideas & What to Write in Any Greeting Card",113,0,1,20,0,0,,,0,0,0,0,,,
https://blog.123greetings.com/tag/business/,tag,200,post_tag,"Business Archives - 123Greetings Blog - Free eCards, Card Message Ideas & What to Write in Any Greeting Card",108,0,1,15,0,0,,,0,0,0,0,,,
https://blog.123greetings.com/tag/butterflies/,tag,200,post_tag,"butterflies Archives - 123Greetings Blog - Free eCards, Card Message Ideas & What to Write in Any Greeting Card",111,0,1,9,0,0,,,0,0,0,0,,,
https://blog.123greetings.com/tag/butterfly-day/,tag,200,post_tag,"Butterfly Day Archives - 123Greetings Blog - Free eCards, Card Message Ideas & What to Write in Any Greeting Card",113,0,1,21,0,0,,,0,0,0,0,,,
https://blog.123greetings.com/tag/canada-day/,tag,200,post_tag,"Canada Day Archives - 123Greetings Blog - Free eCards, Card Message Ideas & What to Write in Any Greeting Card",110,0,1,21,0,0,,,0,0,0,0,,,
https://blog.123greetings.com/tag/canadian/,tag,200,post_tag,"Canadian Archives - 123Greetings Blog - Free eCards, Card Message Ideas & What to Write in Any Greeting Card",108,0,1,21,0,0,,,0,0,0,0,,,
https://blog.123greetings.com/tag/capable/,tag,200,post_tag,"capable Archives - 123Greetings Blog - Free eCards, Card Message Ideas & What to Write in Any Greeting Card",107,0,1,10,0,0,,,0,0,0,0,,,
https://blog.123greetings.com/tag/carelessness/,tag,200,post_tag,"carelessness Archives - 123Greetings Blog - Free eCards, Card Message Ideas & What to Write in Any Greeting Card",112,0,1,10,0,0,,,0,0,0,0,,,
https://blog.123greetings.com/tag/casserole/,tag,200,post_tag,"Casserole Archives - 123Greetings Blog - Free eCards, Card Message Ideas & What to Write in Any Greeting Card",109,0,1,21,0,0,,,0,0,0,0,,,
https://blog.123greetings.com/tag/celebration/,tag,200,post_tag,"celebration Archives - 123Greetings Blog - Free eCards, Card Message Ideas & What to Write in Any Greeting Card",111,0,1,11,0,0,,,0,0,0,0,,,
https://blog.123greetings.com/tag/chatting/,tag,200,post_tag,"chatting Archives - 123Greetings Blog - Free eCards, Card Message Ideas & What to Write in Any Greeting Card",108,0,1,21,0,0,,,0,0,0,0,,,
https://blog.123greetings.com/tag/cheer-up-day/,tag,200,post_tag,"Cheer Up Day Archives - 123Greetings Blog - Free eCards, Card Message Ideas & What to Write in Any Greeting Card",112,0,1,21,0,0,,,0,0,0,0,,,
https://blog.123greetings.com/tag/chicago/,tag,200,post_tag,"Chicago Archives - 123Greetings Blog - Free eCards, Card Message Ideas & What to Write in Any Greeting Card",107,0,1,21,0,0,,,0,0,0,0,,,
https://blog.123greetings.com/tag/childhood-friends/,tag,200,post_tag,"Childhood friends Archives - 123Greetings Blog - Free eCards, Card Message Ideas & What to Write in Any Greeting Card",117,0,1,20,0,0,,,0,0,0,0,,,
https://blog.123greetings.com/tag/childhood/,tag,200,post_tag,"childhood Archives - 123Greetings Blog - Free eCards, Card Message Ideas & What to Write in Any Greeting Card",109,0,1,11,0,0,,,0,0,0,0,,,
https://blog.123greetings.com/tag/children/,tag,200,post_tag,"children Archives - 123Greetings Blog - Free eCards, Card Message Ideas & What to Write in Any Greeting Card",108,0,1,11,0,0,,,0,0,0,0,,,
https://blog.123greetings.com/tag/classical/,tag,200,post_tag,"Classical Archives - 123Greetings Blog - Free eCards, Card Message Ideas & What to Write in Any Greeting Card",109,0,1,14,0,0,,,0,0,0,0,,,
https://blog.123greetings.com/tag/close-friends/,tag,200,post_tag,"close friends Archives - 123Greetings Blog - Free eCards, Card Message Ideas & What to Write in Any Greeting Card",113,0,1,9,0,0,,,0,0,0,0,,,
https://blog.123greetings.com/tag/coffee/,tag,200,post_tag,"Coffee Archives - 123Greetings Blog - Free eCards, Card Message Ideas & What to Write in Any Greeting Card",106,0,1,6,0,0,,,0,0,0,0,,,
https://blog.123greetings.com/tag/colleague/,tag,200,post_tag,"colleague Archives - 123Greetings Blog - Free eCards, Card Message Ideas & What to Write in Any Greeting Card",109,0,1,18,0,0,,,0,0,0,0,,,
https://blog.123greetings.com/tag/commitment/,tag,200,post_tag,"Commitment Archives - 123Greetings Blog - Free eCards, Card Message Ideas & What to Write in Any Greeting Card",110,0,1,9,0,0,,,0,0,0,0,,,
https://blog.123greetings.com/tag/companions/,tag,200,post_tag,"companions Archives - 123Greetings Blog - Free eCards, Card Message Ideas & What to Write in Any Greeting Card",110,0,1,9,0,0,,,0,0,0,0,,,
https://blog.123greetings.com/tag/complacency/,tag,200,post_tag,"complacency Archives - 123Greetings Blog - Free eCards, Card Message Ideas & What to Write in Any Greeting Card",111,0,1,10,0,0,,,0,0,0,0,,,
https://blog.123greetings.com/tag/concept/,tag,200,post_tag,"concept Archives - 123Greetings Blog - Free eCards, Card Message Ideas & What to Write in Any Greeting Card",107,0,1,18,0,0,,,0,0,0,0,,,
https://blog.123greetings.com/tag/concert/,tag,200,post_tag,"concert Archives - 123Greetings Blog - Free eCards, Card Message Ideas & What to Write in Any Greeting Card",107,0,1,12,0,0,,,0,0,0,0,,,
https://blog.123greetings.com/tag/confidence/,tag,200,post_tag,"Confidence Archives - 123Greetings Blog - Free eCards, Card Message Ideas & What to Write in Any Greeting Card",110,0,1,10,0,0,,,0,0,0,0,,,
https://blog.123greetings.com/tag/conscious-mind/,tag,200,post_tag,"conscious mind Archives - 123Greetings Blog - Free eCards, Card Message Ideas & What to Write in Any Greeting Card",114,0,1,10,0,0,,,0,0,0,0,,,
https://blog.123greetings.com/tag/countless-comparisons/,tag,200,post_tag,"Countless comparisons Archives - 123Greetings Blog - Free eCards, Card Message Ideas & What to Write in Any Greeting Card",121,0,1,10,0,0,,,0,0,0,0,,,
https://blog.123greetings.com/tag/countless/,tag,200,post_tag,"Countless Archives - 123Greetings Blog - Free eCards, Card Message Ideas & What to Write in Any Greeting Card",109,0,1,10,0,0,,,0,0,0,0,,,
https://blog.123greetings.com/tag/crossroads/,tag,200,post_tag,"crossroads Archives - 123Greetings Blog - Free eCards, Card Message Ideas & What to Write in Any Greeting Card",110,0,1,21,0,0,,,0,0,0,0,,,
https://blog.123greetings.com/tag/crying/,tag,200,post_tag,"Crying Archives - 123Greetings Blog - Free eCards, Card Message Ideas & What to Write in Any Greeting Card",106,0,1,12,0,0,,,0,0,0,0,,,
https://blog.123greetings.com/tag/cup-of-coffee/,tag,200,post_tag,"cup of coffee Archives - 123Greetings Blog - Free eCards, Card Message Ideas & What to Write in Any Greeting Card",113,0,1,18,0,0,,,0,0,0,0,,,
https://blog.123greetings.com/tag/dark-circles/,tag,200,post_tag,"dark circles Archives - 123Greetings Blog - Free eCards, Card Message Ideas & What to Write in Any Greeting Card",112,0,1,11,0,0,,,0,0,0,0,,,
https://blog.123greetings.com/tag/daughter/,tag,200,post_tag,"daughter Archives - 123Greetings Blog - Free eCards, Card Message Ideas & What to Write in Any Greeting Card",108,0,1,21,0,0,,,0,0,0,0,,,
https://blog.123greetings.com/tag/david/,tag,200,post_tag,"David Archives - 123Greetings Blog - Free eCards, Card Message Ideas & What to Write in Any Greeting Card",105,0,1,21,0,0,,,0,0,0,0,,,
https://blog.123greetings.com/tag/deadline/,tag,200,post_tag,"deadline Archives - 123Greetings Blog - Free eCards, Card Message Ideas & What to Write in Any Greeting Card",108,0,1,14,0,0,,,0,0,0,0,,,
https://blog.123greetings.com/tag/dealership/,tag,200,post_tag,"dealership Archives - 123Greetings Blog - Free eCards, Card Message Ideas & What to Write in Any Greeting Card",110,0,1,10,0,0,,,0,0,0,0,,,
https://blog.123greetings.com/tag/delays/,tag,200,post_tag,"delays Archives - 123Greetings Blog - Free eCards, Card Message Ideas & What to Write in Any Greeting Card",106,0,1,21,0,0,,,0,0,0,0,,,
https://blog.123greetings.com/tag/delgados/,tag,200,post_tag,"Delgados Archives - 123Greetings Blog - Free eCards, Card Message Ideas & What to Write in Any Greeting Card",108,0,1,21,0,0,,,0,0,0,0,,,
https://blog.123greetings.com/tag/dependable/,tag,200,post_tag,"dependable Archives - 123Greetings Blog - Free eCards, Card Message Ideas & What to Write in Any Greeting Card",110,0,1,9,0,0,,,0,0,0,0,,,
https://blog.123greetings.com/tag/destination/,tag,200,post_tag,"Destination Archives - 123Greetings Blog - Free eCards, Card Message Ideas & What to Write in Any Greeting Card",111,0,1,10,0,0,,,0,0,0,0,,,
https://blog.123greetings.com/tag/diminished/,tag,200,post_tag,"diminished Archives - 123Greetings Blog - Free eCards, Card Message Ideas & What to Write in Any Greeting Card",110,0,1,21,0,0,,,0,0,0,0,,,
https://blog.123greetings.com/tag/dinner-with-a-group/,tag,200,post_tag,"dinner with a group Archives - 123Greetings Blog - Free eCards, Card Message Ideas & What to Write in Any Greeting Card",119,0,1,15,0,0,,,0,0,0,0,,,
https://blog.123greetings.com/tag/disagreements/,tag,200,post_tag,"disagreements Archives - 123Greetings Blog - Free eCards, Card Message Ideas & What to Write in Any Greeting Card",113,0,1,15,0,0,,,0,0,0,0,,,
https://blog.123greetings.com/tag/disappointment/,tag,200,post_tag,"disappointment Archives - 123Greetings Blog - Free eCards, Card Message Ideas & What to Write in Any Greeting Card",114,0,1,21,0,0,,,0,0,0,0,,,
https://blog.123greetings.com/tag/doctors-day/,tag,200,post_tag,"Doctor's Day Archives - 123Greetings Blog - Free eCards, Card Message Ideas & What to Write in Any Greeting Card",112,0,1,21,0,0,,,0,0,0,0,,,
https://blog.123greetings.com/tag/dog/,tag,200,post_tag,"Dog Archives - 123Greetings Blog - Free eCards, Card Message Ideas & What to Write in Any Greeting Card",103,0,1,11,0,0,,,0,0,0,0,,,
https://blog.123greetings.com/tag/dramatic/,tag,200,post_tag,"dramatic Archives - 123Greetings Blog - Free eCards, Card Message Ideas & What to Write in Any Greeting Card",108,0,1,14,0,0,,,0,0,0,0,,,
https://blog.123greetings.com/tag/effortlessly/,tag,200,post_tag,"effortlessly Archives - 123Greetings Blog - Free eCards, Card Message Ideas & What to Write in Any Greeting Card",112,0,1,9,0,0,,,0,0,0,0,,,
https://blog.123greetings.com/tag/eli/,tag,200,post_tag,"Eli Archives - 123Greetings Blog - Free eCards, Card Message Ideas & What to Write in Any Greeting Card",103,0,1,21,0,0,,,0,0,0,0,,,
https://blog.123greetings.com/tag/eloquent/,tag,200,post_tag,"eloquent Archives - 123Greetings Blog - Free eCards, Card Message Ideas & What to Write in Any Greeting Card",108,0,1,21,0,0,,,0,0,0,0,,,
https://blog.123greetings.com/tag/emergency/,tag,200,post_tag,"emergency Archives - 123Greetings Blog - Free eCards, Card Message Ideas & What to Write in Any Greeting Card",109,0,1,20,0,0,,,0,0,0,0,,,
https://blog.123greetings.com/tag/encouraged/,tag,200,post_tag,"encouraged Archives - 123Greetings Blog - Free eCards, Card Message Ideas & What to Write in Any Greeting Card",110,0,1,6,0,0,,,0,0,0,0,,,
https://blog.123greetings.com/tag/engineering/,tag,200,post_tag,"Engineering Archives - 123Greetings Blog - Free eCards, Card Message Ideas & What to Write in Any Greeting Card",111,0,1,21,0,0,,,0,0,0,0,,,
https://blog.123greetings.com/tag/entertain/,tag,200,post_tag,"entertain Archives - 123Greetings Blog - Free eCards, Card Message Ideas & What to Write in Any Greeting Card",109,0,1,9,0,0,,,0,0,0,0,,,
https://blog.123greetings.com/tag/entertaining/,tag,200,post_tag,"entertaining Archives - 123Greetings Blog - Free eCards, Card Message Ideas & What to Write in Any Greeting Card",112,0,1,10,0,0,,,0,0,0,0,,,
https://blog.123greetings.com/tag/entrepreneurs/,tag,200,post_tag,"entrepreneurs Archives - 123Greetings Blog - Free eCards, Card Message Ideas & What to Write in Any Greeting Card",113,0,1,15,0,0,,,0,0,0,0,,,
https://blog.123greetings.com/tag/europe/,tag,200,post_tag,"Europe Archives - 123Greetings Blog - Free eCards, Card Message Ideas & What to Write in Any Greeting Card",106,0,1,21,0,0,,,0,0,0,0,,,
https://blog.123greetings.com/tag/evenings/,tag,200,post_tag,"evenings Archives - 123Greetings Blog - Free eCards, Card Message Ideas & What to Write in Any Greeting Card",108,0,1,15,0,0,,,0,0,0,0,,,
https://blog.123greetings.com/tag/evidence/,tag,200,post_tag,"evidence Archives - 123Greetings Blog - Free eCards, Card Message Ideas & What to Write in Any Greeting Card",108,0,1,10,0,0,,,0,0,0,0,,,
https://blog.123greetings.com/tag/exercise/,tag,200,post_tag,"exercise Archives - 123Greetings Blog - Free eCards, Card Message Ideas & What to Write in Any Greeting Card",108,0,1,10,0,0,,,0,0,0,0,,,
https://blog.123greetings.com/tag/explanation/,tag,200,post_tag,"explanation Archives - 123Greetings Blog - Free eCards, Card Message Ideas & What to Write in Any Greeting Card",111,0,1,15,0,0,,,0,0,0,0,,,
https://blog.123greetings.com/tag/extraordinary/,tag,200,post_tag,"extraordinary Archives - 123Greetings Blog - Free eCards, Card Message Ideas & What to Write in Any Greeting Card",113,0,1,21,0,0,,,0,0,0,0,,,
https://blog.123greetings.com/tag/familiar/,tag,200,post_tag,"familiar Archives - 123Greetings Blog - Free eCards, Card Message Ideas & What to Write in Any Greeting Card",108,0,1,21,0,0,,,0,0,0,0,,,
https://blog.123greetings.com/tag/families/,tag,200,post_tag,"families Archives - 123Greetings Blog - Free eCards, Card Message Ideas & What to Write in Any Greeting Card",108,0,1,5,0,0,,,0,0,0,0,,,
https://blog.123greetings.com/tag/family-memories/,tag,200,post_tag,"Family memories Archives - 123Greetings Blog - Free eCards, Card Message Ideas & What to Write in Any Greeting Card",115,0,1,20,0,0,,,0,0,0,0,,,
https://blog.123greetings.com/tag/family-vacation/,tag,200,post_tag,"family vacation Archives - 123Greetings Blog - Free eCards, Card Message Ideas & What to Write in Any Greeting Card",115,0,1,21,0,0,,,0,0,0,0,,,
https://blog.123greetings.com/tag/family/,tag,200,post_tag,"family Archives - 123Greetings Blog - Free eCards, Card Message Ideas & What to Write in Any Greeting Card",106,0,1,12,0,0,,,0,0,0,0,,,
https://blog.123greetings.com/tag/fears/,tag,200,post_tag,"fears Archives - 123Greetings Blog - Free eCards, Card Message Ideas & What to Write in Any Greeting Card",105,0,1,19,0,0,,,0,0,0,0,,,
https://blog.123greetings.com/tag/feast-of-john-the-baptist/,tag,200,post_tag,"Feast of John The Baptist Archives - 123Greetings Blog - Free eCards, Card Message Ideas & What to Write in Any Greeting Card",125,0,1,14,0,0,,,0,0,0,0,,,
https://blog.123greetings.com/tag/fingerprints/,tag,200,post_tag,"fingerprints Archives - 123Greetings Blog - Free eCards, Card Message Ideas & What to Write in Any Greeting Card",112,0,1,21,0,0,,,0,0,0,0,,,
https://blog.123greetings.com/tag/first-salary/,tag,200,post_tag,"first salary Archives - 123Greetings Blog - Free eCards, Card Message Ideas & What to Write in Any Greeting Card",112,0,1,21,0,0,,,0,0,0,0,,,
https://blog.123greetings.com/tag/five-hundred-people/,tag,200,post_tag,"five hundred people Archives - 123Greetings Blog - Free eCards, Card Message Ideas & What to Write in Any Greeting Card",119,0,1,12,0,0,,,0,0,0,0,,,
https://blog.123greetings.com/tag/five-minutes-with-bob/,tag,200,post_tag,"Five Minutes with Bob Archives - 123Greetings Blog - Free eCards, Card Message Ideas & What to Write in Any Greeting Card",121,0,1,10,0,0,,,0,0,0,0,,,
https://blog.123greetings.com/tag/five-minutes/,tag,200,post_tag,"Five Minutes Archives - 123Greetings Blog - Free eCards, Card Message Ideas & What to Write in Any Greeting Card",112,0,1,19,0,0,,,0,0,0,0,,,
https://blog.123greetings.com/tag/flag-day/,tag,200,post_tag,"Flag Day Archives - 123Greetings Blog - Free eCards, Card Message Ideas & What to Write in Any Greeting Card",108,0,1,20,0,0,,,0,0,0,0,,,
https://blog.123greetings.com/tag/flying-machines/,tag,200,post_tag,"flying machines Archives - 123Greetings Blog - Free eCards, Card Message Ideas & What to Write in Any Greeting Card",115,0,1,10,0,0,,,0,0,0,0,,,
https://blog.123greetings.com/tag/forgiving/,tag,200,post_tag,"forgiving Archives - 123Greetings Blog - Free eCards, Card Message Ideas & What to Write in Any Greeting Card",109,0,1,21,0,0,,,0,0,0,0,,,
https://blog.123greetings.com/tag/frank/,tag,200,post_tag,"Frank Archives - 123Greetings Blog - Free eCards, Card Message Ideas & What to Write in Any Greeting Card",105,0,1,21,0,0,,,0,0,0,0,,,
https://blog.123greetings.com/tag/freddie/,tag,200,post_tag,"Freddie Archives - 123Greetings Blog - Free eCards, Card Message Ideas & What to Write in Any Greeting Card",107,0,1,11,0,0,,,0,0,0,0,,,
https://blog.123greetings.com/tag/freedom/,tag,200,post_tag,"freedom Archives - 123Greetings Blog - Free eCards, Card Message Ideas & What to Write in Any Greeting Card",107,0,1,15,0,0,,,0,0,0,0,,,
https://blog.123greetings.com/tag/friendship/,tag,200,post_tag,"friendship Archives - 123Greetings Blog - Free eCards, Card Message Ideas & What to Write in Any Greeting Card",110,0,1,21,0,0,,,0,0,0,0,,,
https://blog.123greetings.com/tag/friendships/,tag,200,post_tag,"friendships Archives - 123Greetings Blog - Free eCards, Card Message Ideas & What to Write in Any Greeting Card",111,0,1,21,0,0,,,0,0,0,0,,,
https://blog.123greetings.com/tag/frustration/,tag,200,post_tag,"frustration Archives - 123Greetings Blog - Free eCards, Card Message Ideas & What to Write in Any Greeting Card",111,0,1,15,0,0,,,0,0,0,0,,,
https://blog.123greetings.com/tag/generosity/,tag,200,post_tag,"generosity Archives - 123Greetings Blog - Free eCards, Card Message Ideas & What to Write in Any Greeting Card",110,0,1,14,0,0,,,0,0,0,0,,,
https://blog.123greetings.com/tag/gentleman/,tag,200,post_tag,"gentleman Archives - 123Greetings Blog - Free eCards, Card Message Ideas & What to Write in Any Greeting Card",109,0,1,15,0,0,,,0,0,0,0,,,
https://blog.123greetings.com/tag/genuine/,tag,200,post_tag,"genuine Archives - 123Greetings Blog - Free eCards, Card Message Ideas & What to Write in Any Greeting Card",107,0,1,9,0,0,,,0,0,0,0,,,
https://blog.123greetings.com/tag/george-lucas/,tag,200,post_tag,"George Lucas Archives - 123Greetings Blog - Free eCards, Card Message Ideas & What to Write in Any Greeting Card",112,0,1,17,0,0,,,0,0,0,0,,,
https://blog.123greetings.com/tag/go-fishing-day/,tag,200,post_tag,"Go Fishing Day Archives - 123Greetings Blog - Free eCards, Card Message Ideas & What to Write in Any Greeting Card",114,0,1,21,0,0,,,0,0,0,0,,,
https://blog.123greetings.com/tag/golden-retriever/,tag,200,post_tag,"golden retriever Archives - 123Greetings Blog - Free eCards, Card Message Ideas & What to Write in Any Greeting Card",116,0,1,21,0,0,,,0,0,0,0,,,
https://blog.123greetings.com/tag/good-hygiene/,tag,200,post_tag,"good hygiene Archives - 123Greetings Blog - Free eCards, Card Message Ideas & What to Write in Any Greeting Card",112,0,1,9,0,0,,,0,0,0,0,,,
https://blog.123greetings.com/tag/good-manners/,tag,200,post_tag,"good manners Archives - 123Greetings Blog - Free eCards, Card Message Ideas & What to Write in Any Greeting Card",112,0,1,9,0,0,,,0,0,0,0,,,
https://blog.123greetings.com/tag/good-morning/,tag,200,post_tag,"Good morning Archives - 123Greetings Blog - Free eCards, Card Message Ideas & What to Write in Any Greeting Card",112,0,1,21,0,0,,,0,0,0,0,,,
https://blog.123greetings.com/tag/gps/,tag,200,post_tag,"GPS Archives - 123Greetings Blog - Free eCards, Card Message Ideas & What to Write in Any Greeting Card",103,0,1,21,0,0,,,0,0,0,0,,,
https://blog.123greetings.com/tag/graduation-season/,tag,200,post_tag,"Graduation Season Archives - 123Greetings Blog - Free eCards, Card Message Ideas & What to Write in Any Greeting Card",117,0,1,21,0,0,,,0,0,0,0,,,
https://blog.123greetings.com/tag/grandfather/,tag,200,post_tag,"grandfather Archives - 123Greetings Blog - Free eCards, Card Message Ideas & What to Write in Any Greeting Card",111,0,1,21,0,0,,,0,0,0,0,,,
https://blog.123greetings.com/tag/grandma-ruth/,tag,200,post_tag,"Grandma Ruth Archives - 123Greetings Blog - Free eCards, Card Message Ideas & What to Write in Any Greeting Card",112,0,1,21,0,0,,,0,0,0,0,,,
https://blog.123greetings.com/tag/grateful/,tag,200,post_tag,"grateful Archives - 123Greetings Blog - Free eCards, Card Message Ideas & What to Write in Any Greeting Card",108,0,1,9,0,0,,,0,0,0,0,,,
https://blog.123greetings.com/tag/greeks/,tag,200,post_tag,"Greeks Archives - 123Greetings Blog - Free eCards, Card Message Ideas & What to Write in Any Greeting Card",106,0,1,11,0,0,,,0,0,0,0,,,
https://blog.123greetings.com/tag/guarantees/,tag,200,post_tag,"guarantees Archives - 123Greetings Blog - Free eCards, Card Message Ideas & What to Write in Any Greeting Card",110,0,1,21,0,0,,,0,0,0,0,,,
https://blog.123greetings.com/tag/handwritten/,tag,200,post_tag,"handwritten Archives - 123Greetings Blog - Free eCards, Card Message Ideas & What to Write in Any Greeting Card",111,0,1,5,0,0,,,0,0,0,0,,,
https://blog.123greetings.com/tag/happiness/,tag,200,post_tag,"happiness Archives - 123Greetings Blog - Free eCards, Card Message Ideas & What to Write in Any Greeting Card",109,0,1,18,0,0,,,0,0,0,0,,,
https://blog.123greetings.com/tag/happy-best-friends-day/,tag,200,post_tag,"Happy Best Friends Day Archives - 123Greetings Blog - Free eCards, Card Message Ideas & What to Write in Any Greeting Card",122,0,1,20,0,0,,,0,0,0,0,,,
https://blog.123greetings.com/tag/happy-fathers-day/,tag,200,post_tag,"Happy Father's Day Archives - 123Greetings Blog - Free eCards, Card Message Ideas & What to Write in Any Greeting Card",118,0,1,21,0,0,,,0,0,0,0,,,
https://blog.123greetings.com/tag/happy-mothers-day-card/,tag,200,post_tag,"Happy Mother's Day card Archives - 123Greetings Blog - Free eCards, Card Message Ideas & What to Write in Any Greeting Card",123,0,1,21,0,0,,,0,0,0,0,,,
https://blog.123greetings.com/tag/happy-mothers-day/,tag,200,post_tag,"Happy Mother's Day Archives - 123Greetings Blog - Free eCards, Card Message Ideas & What to Write in Any Greeting Card",118,0,1,21,0,0,,,0,0,0,0,,,
https://blog.123greetings.com/tag/happy-pink-day/,tag,200,post_tag,"Happy Pink Day Archives - 123Greetings Blog - Free eCards, Card Message Ideas & What to Write in Any Greeting Card",114,0,1,14,0,0,,,0,0,0,0,,,
https://blog.123greetings.com/tag/harrison-ford/,tag,200,post_tag,"Harrison Ford Archives - 123Greetings Blog - Free eCards, Card Message Ideas & What to Write in Any Greeting Card",113,0,1,17,0,0,,,0,0,0,0,,,
https://blog.123greetings.com/tag/healthier/,tag,200,post_tag,"healthier Archives - 123Greetings Blog - Free eCards, Card Message Ideas & What to Write in Any Greeting Card",109,0,1,10,0,0,,,0,0,0,0,,,
https://blog.123greetings.com/tag/healthiest/,tag,200,post_tag,"healthiest Archives - 123Greetings Blog - Free eCards, Card Message Ideas & What to Write in Any Greeting Card",110,0,1,21,0,0,,,0,0,0,0,,,
https://blog.123greetings.com/tag/heartbeat/,tag,200,post_tag,"heartbeat Archives - 123Greetings Blog - Free eCards, Card Message Ideas & What to Write in Any Greeting Card",109,0,1,19,0,0,,,0,0,0,0,,,
https://blog.123greetings.com/tag/helen/,tag,200,post_tag,"Helen Archives - 123Greetings Blog - Free eCards, Card Message Ideas & What to Write in Any Greeting Card",105,0,1,5,0,0,,,0,0,0,0,,,
https://blog.123greetings.com/tag/hiking/,tag,200,post_tag,"hiking Archives - 123Greetings Blog - Free eCards, Card Message Ideas & What to Write in Any Greeting Card",106,0,1,21,0,0,,,0,0,0,0,,,
https://blog.123greetings.com/tag/history/,tag,200,post_tag,"History Archives - 123Greetings Blog - Free eCards, Card Message Ideas & What to Write in Any Greeting Card",107,0,1,5,0,0,,,0,0,0,0,,,
https://blog.123greetings.com/tag/hobby/,tag,200,post_tag,"hobby Archives - 123Greetings Blog - Free eCards, Card Message Ideas & What to Write in Any Greeting Card",105,0,1,14,0,0,,,0,0,0,0,,,
https://blog.123greetings.com/tag/holiday/,tag,200,post_tag,"Holiday Archives - 123Greetings Blog - Free eCards, Card Message Ideas & What to Write in Any Greeting Card",107,0,1,10,0,0,,,0,0,0,0,,,
https://blog.123greetings.com/tag/horizon/,tag,200,post_tag,"horizon Archives - 123Greetings Blog - Free eCards, Card Message Ideas & What to Write in Any Greeting Card",107,0,1,21,0,0,,,0,0,0,0,,,
https://blog.123greetings.com/tag/hospital/,tag,200,post_tag,"hospital Archives - 123Greetings Blog - Free eCards, Card Message Ideas & What to Write in Any Greeting Card",108,0,1,19,0,0,,,0,0,0,0,,,
https://blog.123greetings.com/tag/hug-holiday/,tag,200,post_tag,"Hug Holiday Archives - 123Greetings Blog - Free eCards, Card Message Ideas & What to Write in Any Greeting Card",111,0,1,21,0,0,,,0,0,0,0,,,
https://blog.123greetings.com/tag/i-love-you/,tag,200,post_tag,"I love you Archives - 123Greetings Blog - Free eCards, Card Message Ideas & What to Write in Any Greeting Card",110,0,1,11,0,0,,,0,0,0,0,,,
https://blog.123greetings.com/tag/iceberg/,tag,200,post_tag,"iceberg Archives - 123Greetings Blog - Free eCards, Card Message Ideas & What to Write in Any Greeting Card",107,0,1,10,0,0,,,0,0,0,0,,,
https://blog.123greetings.com/tag/iced-tea-day/,tag,200,post_tag,"Iced Tea Day Archives - 123Greetings Blog - Free eCards, Card Message Ideas & What to Write in Any Greeting Card",112,0,1,20,0,0,,,0,0,0,0,,,
https://blog.123greetings.com/tag/imperfect/,tag,200,post_tag,"imperfect Archives - 123Greetings Blog - Free eCards, Card Message Ideas & What to Write in Any Greeting Card",109,0,1,10,0,0,,,0,0,0,0,,,
https://blog.123greetings.com/tag/important-decisions/,tag,200,post_tag,"important decisions Archives - 123Greetings Blog - Free eCards, Card Message Ideas & What to Write in Any Greeting Card",119,0,1,21,0,0,,,0,0,0,0,,,
https://blog.123greetings.com/tag/important/,tag,200,post_tag,"Important Archives - 123Greetings Blog - Free eCards, Card Message Ideas & What to Write in Any Greeting Card",109,0,1,21,0,0,,,0,0,0,0,,,
https://blog.123greetings.com/tag/incapable/,tag,200,post_tag,"incapable Archives - 123Greetings Blog - Free eCards, Card Message Ideas & What to Write in Any Greeting Card",109,0,1,10,0,0,,,0,0,0,0,,,
https://blog.123greetings.com/tag/incidental/,tag,200,post_tag,"incidental Archives - 123Greetings Blog - Free eCards, Card Message Ideas & What to Write in Any Greeting Card",110,0,1,14,0,0,,,0,0,0,0,,,
https://blog.123greetings.com/tag/industrial-revolution/,tag,200,post_tag,"Industrial Revolution Archives - 123Greetings Blog - Free eCards, Card Message Ideas & What to Write in Any Greeting Card",121,0,1,21,0,0,,,0,0,0,0,,,
https://blog.123greetings.com/tag/industrial/,tag,200,post_tag,"Industrial Archives - 123Greetings Blog - Free eCards, Card Message Ideas & What to Write in Any Greeting Card",110,0,1,21,0,0,,,0,0,0,0,,,
https://blog.123greetings.com/tag/influence/,tag,200,post_tag,"influence Archives - 123Greetings Blog - Free eCards, Card Message Ideas & What to Write in Any Greeting Card",109,0,1,18,0,0,,,0,0,0,0,,,
https://blog.123greetings.com/tag/instinctively/,tag,200,post_tag,"instinctively Archives - 123Greetings Blog - Free eCards, Card Message Ideas & What to Write in Any Greeting Card",113,0,1,9,0,0,,,0,0,0,0,,,
https://blog.123greetings.com/tag/international-joke-day/,tag,200,post_tag,"International Joke Day Archives - 123Greetings Blog - Free eCards, Card Message Ideas & What to Write in Any Greeting Card",122,0,1,21,0,0,,,0,0,0,0,,,
https://blog.123greetings.com/tag/international-kissing-day/,tag,200,post_tag,"International Kissing Day Archives - 123Greetings Blog - Free eCards, Card Message Ideas & What to Write in Any Greeting Card",125,0,1,21,0,0,,,0,0,0,0,,,
https://blog.123greetings.com/tag/international-picnic-day/,tag,200,post_tag,"International Picnic Day Archives - 123Greetings Blog - Free eCards, Card Message Ideas & What to Write in Any Greeting Card",124,0,1,21,0,0,,,0,0,0,0,,,
https://blog.123greetings.com/tag/international-velvet/,tag,200,post_tag,"International Velvet Archives - 123Greetings Blog - Free eCards, Card Message Ideas & What to Write in Any Greeting Card",120,0,1,9,0,0,,,0,0,0,0,,,
https://blog.123greetings.com/tag/international-yoga-day/,tag,200,post_tag,"International Yoga Day Archives - 123Greetings Blog - Free eCards, Card Message Ideas & What to Write in Any Greeting Card",122,0,1,21,0,0,,,0,0,0,0,,,
https://blog.123greetings.com/tag/invisible/,tag,200,post_tag,"invisible Archives - 123Greetings Blog - Free eCards, Card Message Ideas & What to Write in Any Greeting Card",109,0,1,15,0,0,,,0,0,0,0,,,
https://blog.123greetings.com/tag/ironed-napkin/,tag,200,post_tag,"ironed-napkin Archives - 123Greetings Blog - Free eCards, Card Message Ideas & What to Write in Any Greeting Card",113,0,1,21,0,0,,,0,0,0,0,,,
https://blog.123greetings.com/tag/jazz/,tag,200,post_tag,"Jazz Archives - 123Greetings Blog - Free eCards, Card Message Ideas & What to Write in Any Greeting Card",104,0,1,14,0,0,,,0,0,0,0,,,
https://blog.123greetings.com/tag/jordan/,tag,200,post_tag,"Jordan Archives - 123Greetings Blog - Free eCards, Card Message Ideas & What to Write in Any Greeting Card",106,0,1,21,0,0,,,0,0,0,0,,,
https://blog.123greetings.com/tag/judith/,tag,200,post_tag,"Judith Archives - 123Greetings Blog - Free eCards, Card Message Ideas & What to Write in Any Greeting Card",106,0,1,21,0,0,,,0,0,0,0,,,
https://blog.123greetings.com/tag/juneteenth/,tag,200,post_tag,"Juneteenth Archives - 123Greetings Blog - Free eCards, Card Message Ideas & What to Write in Any Greeting Card",110,0,1,21,0,0,,,0,0,0,0,,,
https://blog.123greetings.com/tag/junior/,tag,200,post_tag,"junior Archives - 123Greetings Blog - Free eCards, Card Message Ideas & What to Write in Any Greeting Card",106,0,1,21,0,0,,,0,0,0,0,,,
https://blog.123greetings.com/tag/kicking/,tag,200,post_tag,"kicking Archives - 123Greetings Blog - Free eCards, Card Message Ideas & What to Write in Any Greeting Card",107,0,1,21,0,0,,,0,0,0,0,,,
https://blog.123greetings.com/tag/knowledge-accumulates/,tag,200,post_tag,"Knowledge Accumulates Archives - 123Greetings Blog - Free eCards, Card Message Ideas & What to Write in Any Greeting Card",121,0,1,21,0,0,,,0,0,0,0,,,
https://blog.123greetings.com/tag/knowledge/,tag,200,post_tag,"Knowledge Archives - 123Greetings Blog - Free eCards, Card Message Ideas & What to Write in Any Greeting Card",109,0,1,21,0,0,,,0,0,0,0,,,
https://blog.123greetings.com/tag/laughed/,tag,200,post_tag,"laughed Archives - 123Greetings Blog - Free eCards, Card Message Ideas & What to Write in Any Greeting Card",107,0,1,9,0,0,,,0,0,0,0,,,
https://blog.123greetings.com/tag/laughing/,tag,200,post_tag,"laughing Archives - 123Greetings Blog - Free eCards, Card Message Ideas & What to Write in Any Greeting Card",108,0,1,12,0,0,,,0,0,0,0,,,
https://blog.123greetings.com/tag/le-jardin/,tag,200,post_tag,"Le Jardin Archives - 123Greetings Blog - Free eCards, Card Message Ideas & What to Write in Any Greeting Card",109,0,1,21,0,0,,,0,0,0,0,,,
https://blog.123greetings.com/tag/lifelong-friends/,tag,200,post_tag,"lifelong friends Archives - 123Greetings Blog - Free eCards, Card Message Ideas & What to Write in Any Greeting Card",116,0,1,9,0,0,,,0,0,0,0,,,
https://blog.123greetings.com/tag/linkedin/,tag,200,post_tag,"LinkedIn Archives - 123Greetings Blog - Free eCards, Card Message Ideas & What to Write in Any Greeting Card",108,0,1,21,0,0,,,0,0,0,0,,,
https://blog.123greetings.com/tag/lonelier/,tag,200,post_tag,"lonelier Archives - 123Greetings Blog - Free eCards, Card Message Ideas & What to Write in Any Greeting Card",108,0,1,9,0,0,,,0,0,0,0,,,
https://blog.123greetings.com/tag/luxury/,tag,200,post_tag,"luxury Archives - 123Greetings Blog - Free eCards, Card Message Ideas & What to Write in Any Greeting Card",106,0,1,10,0,0,,,0,0,0,0,,,
https://blog.123greetings.com/tag/macaroni-day/,tag,200,post_tag,"Macaroni Day Archives - 123Greetings Blog - Free eCards, Card Message Ideas & What to Write in Any Greeting Card",112,0,1,21,0,0,,,0,0,0,0,,,
https://blog.123greetings.com/tag/management/,tag,200,post_tag,"Management Archives - 123Greetings Blog - Free eCards, Card Message Ideas & What to Write in Any Greeting Card",110,0,1,15,0,0,,,0,0,0,0,,,
https://blog.123greetings.com/tag/margaret-mead/,tag,200,post_tag,"Margaret Mead Archives - 123Greetings Blog - Free eCards, Card Message Ideas & What to Write in Any Greeting Card",113,0,1,21,0,0,,,0,0,0,0,,,
https://blog.123greetings.com/tag/marriage/,tag,200,post_tag,"marriage Archives - 123Greetings Blog - Free eCards, Card Message Ideas & What to Write in Any Greeting Card",108,0,1,21,0,0,,,0,0,0,0,,,
https://blog.123greetings.com/tag/may/,tag,200,post_tag,"May Archives - 123Greetings Blog - Free eCards, Card Message Ideas & What to Write in Any Greeting Card",103,0,1,21,0,0,,,0,0,0,0,,,
https://blog.123greetings.com/tag/memories/,tag,200,post_tag,"Memories Archives - 123Greetings Blog - Free eCards, Card Message Ideas & What to Write in Any Greeting Card",108,0,1,5,0,0,,,0,0,0,0,,,
https://blog.123greetings.com/tag/memory/,tag,200,post_tag,"memory Archives - 123Greetings Blog - Free eCards, Card Message Ideas & What to Write in Any Greeting Card",106,0,1,12,0,0,,,0,0,0,0,,,
https://blog.123greetings.com/tag/message-board/,tag,200,post_tag,"Message Board Archives - 123Greetings Blog - Free eCards, Card Message Ideas & What to Write in Any Greeting Card",113,0,1,21,0,0,,,0,0,0,0,,,
https://blog.123greetings.com/tag/michelangelo/,tag,200,post_tag,"Michelangelo Archives - 123Greetings Blog - Free eCards, Card Message Ideas & What to Write in Any Greeting Card",112,0,1,15,0,0,,,0,0,0,0,,,
https://blog.123greetings.com/tag/miley-cyrus/,tag,200,post_tag,"Miley Cyrus Archives - 123Greetings Blog - Free eCards, Card Message Ideas & What to Write in Any Greeting Card",111,0,1,14,0,0,,,0,0,0,0,,,
https://blog.123greetings.com/tag/mistakes/,tag,200,post_tag,"mistakes Archives - 123Greetings Blog - Free eCards, Card Message Ideas & What to Write in Any Greeting Card",108,0,1,10,0,0,,,0,0,0,0,,,
https://blog.123greetings.com/tag/mom/,tag,200,post_tag,"Mom Archives - 123Greetings Blog - Free eCards, Card Message Ideas & What to Write in Any Greeting Card",103,0,1,21,0,0,,,0,0,0,0,,,
https://blog.123greetings.com/tag/money/,tag,200,post_tag,"money Archives - 123Greetings Blog - Free eCards, Card Message Ideas & What to Write in Any Greeting Card",105,0,1,15,0,0,,,0,0,0,0,,,
https://blog.123greetings.com/tag/morning-coffee/,tag,200,post_tag,"morning coffee Archives - 123Greetings Blog - Free eCards, Card Message Ideas & What to Write in Any Greeting Card",114,0,1,5,0,0,,,0,0,0,0,,,
https://blog.123greetings.com/tag/mortgages/,tag,200,post_tag,"mortgages Archives - 123Greetings Blog - Free eCards, Card Message Ideas & What to Write in Any Greeting Card",109,0,1,10,0,0,,,0,0,0,0,,,
https://blog.123greetings.com/tag/mother-in-law/,tag,200,post_tag,"Mother-in-Law Archives - 123Greetings Blog - Free eCards, Card Message Ideas & What to Write in Any Greeting Card",113,0,1,21,0,0,,,0,0,0,0,,,
https://blog.123greetings.com/tag/mothers-day-card/,tag,200,post_tag,"Mother’s Day card Archives - 123Greetings Blog - Free eCards, Card Message Ideas & What to Write in Any Greeting Card",117,0,1,21,0,0,,,0,0,0,0,,,
https://blog.123greetings.com/tag/mothers-day-cards/,tag,200,post_tag,"Mothers Day cards Archives - 123Greetings Blog - Free eCards, Card Message Ideas & What to Write in Any Greeting Card",117,0,1,21,0,0,,,0,0,0,0,,,
https://blog.123greetings.com/tag/mothers-day-ecards/,tag,200,post_tag,"Mothers Day Ecards Archives - 123Greetings Blog - Free eCards, Card Message Ideas & What to Write in Any Greeting Card",118,0,1,21,0,0,,,0,0,0,0,,,
https://blog.123greetings.com/tag/mothers-day/,tag,200,post_tag,"Mother’s Day Archives - 123Greetings Blog - Free eCards, Card Message Ideas & What to Write in Any Greeting Card",112,0,1,21,0,0,,,0,0,0,0,,,
https://blog.123greetings.com/tag/motivational/,tag,200,post_tag,"motivational Archives - 123Greetings Blog - Free eCards, Card Message Ideas & What to Write in Any Greeting Card",112,0,1,9,0,0,,,0,0,0,0,,,
https://blog.123greetings.com/tag/movies/,tag,200,post_tag,"movies Archives - 123Greetings Blog - Free eCards, Card Message Ideas & What to Write in Any Greeting Card",106,0,1,9,0,0,,,0,0,0,0,,,
https://blog.123greetings.com/tag/national-cheese-day/,tag,200,post_tag,"National Cheese Day Archives - 123Greetings Blog - Free eCards, Card Message Ideas & What to Write in Any Greeting Card",119,0,1,21,0,0,,,0,0,0,0,,,
https://blog.123greetings.com/tag/national-childrens-day/,tag,200,post_tag,"National Children’s Day Archives - 123Greetings Blog - Free eCards, Card Message Ideas & What to Write in Any Greeting Card",123,0,1,20,0,0,,,0,0,0,0,,,
https://blog.123greetings.com/tag/national-chocolate-ice-cream-day/,tag,200,post_tag,"National Chocolate Ice Cream Day Archives - 123Greetings Blog - Free eCards, Card Message Ideas & What to Write in Any Greeting Card",132,0,1,21,0,0,,,0,0,0,0,,,
https://blog.123greetings.com/tag/national-doughnut-day/,tag,200,post_tag,"National Doughnut Day Archives - 123Greetings Blog - Free eCards, Card Message Ideas & What to Write in Any Greeting Card",121,0,1,21,0,0,,,0,0,0,0,,,
https://blog.123greetings.com/tag/national-egg-day/,tag,200,post_tag,"National Egg Day Archives - 123Greetings Blog - Free eCards, Card Message Ideas & What to Write in Any Greeting Card",116,0,1,21,0,0,,,0,0,0,0,,,
https://blog.123greetings.com/tag/national-french-fries-day/,tag,200,post_tag,"National French Fries Day Archives - 123Greetings Blog - Free eCards, Card Message Ideas & What to Write in Any Greeting Card",125,0,1,21,0,0,,,0,0,0,0,,,
https://blog.123greetings.com/tag/national-fudge-day/,tag,200,post_tag,"National Fudge Day Archives - 123Greetings Blog - Free eCards, Card Message Ideas & What to Write in Any Greeting Card",118,0,1,21,0,0,,,0,0,0,0,,,
https://blog.123greetings.com/tag/national-handshake-day/,tag,200,post_tag,"National Handshake Day Archives - 123Greetings Blog - Free eCards, Card Message Ideas & What to Write in Any Greeting Card",122,0,1,14,0,0,,,0,0,0,0,,,
https://blog.123greetings.com/tag/national-holiday/,tag,200,post_tag,"National holiday Archives - 123Greetings Blog - Free eCards, Card Message Ideas & What to Write in Any Greeting Card",116,0,1,21,0,0,,,0,0,0,0,,,
https://blog.123greetings.com/tag/national-ice-cream-day/,tag,200,post_tag,"National Ice-Cream Day Archives - 123Greetings Blog - Free eCards, Card Message Ideas & What to Write in Any Greeting Card",122,0,1,17,0,0,,,0,0,0,0,,,
https://blog.123greetings.com/tag/national-ice-cream-sundae-day/,tag,200,post_tag,"National Ice Cream Sundae Day Archives - 123Greetings Blog - Free eCards, Card Message Ideas & What to Write in Any Greeting Card",129,0,1,21,0,0,,,0,0,0,0,,,
https://blog.123greetings.com/tag/national-nude-day/,tag,200,post_tag,"National Nude Day Archives - 123Greetings Blog - Free eCards, Card Message Ideas & What to Write in Any Greeting Card",117,0,1,17,0,0,,,0,0,0,0,,,
https://blog.123greetings.com/tag/national-orange-blossom-day/,tag,200,post_tag,"National Orange Blossom Day Archives - 123Greetings Blog - Free eCards, Card Message Ideas & What to Write in Any Greeting Card",127,0,1,14,0,0,,,0,0,0,0,,,
https://blog.123greetings.com/tag/national-pineapple-day/,tag,200,post_tag,"National Pineapple Day Archives - 123Greetings Blog - Free eCards, Card Message Ideas & What to Write in Any Greeting Card",122,0,1,14,0,0,,,0,0,0,0,,,
https://blog.123greetings.com/tag/natural/,tag,200,post_tag,"natural Archives - 123Greetings Blog - Free eCards, Card Message Ideas & What to Write in Any Greeting Card",107,0,1,15,0,0,,,0,0,0,0,,,
https://blog.123greetings.com/tag/negotiating/,tag,200,post_tag,"Negotiating Archives - 123Greetings Blog - Free eCards, Card Message Ideas & What to Write in Any Greeting Card",111,0,1,10,0,0,,,0,0,0,0,,,
https://blog.123greetings.com/tag/neighborhood/,tag,200,post_tag,"neighborhood Archives - 123Greetings Blog - Free eCards, Card Message Ideas & What to Write in Any Greeting Card",112,0,1,5,0,0,,,0,0,0,0,,,
https://blog.123greetings.com/tag/neighbour/,tag,200,post_tag,"neighbour Archives - 123Greetings Blog - Free eCards, Card Message Ideas & What to Write in Any Greeting Card",109,0,1,6,0,0,,,0,0,0,0,,,
https://blog.123greetings.com/tag/neighbours/,tag,200,post_tag,"neighbour's Archives - 123Greetings Blog - Free eCards, Card Message Ideas & What to Write in Any Greeting Card",111,0,1,21,0,0,,,0,0,0,0,,,
https://blog.123greetings.com/tag/new-car/,tag,200,post_tag,"new car Archives - 123Greetings Blog - Free eCards, Card Message Ideas & What to Write in Any Greeting Card",107,0,1,10,0,0,,,0,0,0,0,,,
https://blog.123greetings.com/tag/nine-months/,tag,200,post_tag,"nine months Archives - 123Greetings Blog - Free eCards, Card Message Ideas & What to Write in Any Greeting Card",111,0,1,19,0,0,,,0,0,0,0,,,
https://blog.123greetings.com/tag/nostalgia/,tag,200,post_tag,"Nostalgia Archives - 123Greetings Blog - Free eCards, Card Message Ideas & What to Write in Any Greeting Card",109,0,1,21,0,0,,,0,0,0,0,,,
https://blog.123greetings.com/tag/off-guard/,tag,200,post_tag,"off guard Archives - 123Greetings Blog - Free eCards, Card Message Ideas & What to Write in Any Greeting Card",109,0,1,15,0,0,,,0,0,0,0,,,
https://blog.123greetings.com/tag/old-friend/,tag,200,post_tag,"old friend Archives - 123Greetings Blog - Free eCards, Card Message Ideas & What to Write in Any Greeting Card",110,0,1,21,0,0,,,0,0,0,0,,,
https://blog.123greetings.com/tag/old-rock/,tag,200,post_tag,"Old rock Archives - 123Greetings Blog - Free eCards, Card Message Ideas & What to Write in Any Greeting Card",108,0,1,14,0,0,,,0,0,0,0,,,
https://blog.123greetings.com/tag/old-rolex/,tag,200,post_tag,"Old Rolex Archives - 123Greetings Blog - Free eCards, Card Message Ideas & What to Write in Any Greeting Card",109,0,1,21,0,0,,,0,0,0,0,,,
https://blog.123greetings.com/tag/olympic/,tag,200,post_tag,"Olympic Archives - 123Greetings Blog - Free eCards, Card Message Ideas & What to Write in Any Greeting Card",107,0,1,9,0,0,,,0,0,0,0,,,
https://blog.123greetings.com/tag/outsource/,tag,200,post_tag,"outsource Archives - 123Greetings Blog - Free eCards, Card Message Ideas & What to Write in Any Greeting Card",109,0,1,18,0,0,,,0,0,0,0,,,
https://blog.123greetings.com/tag/parents/,tag,200,post_tag,"parents Archives - 123Greetings Blog - Free eCards, Card Message Ideas & What to Write in Any Greeting Card",107,0,1,11,0,0,,,0,0,0,0,,,
https://blog.123greetings.com/tag/parties/,tag,200,post_tag,"parties Archives - 123Greetings Blog - Free eCards, Card Message Ideas & What to Write in Any Greeting Card",107,0,1,9,0,0,,,0,0,0,0,,,
https://blog.123greetings.com/tag/partner/,tag,200,post_tag,"Partner Archives - 123Greetings Blog - Free eCards, Card Message Ideas & What to Write in Any Greeting Card",107,0,1,11,0,0,,,0,0,0,0,,,
https://blog.123greetings.com/tag/patience/,tag,200,post_tag,"Patience Archives - 123Greetings Blog - Free eCards, Card Message Ideas & What to Write in Any Greeting Card",108,0,1,14,0,0,,,0,0,0,0,,,
https://blog.123greetings.com/tag/paycheck/,tag,200,post_tag,"paycheck Archives - 123Greetings Blog - Free eCards, Card Message Ideas & What to Write in Any Greeting Card",108,0,1,21,0,0,,,0,0,0,0,,,
https://blog.123greetings.com/tag/peonies/,tag,200,post_tag,"peonies Archives - 123Greetings Blog - Free eCards, Card Message Ideas & What to Write in Any Greeting Card",107,0,1,21,0,0,,,0,0,0,0,,,
https://blog.123greetings.com/tag/perspective/,tag,200,post_tag,"perspective Archives - 123Greetings Blog - Free eCards, Card Message Ideas & What to Write in Any Greeting Card",111,0,1,14,0,0,,,0,0,0,0,,,
https://blog.123greetings.com/tag/photography/,tag,200,post_tag,"photography Archives - 123Greetings Blog - Free eCards, Card Message Ideas & What to Write in Any Greeting Card",111,0,1,14,0,0,,,0,0,0,0,,,
https://blog.123greetings.com/tag/pilgrimages/,tag,200,post_tag,"Pilgrimages Archives - 123Greetings Blog - Free eCards, Card Message Ideas & What to Write in Any Greeting Card",111,0,1,10,0,0,,,0,0,0,0,,,
https://blog.123greetings.com/tag/playlists/,tag,200,post_tag,"playlists Archives - 123Greetings Blog - Free eCards, Card Message Ideas & What to Write in Any Greeting Card",109,0,1,14,0,0,,,0,0,0,0,,,
https://blog.123greetings.com/tag/pneumonia/,tag,200,post_tag,"pneumonia Archives - 123Greetings Blog - Free eCards, Card Message Ideas & What to Write in Any Greeting Card",109,0,1,21,0,0,,,0,0,0,0,,,
https://blog.123greetings.com/tag/postponing/,tag,200,post_tag,"postponing Archives - 123Greetings Blog - Free eCards, Card Message Ideas & What to Write in Any Greeting Card",110,0,1,14,0,0,,,0,0,0,0,,,
https://blog.123greetings.com/tag/potential/,tag,200,post_tag,"potential Archives - 123Greetings Blog - Free eCards, Card Message Ideas & What to Write in Any Greeting Card",109,0,1,6,0,0,,,0,0,0,0,,,
https://blog.123greetings.com/tag/prediction/,tag,200,post_tag,"prediction Archives - 123Greetings Blog - Free eCards, Card Message Ideas & What to Write in Any Greeting Card",110,0,1,21,0,0,,,0,0,0,0,,,
https://blog.123greetings.com/tag/pregnant/,tag,200,post_tag,"pregnant Archives - 123Greetings Blog - Free eCards, Card Message Ideas & What to Write in Any Greeting Card",108,0,1,19,0,0,,,0,0,0,0,,,
https://blog.123greetings.com/tag/princess-marcus/,tag,200,post_tag,"Princess Marcus Archives - 123Greetings Blog - Free eCards, Card Message Ideas & What to Write in Any Greeting Card",115,0,1,21,0,0,,,0,0,0,0,,,
https://blog.123greetings.com/tag/profess-your-love-day/,tag,200,post_tag,"Profess Your Love Day Archives - 123Greetings Blog - Free eCards, Card Message Ideas & What to Write in Any Greeting Card",121,0,1,20,0,0,,,0,0,0,0,,,
https://blog.123greetings.com/tag/professional/,tag,200,post_tag,"Professional Archives - 123Greetings Blog - Free eCards, Card Message Ideas & What to Write in Any Greeting Card",112,0,1,9,0,0,,,0,0,0,0,,,
https://blog.123greetings.com/tag/programming/,tag,200,post_tag,"programming Archives - 123Greetings Blog - Free eCards, Card Message Ideas & What to Write in Any Greeting Card",111,0,1,10,0,0,,,0,0,0,0,,,
https://blog.123greetings.com/tag/promotion/,tag,200,post_tag,"promotion Archives - 123Greetings Blog - Free eCards, Card Message Ideas & What to Write in Any Greeting Card",109,0,1,10,0,0,,,0,0,0,0,,,
https://blog.123greetings.com/tag/psychologists/,tag,200,post_tag,"Psychologists Archives - 123Greetings Blog - Free eCards, Card Message Ideas & What to Write in Any Greeting Card",113,0,1,14,0,0,,,0,0,0,0,,,
https://blog.123greetings.com/tag/psychology-teacher/,tag,200,post_tag,"psychology teacher Archives - 123Greetings Blog - Free eCards, Card Message Ideas & What to Write in Any Greeting Card",118,0,1,18,0,0,,,0,0,0,0,,,
https://blog.123greetings.com/tag/psychology/,tag,200,post_tag,"psychology Archives - 123Greetings Blog - Free eCards, Card Message Ideas & What to Write in Any Greeting Card",110,0,1,18,0,0,,,0,0,0,0,,,
https://blog.123greetings.com/tag/public-service-day/,tag,200,post_tag,"Public Service Day Archives - 123Greetings Blog - Free eCards, Card Message Ideas & What to Write in Any Greeting Card",118,0,1,14,0,0,,,0,0,0,0,,,
https://blog.123greetings.com/tag/quiet-dad/,tag,200,post_tag,"quiet dad Archives - 123Greetings Blog - Free eCards, Card Message Ideas & What to Write in Any Greeting Card",109,0,1,21,0,0,,,0,0,0,0,,,
https://blog.123greetings.com/tag/red-rose-day/,tag,200,post_tag,"Red Rose Day Archives - 123Greetings Blog - Free eCards, Card Message Ideas & What to Write in Any Greeting Card",112,0,1,20,0,0,,,0,0,0,0,,,
https://blog.123greetings.com/tag/relationships/,tag,200,post_tag,"Relationships Archives - 123Greetings Blog - Free eCards, Card Message Ideas & What to Write in Any Greeting Card",113,0,1,21,0,0,,,0,0,0,0,,,
https://blog.123greetings.com/tag/respected/,tag,200,post_tag,"Respected Archives - 123Greetings Blog - Free eCards, Card Message Ideas & What to Write in Any Greeting Card",109,0,1,21,0,0,,,0,0,0,0,,,
https://blog.123greetings.com/tag/restaurant/,tag,200,post_tag,"restaurant Archives - 123Greetings Blog - Free eCards, Card Message Ideas & What to Write in Any Greeting Card",110,0,1,21,0,0,,,0,0,0,0,,,
https://blog.123greetings.com/tag/retirement/,tag,200,post_tag,"retirement Archives - 123Greetings Blog - Free eCards, Card Message Ideas & What to Write in Any Greeting Card",110,0,1,15,0,0,,,0,0,0,0,,,
https://blog.123greetings.com/tag/reunions/,tag,200,post_tag,"reunions Archives - 123Greetings Blog - Free eCards, Card Message Ideas & What to Write in Any Greeting Card",108,0,1,10,0,0,,,0,0,0,0,,,
https://blog.123greetings.com/tag/revolution/,tag,200,post_tag,"Revolution Archives - 123Greetings Blog - Free eCards, Card Message Ideas & What to Write in Any Greeting Card",110,0,1,21,0,0,,,0,0,0,0,,,
https://blog.123greetings.com/tag/richer/,tag,200,post_tag,"richer Archives - 123Greetings Blog - Free eCards, Card Message Ideas & What to Write in Any Greeting Card",106,0,1,5,0,0,,,0,0,0,0,,,
https://blog.123greetings.com/tag/rolex-watch/,tag,200,post_tag,"Rolex watch Archives - 123Greetings Blog - Free eCards, Card Message Ideas & What to Write in Any Greeting Card",111,0,1,21,0,0,,,0,0,0,0,,,
https://blog.123greetings.com/tag/rolex/,tag,200,post_tag,"Rolex Archives - 123Greetings Blog - Free eCards, Card Message Ideas & What to Write in Any Greeting Card",105,0,1,21,0,0,,,0,0,0,0,,,
https://blog.123greetings.com/tag/safest/,tag,200,post_tag,"safest Archives - 123Greetings Blog - Free eCards, Card Message Ideas & What to Write in Any Greeting Card",106,0,1,10,0,0,,,0,0,0,0,,,
https://blog.123greetings.com/tag/salary/,tag,200,post_tag,"salary Archives - 123Greetings Blog - Free eCards, Card Message Ideas & What to Write in Any Greeting Card",106,0,1,21,0,0,,,0,0,0,0,,,
https://blog.123greetings.com/tag/saturday/,tag,200,post_tag,"Saturday Archives - 123Greetings Blog - Free eCards, Card Message Ideas & What to Write in Any Greeting Card",108,0,1,12,0,0,,,0,0,0,0,,,
https://blog.123greetings.com/tag/shavuot/,tag,200,post_tag,"Shavuot Archives - 123Greetings Blog - Free eCards, Card Message Ideas & What to Write in Any Greeting Card",107,0,1,21,0,0,,,0,0,0,0,,,
https://blog.123greetings.com/tag/siblings/,tag,200,post_tag,"Siblings Archives - 123Greetings Blog - Free eCards, Card Message Ideas & What to Write in Any Greeting Card",108,0,1,20,0,0,,,0,0,0,0,,,
https://blog.123greetings.com/tag/singing/,tag,200,post_tag,"singing Archives - 123Greetings Blog - Free eCards, Card Message Ideas & What to Write in Any Greeting Card",107,0,1,12,0,0,,,0,0,0,0,,,
https://blog.123greetings.com/tag/sleep-deprived/,tag,200,post_tag,"sleep-deprived Archives - 123Greetings Blog - Free eCards, Card Message Ideas & What to Write in Any Greeting Card",114,0,1,21,0,0,,,0,0,0,0,,,
https://blog.123greetings.com/tag/smiled/,tag,200,post_tag,"smiled Archives - 123Greetings Blog - Free eCards, Card Message Ideas & What to Write in Any Greeting Card",106,0,1,9,0,0,,,0,0,0,0,,,
https://blog.123greetings.com/tag/song/,tag,200,post_tag,"song Archives - 123Greetings Blog - Free eCards, Card Message Ideas & What to Write in Any Greeting Card",104,0,1,12,0,0,,,0,0,0,0,,,
https://blog.123greetings.com/tag/spokesperson/,tag,200,post_tag,"spokesperson Archives - 123Greetings Blog - Free eCards, Card Message Ideas & What to Write in Any Greeting Card",112,0,1,15,0,0,,,0,0,0,0,,,
https://blog.123greetings.com/tag/steve/,tag,200,post_tag,"Steve Archives - 123Greetings Blog - Free eCards, Card Message Ideas & What to Write in Any Greeting Card",105,0,1,21,0,0,,,0,0,0,0,,,
https://blog.123greetings.com/tag/storyteller/,tag,200,post_tag,"storyteller Archives - 123Greetings Blog - Free eCards, Card Message Ideas & What to Write in Any Greeting Card",111,0,1,5,0,0,,,0,0,0,0,,,
https://blog.123greetings.com/tag/stranger/,tag,200,post_tag,"stranger. Archives - 123Greetings Blog - Free eCards, Card Message Ideas & What to Write in Any Greeting Card",109,0,1,9,0,0,,,0,0,0,0,,,
https://blog.123greetings.com/tag/strangers/,tag,200,post_tag,"strangers Archives - 123Greetings Blog - Free eCards, Card Message Ideas & What to Write in Any Greeting Card",109,0,1,12,0,0,,,0,0,0,0,,,
https://blog.123greetings.com/tag/strengthening/,tag,200,post_tag,"strengthening Archives - 123Greetings Blog - Free eCards, Card Message Ideas & What to Write in Any Greeting Card",113,0,1,14,0,0,,,0,0,0,0,,,
https://blog.123greetings.com/tag/successful-people/,tag,200,post_tag,"successful people Archives - 123Greetings Blog - Free eCards, Card Message Ideas & What to Write in Any Greeting Card",117,0,1,21,0,0,,,0,0,0,0,,,
https://blog.123greetings.com/tag/successful/,tag,200,post_tag,"successful Archives - 123Greetings Blog - Free eCards, Card Message Ideas & What to Write in Any Greeting Card",110,0,1,10,0,0,,,0,0,0,0,,,
https://blog.123greetings.com/tag/summer-solstice/,tag,200,post_tag,"Summer Solstice Archives - 123Greetings Blog - Free eCards, Card Message Ideas & What to Write in Any Greeting Card",115,0,1,21,0,0,,,0,0,0,0,,,
https://blog.123greetings.com/tag/summers/,tag,200,post_tag,"summers Archives - 123Greetings Blog - Free eCards, Card Message Ideas & What to Write in Any Greeting Card",107,0,1,20,0,0,,,0,0,0,0,,,
https://blog.123greetings.com/tag/super-bowl/,tag,200,post_tag,"Super Bowl Archives - 123Greetings Blog - Free eCards, Card Message Ideas & What to Write in Any Greeting Card",110,0,1,21,0,0,,,0,0,0,0,,,
https://blog.123greetings.com/tag/super-human/,tag,200,post_tag,"Super human Archives - 123Greetings Blog - Free eCards, Card Message Ideas & What to Write in Any Greeting Card",111,0,1,21,0,0,,,0,0,0,0,,,
https://blog.123greetings.com/tag/superpower/,tag,200,post_tag,"Superpower Archives - 123Greetings Blog - Free eCards, Card Message Ideas & What to Write in Any Greeting Card",110,0,1,21,0,0,,,0,0,0,0,,,
https://blog.123greetings.com/tag/surprisingly/,tag,200,post_tag,"surprisingly Archives - 123Greetings Blog - Free eCards, Card Message Ideas & What to Write in Any Greeting Card",112,0,1,6,0,0,,,0,0,0,0,,,
https://blog.123greetings.com/tag/tacos/,tag,200,post_tag,"tacos Archives - 123Greetings Blog - Free eCards, Card Message Ideas & What to Write in Any Greeting Card",105,0,1,21,0,0,,,0,0,0,0,,,
https://blog.123greetings.com/tag/tassel/,tag,200,post_tag,"tassel Archives - 123Greetings Blog - Free eCards, Card Message Ideas & What to Write in Any Greeting Card",106,0,1,21,0,0,,,0,0,0,0,,,
https://blog.123greetings.com/tag/tatum-oneal/,tag,200,post_tag,"Tatum O'Neal Archives - 123Greetings Blog - Free eCards, Card Message Ideas & What to Write in Any Greeting Card",112,0,1,9,0,0,,,0,0,0,0,,,
https://blog.123greetings.com/tag/teasing/,tag,200,post_tag,"teasing Archives - 123Greetings Blog - Free eCards, Card Message Ideas & What to Write in Any Greeting Card",107,0,1,21,0,0,,,0,0,0,0,,,
https://blog.123greetings.com/tag/territory/,tag,200,post_tag,"territory Archives - 123Greetings Blog - Free eCards, Card Message Ideas & What to Write in Any Greeting Card",109,0,1,10,0,0,,,0,0,0,0,,,
https://blog.123greetings.com/tag/thanksgiving/,tag,200,post_tag,"Thanksgiving Archives - 123Greetings Blog - Free eCards, Card Message Ideas & What to Write in Any Greeting Card",112,0,1,21,0,0,,,0,0,0,0,,,
https://blog.123greetings.com/tag/the-wright-brothers/,tag,200,post_tag,"The Wright brothers Archives - 123Greetings Blog - Free eCards, Card Message Ideas & What to Write in Any Greeting Card",119,0,1,10,0,0,,,0,0,0,0,,,
https://blog.123greetings.com/tag/unknowingly/,tag,200,post_tag,"unknowingly Archives - 123Greetings Blog - Free eCards, Card Message Ideas & What to Write in Any Greeting Card",111,0,1,15,0,0,,,0,0,0,0,,,
https://blog.123greetings.com/tag/unusual/,tag,200,post_tag,"unusual Archives - 123Greetings Blog - Free eCards, Card Message Ideas & What to Write in Any Greeting Card",107,0,1,10,0,0,,,0,0,0,0,,,
https://blog.123greetings.com/tag/upgraded/,tag,200,post_tag,"upgraded Archives - 123Greetings Blog - Free eCards, Card Message Ideas & What to Write in Any Greeting Card",108,0,1,10,0,0,,,0,0,0,0,,,
https://blog.123greetings.com/tag/vacation/,tag,200,post_tag,"vacation Archives - 123Greetings Blog - Free eCards, Card Message Ideas & What to Write in Any Greeting Card",108,0,1,10,0,0,,,0,0,0,0,,,
https://blog.123greetings.com/tag/valued/,tag,200,post_tag,"Valued Archives - 123Greetings Blog - Free eCards, Card Message Ideas & What to Write in Any Greeting Card",106,0,1,21,0,0,,,0,0,0,0,,,
https://blog.123greetings.com/tag/vanilla-pudding-day/,tag,200,post_tag,"Vanilla Pudding Day Archives - 123Greetings Blog - Free eCards, Card Message Ideas & What to Write in Any Greeting Card",119,0,1,21,0,0,,,0,0,0,0,,,
https://blog.123greetings.com/tag/video-games-day/,tag,200,post_tag,"Video Games Day Archives - 123Greetings Blog - Free eCards, Card Message Ideas & What to Write in Any Greeting Card",115,0,1,21,0,0,,,0,0,0,0,,,
https://blog.123greetings.com/tag/voicemails/,tag,200,post_tag,"voicemails Archives - 123Greetings Blog - Free eCards, Card Message Ideas & What to Write in Any Greeting Card",110,0,1,21,0,0,,,0,0,0,0,,,
https://blog.123greetings.com/tag/volleyball/,tag,200,post_tag,"volleyball Archives - 123Greetings Blog - Free eCards, Card Message Ideas & What to Write in Any Greeting Card",110,0,1,21,0,0,,,0,0,0,0,,,
https://blog.123greetings.com/tag/volunteers/,tag,200,post_tag,"volunteers Archives - 123Greetings Blog - Free eCards, Card Message Ideas & What to Write in Any Greeting Card",110,0,1,15,0,0,,,0,0,0,0,,,
https://blog.123greetings.com/tag/voyages-of-history/,tag,200,post_tag,"voyages of history Archives - 123Greetings Blog - Free eCards, Card Message Ideas & What to Write in Any Greeting Card",118,0,1,21,0,0,,,0,0,0,0,,,
https://blog.123greetings.com/tag/voyages/,tag,200,post_tag,"voyages Archives - 123Greetings Blog - Free eCards, Card Message Ideas & What to Write in Any Greeting Card",107,0,1,21,0,0,,,0,0,0,0,,,
https://blog.123greetings.com/tag/wake-up-with-bob/,tag,200,post_tag,"Wake Up With Bob Archives - 123Greetings Blog - Free eCards, Card Message Ideas & What to Write in Any Greeting Card",116,0,1,10,0,0,,,0,0,0,0,,,
https://blog.123greetings.com/tag/warmth/,tag,200,post_tag,"warmth Archives - 123Greetings Blog - Free eCards, Card Message Ideas & What to Write in Any Greeting Card",106,0,1,21,0,0,,,0,0,0,0,,,
https://blog.123greetings.com/tag/warren-buffett/,tag,200,post_tag,"Warren Buffett Archives - 123Greetings Blog - Free eCards, Card Message Ideas & What to Write in Any Greeting Card",114,0,1,6,0,0,,,0,0,0,0,,,
https://blog.123greetings.com/tag/wingman/,tag,200,post_tag,"Wingman Archives - 123Greetings Blog - Free eCards, Card Message Ideas & What to Write in Any Greeting Card",107,0,1,20,0,0,,,0,0,0,0,,,
https://blog.123greetings.com/tag/wisdom/,tag,200,post_tag,"wisdom Archives - 123Greetings Blog - Free eCards, Card Message Ideas & What to Write in Any Greeting Card",106,0,1,10,0,0,,,0,0,0,0,,,
https://blog.123greetings.com/tag/wondering/,tag,200,post_tag,"wondering Archives - 123Greetings Blog - Free eCards, Card Message Ideas & What to Write in Any Greeting Card",109,0,1,15,0,0,,,0,0,0,0,,,
https://blog.123greetings.com/tag/workaholics-day/,tag,200,post_tag,"Workaholics Day Archives - 123Greetings Blog - Free eCards, Card Message Ideas & What to Write in Any Greeting Card",115,0,1,21,0,0,,,0,0,0,0,,,
https://blog.123greetings.com/tag/workplace/,tag,200,post_tag,"Workplace Archives - 123Greetings Blog - Free eCards, Card Message Ideas & What to Write in Any Greeting Card",109,0,1,21,0,0,,,0,0,0,0,,,
https://blog.123greetings.com/tag/world-chocolate-day/,tag,200,post_tag,"World Chocolate Day Archives - 123Greetings Blog - Free eCards, Card Message Ideas & What to Write in Any Greeting Card",119,0,1,21,0,0,,,0,0,0,0,,,
https://blog.123greetings.com/tag/world-environment-day/,tag,200,post_tag,"World Environment Day Archives - 123Greetings Blog - Free eCards, Card Message Ideas & What to Write in Any Greeting Card",121,0,1,21,0,0,,,0,0,0,0,,,
https://blog.123greetings.com/tag/world-milk-day/,tag,200,post_tag,"World Milk Day Archives - 123Greetings Blog - Free eCards, Card Message Ideas & What to Write in Any Greeting Card",114,0,1,21,0,0,,,0,0,0,0,,,
https://blog.123greetings.com/tag/world-music-day/,tag,200,post_tag,"World Music Day Archives - 123Greetings Blog - Free eCards, Card Message Ideas & What to Write in Any Greeting Card",115,0,1,21,0,0,,,0,0,0,0,,,
https://blog.123greetings.com/tag/world-ocean-day/,tag,200,post_tag,"World Ocean Day Archives - 123Greetings Blog - Free eCards, Card Message Ideas & What to Write in Any Greeting Card",115,0,1,20,0,0,,,0,0,0,0,,,
https://blog.123greetings.com/tag/world-population-day/,tag,200,post_tag,"World Population Day Archives - 123Greetings Blog - Free eCards, Card Message Ideas & What to Write in Any Greeting Card",120,0,1,21,0,0,,,0,0,0,0,,,
https://blog.123greetings.com/tag/world-turtle-day/,tag,200,post_tag,"World Turtle Day Archives - 123Greetings Blog - Free eCards, Card Message Ideas & What to Write in Any Greeting Card",116,0,1,21,0,0,,,0,0,0,0,,,
https://blog.123greetings.com/tag/world-ufo-day/,tag,200,post_tag,"World UFO Day Archives - 123Greetings Blog - Free eCards, Card Message Ideas & What to Write in Any Greeting Card",113,0,1,21,0,0,,,0,0,0,0,,,
https://blog.123greetings.com/tag/young-boy/,tag,200,post_tag,"young boy Archives - 123Greetings Blog - Free eCards, Card Message Ideas & What to Write in Any Greeting Card",109,0,1,5,0,0,,,0,0,0,0,,,
https://blog.123greetings.com/tag/your-banking-credentials/,tag,200,post_tag,"Your banking credentials Archives - 123Greetings Blog - Free eCards, Card Message Ideas & What to Write in Any Greeting Card",124,0,1,21,0,0,,,0,0,0,0,,,
https://blog.123greetings.com/tag/your-google-password/,tag,200,post_tag,"Your Google password Archives - 123Greetings Blog - Free eCards, Card Message Ideas & What to Write in Any Greeting Card",120,0,1,21,0,0,,,0,0,0,0,,,
https://blog.123greetings.com/tag/your-partners-birthday/,tag,200,post_tag,"Your partner’s birthday Archives - 123Greetings Blog - Free eCards, Card Message Ideas & What to Write in Any Greeting Card",123,0,1,21,0,0,,,0,0,0,0,,,
https://blog.123greetings.com/tag/youtube/,tag,200,post_tag,"YouTube Archives - 123Greetings Blog - Free eCards, Card Message Ideas & What to Write in Any Greeting Card",107,0,1,10,0,0,,,0,0,0,0,,,
https://blog.123greetings.com/teachers-day-messages/,page,200,page,100+ Teachers' Day Messages — Heartfelt Wishes & Quotes,55,140,1,537,18,0,100,82,0,0,5,1,,2026-06-01T12:06:48+00:00,2026-09-10T08:24:19+00:00
https://blog.123greetings.com/teddy-bear-day-messages/,page,200,page,Teddy Bear Day Wishes for Someone You Love,42,133,1,306,6,0,,,0,0,5,1,yes,2026-08-08T07:46:41+00:00,2026-08-08T07:53:58+00:00
https://blog.123greetings.com/thank-you-card-messages-when-my-father-in-law-said-the-quiet-thing-out-loud/,post,200,post,"Thank You Card Messages: When My Father-in-Law Said the Quiet Thing Out Loud - 123Greetings Blog - Free eCards, Card Message Ideas & What to Write in Any Greeting Card",167,127,1,964,0,0,,,0,0,0,9,,2026-05-16T10:00:40+00:00,2026-05-16T10:09:23+00:00
https://blog.123greetings.com/thank-you-day-messages/,page,200,page,"Thank You Day Wishes, Messages & Heartfelt Greetings",52,131,2,298,5,0,,,0,0,5,0,yes,2026-07-18T06:53:01+00:00,2026-07-18T07:03:27+00:00
https://blog.123greetings.com/thank-you-messages/,page,200,page,100+ Thank You Messages — Heartfelt Words of Gratitude,54,139,2,611,23,0,100,77,0,0,0,2,,2026-05-27T05:31:43+00:00,2026-06-01T07:08:35+00:00
https://blog.123greetings.com/thanksgiving-day-messages/,page,200,page,Thanksgiving Day Messages & Wishes | Happy Thanksgiving,55,141,1,312,5,0,,,0,0,5,1,yes,2026-09-30T06:08:11+00:00,2026-09-30T06:17:26+00:00
https://blog.123greetings.com/thankyou-messages/,page,200,page,"Heartfelt Thank You Messages, All Occasions",43,110,1,394,0,0,,,0,0,0,1,,2026-09-22T10:30:07+00:00,2026-09-26T07:12:06+00:00
https://blog.123greetings.com/true-love-forever-day-messages/,page,200,page,True Love Forever Day Messages for Your Special Someone,55,140,2,355,5,0,,,0,0,5,1,yes,2026-07-14T13:12:18+00:00,2026-07-14T13:25:27+00:00
https://blog.123greetings.com/upcoming-events/,page,200,page,"Upcoming Events - 123Greetings Blog - Free eCards, Card Message Ideas & What to Write in Any Greeting Card",106,0,0,0,0,0,,,0,0,0,0,yes,2026-06-19T05:37:51+00:00,
https://blog.123greetings.com/veterans-day-messages/,page,200,page,Veterans Day Messages & Wishes | Honor Our Heroes,49,139,1,317,5,0,,,0,0,5,1,yes,2026-09-29T12:54:28+00:00,2026-09-30T06:03:32+00:00
https://blog.123greetings.com/wake-up-with-bob-14th-july/,post,200,post,"Wake Up With Bob - 123Greetings Blog - Free eCards, Card Message Ideas & What to Write in Any Greeting Card",107,140,1,339,0,0,,,0,0,0,17,,2026-07-14T13:00:21+00:00,2026-07-23T13:51:19+00:00
https://blog.123greetings.com/wake-up-with-bob-15th-july/,post,200,post,"Wake Up With Bob - 123Greetings Blog - Free eCards, Card Message Ideas & What to Write in Any Greeting Card",107,125,1,216,0,0,,,0,0,0,14,yes,2026-07-15T13:00:41+00:00,2026-07-21T11:09:40+00:00
https://blog.123greetings.com/wake-up-with-bob-16th-july/,post,200,post,"Wake Up With Bob - 123Greetings Blog - Free eCards, Card Message Ideas & What to Write in Any Greeting Card",107,121,1,328,0,0,,,0,0,0,12,,2026-07-16T13:00:32+00:00,2026-08-01T18:02:07+00:00
https://blog.123greetings.com/wake-up-with-bob-17th-july/,post,200,post,"Wake Up With Bob - 123Greetings Blog - Free eCards, Card Message Ideas & What to Write in Any Greeting Card",107,140,1,432,0,0,,,0,0,0,11,,2026-07-17T13:00:46+00:00,
https://blog.123greetings.com/wake-up-with-bob-18th-july/,post,200,post,"Wake Up With Bob - 123Greetings Blog - Free eCards, Card Message Ideas & What to Write in Any Greeting Card",107,120,1,304,0,0,,,0,0,0,18,,2026-07-18T13:00:19+00:00,
https://blog.123greetings.com/wake-up-with-bob-19th-july/,post,200,post,"Wake Up With Bob - 123Greetings Blog - Free eCards, Card Message Ideas & What to Write in Any Greeting Card",107,130,1,403,0,0,,,0,0,0,14,,2026-07-19T13:00:47+00:00,
https://blog.123greetings.com/wake-up-with-bob-20th-july/,post,200,post,"Wake Up With Bob - 123Greetings Blog - Free eCards, Card Message Ideas & What to Write in Any Greeting Card",107,133,1,259,0,0,,,0,0,0,17,yes,2026-07-20T13:00:33+00:00,
https://blog.123greetings.com/wake-up-with-bob-21st-july/,post,200,post,"Wake Up With Bob - 123Greetings Blog - Free eCards, Card Message Ideas & What to Write in Any Greeting Card",107,132,1,374,0,0,,,0,0,0,16,,2026-07-21T13:00:43+00:00,
https://blog.123greetings.com/wake-up-with-bob-22nd-july/,post,200,post,"Wake Up With Bob - 123Greetings Blog - Free eCards, Card Message Ideas & What to Write in Any Greeting Card",107,138,1,360,0,0,,,0,0,0,21,,2026-07-22T13:00:34+00:00,
https://blog.123greetings.com/wake-up-with-bob-23rd-july/,post,200,post,"Wake Up With Bob - 123Greetings Blog - Free eCards, Card Message Ideas & What to Write in Any Greeting Card",107,140,1,366,0,0,,,0,0,0,24,,2026-07-23T13:00:06+00:00,
https://blog.123greetings.com/wake-up-with-bob-24th-july/,post,200,post,"Wake Up With Bob - 123Greetings Blog - Free eCards, Card Message Ideas & What to Write in Any Greeting Card",107,138,1,327,0,0,,,0,0,0,70,,2026-07-24T13:00:39+00:00,
https://blog.123greetings.com/wake-up-with-bob-25th-july/,post,200,post,"Wake Up With Bob - 123Greetings Blog - Free eCards, Card Message Ideas & What to Write in Any Greeting Card",107,126,1,403,0,0,,,0,0,0,61,,2026-07-25T13:00:02+00:00,
https://blog.123greetings.com/wake-up-with-bob-26th-july/,post,200,post,"Wake Up With Bob - 123Greetings Blog - Free eCards, Card Message Ideas & What to Write in Any Greeting Card",107,140,1,369,0,0,,,0,0,0,69,,2026-07-26T13:00:54+00:00,2026-07-31T13:45:20+00:00
https://blog.123greetings.com/wedding-anniversary-messages/,page,200,page,Wedding Anniversary Messages & Wishes,37,134,1,158,5,0,,,0,0,0,1,yes,2026-08-22T06:07:58+00:00,2026-08-22T08:22:19+00:00
https://blog.123greetings.com/wedding-messages-for-the-bride/,page,200,page,Wedding Wishes for the Bride: 50+ Sweet Messages,48,115,1,391,7,0,50,43,0,0,5,1,yes,2026-09-09T07:49:36+00:00,2026-09-09T10:03:57+00:00
https://blog.123greetings.com/wedding-messages-for-the-groom/,page,200,page,Wedding Wishes for the Groom: Sweet & Heartfelt Messages,56,141,1,315,7,0,,,0,0,5,1,yes,2026-09-09T07:55:16+00:00,2026-09-09T10:08:07+00:00
https://blog.123greetings.com/wedding-messages-to-congratulate-the-couple/,page,200,page,Congratulations to the Couple | Wedding Wishes & Messages,57,135,1,411,9,0,,,0,0,5,1,yes,2026-09-09T09:23:19+00:00,2026-09-09T09:52:27+00:00
https://blog.123greetings.com/wedding-messages-when-just-married/,page,200,page,Just Married Wishes: Sweet Messages for Newlyweds,49,131,1,332,9,0,,,0,0,5,1,yes,2026-09-09T08:23:53+00:00,2026-09-09T09:51:15+00:00
https://blog.123greetings.com/wedding-messages/,page,200,page,Wedding Wishes: Beautiful Messages for the Happy Couple,55,126,1,500,0,0,,,0,0,5,1,,2026-09-07T13:01:20+00:00,2026-09-16T12:35:32+00:00
https://blog.123greetings.com/what-to-write-in-a-card/,page,200,page,What to Write in a Card - Messages for Every Occasion.,54,121,1,396,0,0,,,0,0,0,665,,2026-06-18T05:37:25+00:00,2026-09-30T06:20:48+00:00
https://blog.123greetings.com/what-to-write-in-a-mothers-day-card-shell-actually-keep/,post,200,post,"What to Write in a Mother’s Day Card She’ll Actually Keep? - 123Greetings Blog - Free eCards, Card Message Ideas & What to Write in Any Greeting Card",149,115,1,1319,0,0,,,0,0,0,9,,2026-05-05T10:00:16+00:00,
https://blog.123greetings.com/wife-appreciation-day-messages/,page,200,page,"Wife Appreciation Day Messages, Wishes & Quotes",47,139,1,416,6,0,,,0,0,5,1,yes,2026-08-05T10:11:30+00:00,2026-08-05T10:23:42+00:00
https://blog.123greetings.com/womens-friendship-day-messages/,page,200,page,Women’s Friendship Day Messages & Wishes | 123Greetings,55,141,1,328,5,0,,,0,0,5,1,yes,2026-08-14T12:15:58+00:00,2026-08-14T12:22:53+00:00
https://blog.123greetings.com/work-anniversary-messages/,page,200,page,Work Anniversary Messages & Wishes,34,134,1,105,5,0,,,0,0,0,1,yes,2026-08-22T06:18:55+00:00,2026-08-22T08:24:51+00:00
https://blog.123greetings.com/working-parents-day/,page,200,page,"Working Parents Day Messages, Wishes & Quotes",45,139,2,301,5,0,,,0,0,5,1,yes,2026-08-03T12:10:10+00:00,2026-08-04T05:44:56+00:00
https://blog.123greetings.com/you-go-girl-day-messages/,page,200,page,"You Go Girl Day 2026: Inspiring Ideas, Wishes & Quotes",54,141,1,385,5,0,,,0,0,5,1,yes,2026-09-07T06:37:52+00:00,2026-09-07T06:54:29+00:00
